Plot Title:Chelseafarm,,
"Date Time, GMT-07:00","DO conc, mg/L (LGR S/N: 21429555, SEN S/N: 21429555)","Temp, °C (LGR S/N: 21429555, SEN S/N: 21429555)"
4/9/2023 14:22,8.6,21.9
4/9/2023 14:37,8.66,22.78
4/9/2023 14:52,8.79,22.58
4/9/2023 15:07,8.86,22.54
4/9/2023 15:22,8.9,22.86
4/9/2023 15:37,8.85,23.1
4/9/2023 15:52,8.81,23.28
4/9/2023 16:07,8.8,23.4
4/9/2023 16:22,8.81,23.46
4/9/2023 16:37,8.85,22.98
4/9/2023 16:52,8.83,22.12
4/9/2023 17:07,8.23,19.48
4/9/2023 17:22,11.47,10.06
4/9/2023 17:37,11.71,9.36
4/9/2023 17:52,11.84,9.28
4/9/2023 18:07,11.46,9.02
4/9/2023 18:22,11.38,9.02
4/9/2023 18:37,11.4,8.86
4/9/2023 18:52,11.3,9.08
4/9/2023 19:07,11.39,8.9
4/9/2023 19:22,11.39,9.16
4/9/2023 19:37,11.41,9
4/9/2023 19:52,11.4,9.14
4/9/2023 20:07,11.4,9.02
4/9/2023 20:22,11.4,9.06
4/9/2023 20:37,11.19,9.06
4/9/2023 20:52,11.23,9.02
4/9/2023 21:07,11.24,9.08
4/9/2023 21:22,11.45,9.06
4/9/2023 21:37,11.37,9.1
4/9/2023 21:52,11.33,9.1
4/9/2023 22:07,11.46,9.14
4/9/2023 22:22,11.13,9.16
4/9/2023 22:37,11.72,9.34
4/9/2023 22:52,11.7,9.3
4/9/2023 23:07,11.68,9.26
4/9/2023 23:22,11.65,9.26
4/9/2023 23:37,11.65,9.26
4/9/2023 23:52,11.6,9.28
4/10/2023 0:07,11.66,9.24
4/10/2023 0:22,11.68,9.26
4/10/2023 0:37,11.63,9.24
4/10/2023 0:52,11.4,9.24
4/10/2023 1:07,11.31,9.24
4/10/2023 1:22,11.51,9.22
4/10/2023 1:37,11.5,9.24
4/10/2023 1:52,11.46,9.22
4/10/2023 2:07,11.46,9.22
4/10/2023 2:22,11.53,9.2
4/10/2023 2:37,11.57,9.22
4/10/2023 2:52,11.47,9.2
4/10/2023 3:07,11.54,9.18
4/10/2023 3:22,11.57,9.2
4/10/2023 3:37,11.54,9.18
4/10/2023 3:52,11.46,9.16
4/10/2023 4:07,11.47,9.16
4/10/2023 4:22,11.62,9.18
4/10/2023 4:37,11.57,9.16
4/10/2023 4:52,11.52,9.18
4/10/2023 5:07,11.36,9.16
4/10/2023 5:22,11.54,9.14
4/10/2023 5:37,11.15,9.14
4/10/2023 5:52,11.39,9.12
4/10/2023 6:07,11.06,9.12
4/10/2023 6:22,11.39,9.1
4/10/2023 6:37,11.2,9.12
4/10/2023 6:52,11.44,9.08
4/10/2023 7:07,11.17,9.1
4/10/2023 7:22,11.28,9.08
4/10/2023 7:37,11.27,9.1
4/10/2023 7:52,11.11,9.12
4/10/2023 8:07,11.27,9.12
4/10/2023 8:22,11.31,9.14
4/10/2023 8:37,11.3,9.16
4/10/2023 8:52,11.36,9.18
4/10/2023 9:07,11.4,9.18
4/10/2023 9:22,11.33,9.18
4/10/2023 9:37,11.33,9.18
4/10/2023 9:52,11.3,9.18
4/10/2023 10:07,11.3,9.16
4/10/2023 10:22,11.29,9.14
4/10/2023 10:37,11.33,9.14
4/10/2023 10:52,11.26,9.16
4/10/2023 11:07,11.32,9.16
4/10/2023 11:22,11.25,9.22
4/10/2023 11:37,11.29,9.22
4/10/2023 11:52,11.2,9.22
4/10/2023 12:07,11.28,9.26
4/10/2023 12:22,11.8,9.38
4/10/2023 12:37,11.7,10.36
4/10/2023 12:52,11.51,11.44
4/10/2023 13:07,11.11,12.76
4/10/2023 13:22,10.94,12.08
4/10/2023 13:37,11.17,11.26
4/10/2023 13:52,11.29,10.9
4/10/2023 14:07,11.37,10.76
4/10/2023 14:22,11.36,11
4/10/2023 14:37,11.33,11.28
4/10/2023 14:52,11.27,11.56
4/10/2023 15:07,11.19,11.8
4/10/2023 15:22,11.15,11.98
4/10/2023 15:37,11.1,11.9
4/10/2023 15:52,11.11,11.76
4/10/2023 16:07,11.14,11.5
4/10/2023 16:22,11.25,11.2
4/10/2023 16:37,11.31,11.08
4/10/2023 16:52,11.36,11
4/10/2023 17:07,11.37,10.96
4/10/2023 17:22,11.32,10.92
4/10/2023 17:37,11.55,11.24
4/10/2023 17:52,11.39,12.16
4/10/2023 18:07,11.08,12.8
4/10/2023 18:22,11.02,13.06
4/10/2023 18:37,10.94,13.48
4/10/2023 18:52,10.79,13.7
4/10/2023 19:07,10.77,13.76
4/10/2023 19:22,10.74,13.68
4/10/2023 19:37,10.69,13.62
4/10/2023 19:52,10.88,14.02
4/10/2023 20:07,10.8,14.58
4/10/2023 20:22,10.75,15.2
4/10/2023 20:37,10.6,15.84
4/10/2023 20:52,10.48,16.38
4/10/2023 21:07,10.37,16.8
4/10/2023 21:22,10.26,17.18
4/10/2023 21:37,10.19,17.46
4/10/2023 21:52,10.13,17.7
4/10/2023 22:07,10.08,17.9
4/10/2023 22:22,10.02,18.04
4/10/2023 22:37,9.97,18.18
4/10/2023 22:52,9.96,18.3
4/10/2023 23:07,9.93,18.4
4/10/2023 23:22,9.89,18.48
4/10/2023 23:37,9.88,18.56
4/10/2023 23:52,9.86,18.62
4/11/2023 0:07,9.84,18.68
4/11/2023 0:22,9.84,18.72
4/11/2023 0:37,9.82,18.76
4/11/2023 0:52,9.83,18.8
4/11/2023 1:07,9.82,18.84
4/11/2023 1:22,9.82,18.86
4/11/2023 1:37,9.8,18.9
4/11/2023 1:52,9.78,18.92
4/11/2023 2:07,9.78,18.94
4/11/2023 2:22,9.81,18.98
4/11/2023 2:37,9.81,19
4/11/2023 2:52,9.82,19.04
4/11/2023 3:07,9.81,19.06
4/11/2023 3:22,9.81,19.06
4/11/2023 3:37,9.8,19.08
4/11/2023 3:52,9.78,19.08
4/11/2023 4:07,9.8,19.08
4/11/2023 4:22,9.78,19.1
4/11/2023 4:37,9.78,19.1
4/11/2023 4:52,9.78,19.08
4/11/2023 5:07,9.8,19.08
4/11/2023 5:22,9.78,19.08
4/11/2023 5:37,9.77,19.08
4/11/2023 5:52,9.78,19.08
4/11/2023 6:07,9.77,19.08
4/11/2023 6:22,9.78,19.08
4/11/2023 6:37,9.77,19.08
4/11/2023 6:52,9.77,19.08
4/11/2023 7:07,9.77,19.08
4/11/2023 7:22,9.77,19.08
4/11/2023 7:37,9.76,19.08
4/11/2023 7:52,9.8,19.1
4/11/2023 8:07,9.78,19.18
4/11/2023 8:22,9.77,19.24
4/11/2023 8:37,9.76,19.32
4/11/2023 8:52,9.73,19.38
4/11/2023 9:07,9.73,19.44
4/11/2023 9:22,9.67,19.44
4/11/2023 9:37,9.69,19.38
4/11/2023 9:52,9.71,19.36
4/11/2023 10:07,9.71,19.34
4/11/2023 10:22,9.73,19.36
4/11/2023 10:37,9.72,19.38
4/11/2023 10:52,9.73,19.42
4/11/2023 11:07,9.73,19.44
4/11/2023 11:22,9.72,19.44
4/11/2023 11:37,9.73,19.44
4/11/2023 11:52,9.52,19.48
4/11/2023 12:07,9.61,18.98
4/11/2023 12:22,9.67,18.74
4/11/2023 12:37,9.69,18.48
4/11/2023 12:52,10.02,17.98
4/11/2023 13:07,9.86,17.7
4/11/2023 13:22,10.24,16.94
4/11/2023 13:37,10.36,18.78
4/11/2023 13:52,9.74,20.1
4/11/2023 14:07,9.6,18.64
4/11/2023 14:22,9.84,17.26
4/11/2023 14:37,10.08,16.44
4/11/2023 14:52,10.22,16
4/11/2023 15:07,10.42,16.46
4/11/2023 15:22,10.19,16.58
4/11/2023 15:37,10.39,15.32
4/11/2023 15:52,10.43,14.3
4/11/2023 16:07,10.98,12.5
4/11/2023 16:22,-888.88,-888.88
4/11/2023 16:37,10.39,15.66
4/11/2023 16:52,10.84,13.94
4/11/2023 17:07,10.74,14.66
4/11/2023 17:22,10.28,16.26
4/11/2023 17:37,11.81,13.76
4/11/2023 17:52,13.83,10.42
4/11/2023 18:07,14.15,9.78
4/11/2023 18:22,14.02,9.44
4/11/2023 18:37,13.91,9.52
4/11/2023 18:52,13.81,9.46
4/11/2023 19:07,14.03,9.38
4/11/2023 19:22,13.85,9.18
4/11/2023 19:37,13.64,9.04
4/11/2023 19:52,13.52,9.04
4/11/2023 20:07,13.57,9.06
4/11/2023 20:22,13.75,9.14
4/11/2023 20:37,13.78,9.2
4/11/2023 20:52,13.57,9.24
4/11/2023 21:07,13.36,9.22
4/11/2023 21:22,13.28,9.32
4/11/2023 21:37,13.39,9.3
4/11/2023 21:52,13.4,9.14
4/11/2023 22:07,13.4,9.1
4/11/2023 22:22,13.46,9.1
4/11/2023 22:37,13.09,9.04
4/11/2023 22:52,12.95,8.94
4/11/2023 23:07,12.63,8.82
4/11/2023 23:22,12.58,8.78
4/11/2023 23:37,12.53,8.76
4/11/2023 23:52,12.8,8.76
4/12/2023 0:07,13.02,8.86
4/12/2023 0:22,12.67,8.86
4/12/2023 0:37,12.83,8.86
4/12/2023 0:52,12.35,8.84
4/12/2023 1:07,12.48,8.76
4/12/2023 1:22,12.5,8.76
4/12/2023 1:37,12.49,8.74
4/12/2023 1:52,12.34,8.74
4/12/2023 2:07,12.35,8.74
4/12/2023 2:22,12.41,8.74
4/12/2023 2:37,12.42,8.74
4/12/2023 2:52,12.43,8.74
4/12/2023 3:07,12.43,8.74
4/12/2023 3:22,12.38,8.74
4/12/2023 3:37,12.46,8.74
4/12/2023 3:52,12.49,8.72
4/12/2023 4:07,12.4,8.72
4/12/2023 4:22,12.49,8.72
4/12/2023 4:37,12.58,8.72
4/12/2023 4:52,12.36,8.72
4/12/2023 5:07,12.5,8.74
4/12/2023 5:22,12.73,8.76
4/12/2023 5:37,12.92,8.8
4/12/2023 5:52,12.92,8.8
4/12/2023 6:07,12.24,8.78
4/12/2023 6:22,11.6,8.76
4/12/2023 6:37,12.4,8.8
4/12/2023 6:52,12.45,8.8
4/12/2023 7:07,12.34,8.8
4/12/2023 7:22,11.86,8.76
4/12/2023 7:37,12.03,8.7
4/12/2023 7:52,12.2,8.68
4/12/2023 8:07,12.14,8.7
4/12/2023 8:22,11.9,8.72
4/12/2023 8:37,11.99,8.74
4/12/2023 8:52,12.12,8.74
4/12/2023 9:07,12.05,8.74
4/12/2023 9:22,12.25,8.74
4/12/2023 9:37,12.38,8.76
4/12/2023 9:52,12.45,8.78
4/12/2023 10:07,12.47,8.78
4/12/2023 10:22,12.58,8.82
4/12/2023 10:37,12.58,8.84
4/12/2023 10:52,12.74,8.9
4/12/2023 11:07,12.84,8.9
4/12/2023 11:22,12.9,8.92
4/12/2023 11:37,12.95,8.92
4/12/2023 11:52,13.02,8.94
4/12/2023 12:07,13.12,9.14
4/12/2023 12:22,13.24,9.36
4/12/2023 12:37,13.39,9.42
4/12/2023 12:52,13.42,9.58
4/12/2023 13:07,13.34,9.78
4/12/2023 13:22,13.44,9.86
4/12/2023 13:37,13.27,9.88
4/12/2023 13:52,13.39,9.88
4/12/2023 14:07,13.42,10.34
4/12/2023 14:22,13.4,10.68
4/12/2023 14:37,13.4,10.78
4/12/2023 14:52,13.4,11.16
4/12/2023 15:07,13.85,11.64
4/12/2023 15:22,13.44,12.22
4/12/2023 15:37,13.19,12.44
4/12/2023 15:52,10.76,12.02
4/12/2023 16:07,11.18,11.7
4/12/2023 16:22,11.32,10.62
4/12/2023 16:37,12.14,8.3
4/12/2023 16:52,12.28,7.88
4/12/2023 17:07,12.2,8.06
4/12/2023 17:22,12.14,8.08
4/12/2023 17:37,12.28,8.2
4/12/2023 17:52,11.69,10.32
4/12/2023 18:07,10.92,11.98
4/12/2023 18:22,11.8,10.78
4/12/2023 18:37,11.94,10.8
4/12/2023 18:52,12.97,10.6
4/12/2023 19:07,13.23,10.44
4/12/2023 19:22,12.85,10.42
4/12/2023 19:37,13.13,10.38
4/12/2023 19:52,13.27,9.92
4/12/2023 20:07,13.19,9.8
4/12/2023 20:22,13.39,9.82
4/12/2023 20:37,13.33,9.92
4/12/2023 20:52,13.44,10.14
4/12/2023 21:07,13.53,10.26
4/12/2023 21:22,13.25,9.82
4/12/2023 21:37,13.19,9.34
4/12/2023 21:52,13.23,9.14
4/12/2023 22:07,13.16,9.1
4/12/2023 22:22,13.24,9.06
4/12/2023 22:37,13.07,9.06
4/12/2023 22:52,13,9.06
4/12/2023 23:07,13.08,9.2
4/12/2023 23:22,13.13,9.4
4/12/2023 23:37,13.21,9.16
4/12/2023 23:52,13.21,9.08
4/13/2023 0:07,13.18,9.04
4/13/2023 0:22,13.09,9
4/13/2023 0:37,12.96,8.96
4/13/2023 0:52,12.88,8.9
4/13/2023 1:07,12.74,8.88
4/13/2023 1:22,12.49,8.86
4/13/2023 1:37,12.59,8.82
4/13/2023 1:52,12.49,8.84
4/13/2023 2:07,12.55,8.84
4/13/2023 2:22,12.58,8.8
4/13/2023 2:37,12.53,8.82
4/13/2023 2:52,12.56,8.8
4/13/2023 3:07,12.38,8.76
4/13/2023 3:22,12.31,8.76
4/13/2023 3:37,12.87,8.8
4/13/2023 3:52,13.03,8.88
4/13/2023 4:07,13.01,8.96
4/13/2023 4:22,13.09,8.98
4/13/2023 4:37,13.14,8.96
4/13/2023 4:52,13.11,8.94
4/13/2023 5:07,13.1,8.94
4/13/2023 5:22,13.06,8.94
4/13/2023 5:37,13.05,8.9
4/13/2023 5:52,13.01,8.86
4/13/2023 6:07,12.93,8.86
4/13/2023 6:22,12.84,8.92
4/13/2023 6:37,13.08,8.92
4/13/2023 6:52,13.13,9
4/13/2023 7:07,13.22,9.04
4/13/2023 7:22,13.1,9.04
4/13/2023 7:37,13.22,9.08
4/13/2023 7:52,13.22,9.1
4/13/2023 8:07,11.92,8.94
4/13/2023 8:22,12.22,8.84
4/13/2023 8:37,11.91,8.84
4/13/2023 8:52,12.24,8.78
4/13/2023 9:07,11.99,8.82
4/13/2023 9:22,11.96,8.82
4/13/2023 9:37,11.5,8.82
4/13/2023 9:52,12.17,8.88
4/13/2023 10:07,12.11,8.94
4/13/2023 10:22,12.21,8.96
4/13/2023 10:37,12.34,8.98
4/13/2023 10:52,12.58,8.96
4/13/2023 11:07,12.63,8.94
4/13/2023 11:22,12.76,8.88
4/13/2023 11:37,12.66,8.88
4/13/2023 11:52,12.51,8.94
4/13/2023 12:07,12.84,8.96
4/13/2023 12:22,12.93,9
4/13/2023 12:37,13,9.08
4/13/2023 12:52,12.9,9.08
4/13/2023 13:07,12.99,9.06
4/13/2023 13:22,13.14,9.12
4/13/2023 13:37,13.38,9.36
4/13/2023 13:52,13.44,9.38
4/13/2023 14:07,13.46,9.44
4/13/2023 14:22,13.48,9.5
4/13/2023 14:37,13.49,9.54
4/13/2023 14:52,13.41,9.54
4/13/2023 15:07,13.5,9.34
4/13/2023 15:22,13.37,9.5
4/13/2023 15:37,13.49,9.52
4/13/2023 15:52,13.58,9.52
4/13/2023 16:07,13.76,9.76
4/13/2023 16:22,13.48,10.14
4/13/2023 16:37,13.36,10.3
4/13/2023 16:52,13.73,10.86
4/13/2023 17:07,12.82,10.62
4/13/2023 17:22,11.73,8.6
4/13/2023 17:37,12.01,7.88
4/13/2023 17:52,12.31,7.28
4/13/2023 18:07,12.37,7.34
4/13/2023 18:22,12.27,7.66
4/13/2023 18:37,12.3,7.42
4/13/2023 18:52,12.42,7.28
4/13/2023 19:07,12.42,7.26
4/13/2023 19:22,13.81,7.64
4/13/2023 19:37,13.6,9.44
4/13/2023 19:52,14.43,9.42
4/13/2023 20:07,14.79,9.42
4/13/2023 20:22,13.98,9.4
4/13/2023 20:37,13.64,9.3
4/13/2023 20:52,13.39,9.32
4/13/2023 21:07,13.54,9.28
4/13/2023 21:22,13.63,9.26
4/13/2023 21:37,13.83,9.38
4/13/2023 21:52,13.63,9.34
4/13/2023 22:07,13.76,9.4
4/13/2023 22:22,13.77,9.38
4/13/2023 22:37,13.7,9.4
4/13/2023 22:52,13.59,9.38
4/13/2023 23:07,13.5,9.36
4/13/2023 23:22,13.52,9.34
4/13/2023 23:37,13.53,9.3
4/13/2023 23:52,13.55,9.24
4/14/2023 0:07,13.39,9.18
4/14/2023 0:22,13.22,9.14
4/14/2023 0:37,13.11,9.12
4/14/2023 0:52,12.72,8.96
4/14/2023 1:07,12.77,8.9
4/14/2023 1:22,12.64,8.86
4/14/2023 1:37,12.56,8.84
4/14/2023 1:52,12.63,8.84
4/14/2023 2:07,12.55,8.82
4/14/2023 2:22,12.5,8.8
4/14/2023 2:37,12.49,8.8
4/14/2023 2:52,12.18,8.74
4/14/2023 3:07,12.27,8.74
4/14/2023 3:22,12.28,8.74
4/14/2023 3:37,12.23,8.74
4/14/2023 3:52,12.28,8.74
4/14/2023 4:07,12.22,8.74
4/14/2023 4:22,12.19,8.74
4/14/2023 4:37,12.22,8.74
4/14/2023 4:52,12.29,8.74
4/14/2023 5:07,12.36,8.74
4/14/2023 5:22,12.37,8.76
4/14/2023 5:37,12.37,8.76
4/14/2023 5:52,12.37,8.76
4/14/2023 6:07,12.33,8.76
4/14/2023 6:22,12.33,8.78
4/14/2023 6:37,12.48,8.8
4/14/2023 6:52,12.99,8.88
4/14/2023 7:07,13.06,8.9
4/14/2023 7:22,13.26,8.98
4/14/2023 7:37,13.34,9.06
4/14/2023 7:52,13.32,9.08
4/14/2023 8:07,13.27,9.08
4/14/2023 8:22,13.08,9.06
4/14/2023 8:37,12.9,9.04
4/14/2023 8:52,13.64,9.14
4/14/2023 9:07,12.67,9.14
4/14/2023 9:22,13.13,9.1
4/14/2023 9:37,12.43,9.06
4/14/2023 9:52,12.23,8.96
4/14/2023 10:07,12.16,8.9
4/14/2023 10:22,12.05,8.8
4/14/2023 10:37,12.11,8.78
4/14/2023 10:52,12.18,8.76
4/14/2023 11:07,12.14,8.76
4/14/2023 11:22,12.15,8.76
4/14/2023 11:37,12.25,8.8
4/14/2023 11:52,12.2,8.88
4/14/2023 12:07,12.5,8.98
4/14/2023 12:22,12.82,8.96
4/14/2023 12:37,12.93,9.04
4/14/2023 12:52,13.01,9.14
4/14/2023 13:07,13.09,9.28
4/14/2023 13:22,13.52,9.32
4/14/2023 13:37,13.6,9.26
4/14/2023 13:52,13.68,9.26
4/14/2023 14:07,13.98,9.34
4/14/2023 14:22,14.04,9.38
4/14/2023 14:37,14.1,9.42
4/14/2023 14:52,14.07,9.44
4/14/2023 15:07,14.3,9.54
4/14/2023 15:22,14.45,9.86
4/14/2023 15:37,14.25,10.58
4/14/2023 15:52,14,10.78
4/14/2023 16:07,14.62,10.86
4/14/2023 16:22,14.51,10.62
4/14/2023 16:37,14.4,10.88
4/14/2023 16:52,14.09,11.26
4/14/2023 17:07,13.76,11.4
4/14/2023 17:22,13.68,11.46
4/14/2023 17:37,13.73,11.46
4/14/2023 17:52,13.6,11.58
4/14/2023 18:07,12.75,11.68
4/14/2023 18:22,12.62,11.86
4/14/2023 18:37,11.38,11.18
4/14/2023 18:52,11.04,11.26
4/14/2023 19:07,11.27,10.86
4/14/2023 19:22,11.49,10.2
4/14/2023 19:37,11.76,9.5
4/14/2023 19:52,11.95,8.86
4/14/2023 20:07,12.15,8.26
4/14/2023 20:22,12.31,7.82
4/14/2023 20:37,14.15,9.22
4/14/2023 20:52,13.42,10.82
4/14/2023 21:07,13.32,11.02
4/14/2023 21:22,13.22,11
4/14/2023 21:37,12.87,10.96
4/14/2023 21:52,12.98,10.9
4/14/2023 22:07,13.13,10.8
4/14/2023 22:22,13.31,10.68
4/14/2023 22:37,13.54,10.5
4/14/2023 22:52,13.54,10.34
4/14/2023 23:07,13.62,10.08
4/14/2023 23:22,13.61,9.88
4/14/2023 23:37,13.55,9.62
4/14/2023 23:52,13.57,9.44
4/15/2023 0:07,13.58,9.38
4/15/2023 0:22,13.53,9.34
4/15/2023 0:37,13.49,9.28
4/15/2023 0:52,13.41,9.26
4/15/2023 1:07,13.35,9.22
4/15/2023 1:22,13.45,9.3
4/15/2023 1:37,13.54,9.3
4/15/2023 1:52,13.52,9.24
4/15/2023 2:07,13.49,9.22
4/15/2023 2:22,13.4,9.18
4/15/2023 2:37,13.39,9.14
4/15/2023 2:52,13.26,9.08
4/15/2023 3:07,13.24,9.04
4/15/2023 3:22,13.06,9
4/15/2023 3:37,13.08,8.96
4/15/2023 3:52,13.1,8.96
4/15/2023 4:07,13.06,8.94
4/15/2023 4:22,12.92,8.94
4/15/2023 4:37,12.95,8.92
4/15/2023 4:52,12.87,8.9
4/15/2023 5:07,12.72,8.88
4/15/2023 5:22,12.66,8.86
4/15/2023 5:37,12.59,8.86
4/15/2023 5:52,12.53,8.84
4/15/2023 6:07,12.55,8.84
4/15/2023 6:22,12.59,8.84
4/15/2023 6:37,12.57,8.84
4/15/2023 6:52,12.57,8.86
4/15/2023 7:07,12.6,8.88
4/15/2023 7:22,12.6,8.9
4/15/2023 7:37,12.57,8.9
4/15/2023 7:52,12.76,8.92
4/15/2023 8:07,13.38,9.06
4/15/2023 8:22,13.76,9.24
4/15/2023 8:37,14.24,9.44
4/15/2023 8:52,14.44,9.56
4/15/2023 9:07,14.52,9.62
4/15/2023 9:22,14.6,9.64
4/15/2023 9:37,14.87,9.76
4/15/2023 9:52,14.92,9.76
4/15/2023 10:07,14.97,9.78
4/15/2023 10:22,14.74,9.72
4/15/2023 10:37,14.97,9.8
4/15/2023 10:52,15.04,9.84
4/15/2023 11:07,14.81,9.82
4/15/2023 11:22,14.63,9.76
4/15/2023 11:37,13.55,9.56
4/15/2023 11:52,12.56,9.08
4/15/2023 12:07,12.32,9.08
4/15/2023 12:22,12.96,9.22
4/15/2023 12:37,12.96,9.16
4/15/2023 12:52,12.55,9.06
4/15/2023 13:07,12.89,9.04
4/15/2023 13:22,12.7,9.04
4/15/2023 13:37,12.45,9.04
4/15/2023 13:52,12.55,9.08
4/15/2023 14:07,12.72,9.1
4/15/2023 14:22,12.59,9.12
4/15/2023 14:37,13.12,9.14
4/15/2023 14:52,13.38,9.12
4/15/2023 15:07,13.53,9.14
4/15/2023 15:22,13.74,9.16
4/15/2023 15:37,13.79,9.16
4/15/2023 15:52,13.85,9.14
4/15/2023 16:07,14.17,9.22
4/15/2023 16:22,14.43,9.36
4/15/2023 16:37,14.51,9.4
4/15/2023 16:52,15.06,9.4
4/15/2023 17:07,14.87,9.46
4/15/2023 17:22,14.87,9.9
4/15/2023 17:37,14.63,10.5
4/15/2023 17:52,14.67,10.58
4/15/2023 18:07,14.62,10.5
4/15/2023 18:22,14.51,10.48
4/15/2023 18:37,14.4,10.48
4/15/2023 18:52,14.2,10.5
4/15/2023 19:07,13.97,10.54
4/15/2023 19:22,14.31,10.52
4/15/2023 19:37,14.29,10.5
4/15/2023 19:52,14.17,10.44
4/15/2023 20:07,11.7,9.46
4/15/2023 20:22,11.89,8.84
4/15/2023 20:37,11.99,8.56
4/15/2023 20:52,12.03,8.48
4/15/2023 21:07,12.04,8.4
4/15/2023 21:22,12.07,8.36
4/15/2023 21:37,14.3,8.28
4/15/2023 21:52,13.45,10.14
4/15/2023 22:07,13.76,10.42
4/15/2023 22:22,13.94,10.44
4/15/2023 22:37,14.04,10.28
4/15/2023 22:52,14.02,10.24
4/15/2023 23:07,14,10.2
4/15/2023 23:22,14.19,10.26
4/15/2023 23:37,14.11,10.04
4/15/2023 23:52,14.22,9.56
4/16/2023 0:07,14.19,9.76
4/16/2023 0:22,14.06,9.98
4/16/2023 0:37,14.35,9.9
4/16/2023 0:52,14.4,9.8
4/16/2023 1:07,14.27,9.66
4/16/2023 1:22,14.04,9.58
4/16/2023 1:37,13.78,9.46
4/16/2023 1:52,13.7,9.4
4/16/2023 2:07,13.55,9.34
4/16/2023 2:22,13.32,9.3
4/16/2023 2:37,13.4,9.2
4/16/2023 2:52,13.27,9.18
4/16/2023 3:07,13.41,9.16
4/16/2023 3:22,12.93,9.08
4/16/2023 3:37,12.74,9.04
4/16/2023 3:52,12.97,9.12
4/16/2023 4:07,13.22,9.08
4/16/2023 4:22,13.08,9.06
4/16/2023 4:37,12.99,9.02
4/16/2023 4:52,12.83,9
4/16/2023 5:07,12.81,8.96
4/16/2023 5:22,12.8,8.96
4/16/2023 5:37,12.86,8.96
4/16/2023 5:52,12.89,8.96
4/16/2023 6:07,12.81,8.94
4/16/2023 6:22,12.76,8.94
4/16/2023 6:37,12.73,8.92
4/16/2023 6:52,12.73,8.94
4/16/2023 7:07,12.71,8.94
4/16/2023 7:22,12.74,8.96
4/16/2023 7:37,13.42,9.1
4/16/2023 7:52,13.54,9.3
4/16/2023 8:07,13.74,9.4
4/16/2023 8:22,13.67,9.42
4/16/2023 8:37,13.72,9.44
4/16/2023 8:52,13.75,9.46
4/16/2023 9:07,13.7,9.48
4/16/2023 9:22,13.75,9.5
4/16/2023 9:37,13.73,9.48
4/16/2023 9:52,13.74,9.48
4/16/2023 10:07,13.74,9.46
4/16/2023 10:22,13.7,9.46
4/16/2023 10:37,13.71,9.46
4/16/2023 10:52,13.73,9.46
4/16/2023 11:07,13.18,9.36
4/16/2023 11:22,12.95,9.24
4/16/2023 11:37,13.13,9.22
4/16/2023 11:52,12.9,9.2
4/16/2023 12:07,12.87,9.04
4/16/2023 12:22,12.9,8.98
4/16/2023 12:37,12.68,8.92
4/16/2023 12:52,12.61,8.94
4/16/2023 13:07,12.56,9
4/16/2023 13:22,12.48,9
4/16/2023 13:37,12.62,9.04
4/16/2023 13:52,12.54,9.04
4/16/2023 14:07,12.7,9.08
4/16/2023 14:22,12.83,9.18
4/16/2023 14:37,13.1,9.2
4/16/2023 14:52,13.15,9.2
4/16/2023 15:07,13.5,9.3
4/16/2023 15:22,13.59,9.32
4/16/2023 15:37,13.83,9.28
4/16/2023 15:52,13.58,9.3
4/16/2023 16:07,13.35,9.32
4/16/2023 16:22,13.36,9.3
4/16/2023 16:37,13.2,9.32
4/16/2023 16:52,13.39,9.3
4/16/2023 17:07,13.51,9.28
4/16/2023 17:22,13.58,9.3
4/16/2023 17:37,13.65,9.32
4/16/2023 17:52,13.76,9.3
4/16/2023 18:07,13.81,9.32
4/16/2023 18:22,13.89,9.32
4/16/2023 18:37,13.87,9.36
4/16/2023 18:52,13.86,9.34
4/16/2023 19:07,13.63,9.36
4/16/2023 19:22,13.61,9.36
4/16/2023 19:37,13.64,9.36
4/16/2023 19:52,13.68,9.36
4/16/2023 20:07,13.63,9.36
4/16/2023 20:22,13.48,9.32
4/16/2023 20:37,13.23,9.24
4/16/2023 20:52,13.79,9.18
4/16/2023 21:07,14.75,9.18
4/16/2023 21:22,14.8,9.24
4/16/2023 21:37,14.67,8.78
4/16/2023 21:52,14.28,8.48
4/16/2023 22:07,13.52,8.1
4/16/2023 22:22,13.85,8.58
4/16/2023 22:37,14.19,8.96
4/16/2023 22:52,14.53,9.26
4/16/2023 23:07,14.84,9.36
4/16/2023 23:22,15.27,9.44
4/16/2023 23:37,15.15,9.54
4/16/2023 23:52,15.04,9.54
4/17/2023 0:07,14.13,9.42
4/17/2023 0:22,13.77,9.32
4/17/2023 0:37,13.32,9.28
4/17/2023 0:52,13.55,9.3
4/17/2023 1:07,13.54,9.3
4/17/2023 1:22,13.58,9.28
4/17/2023 1:37,13.77,9.3
4/17/2023 1:52,13.39,9.18
4/17/2023 2:07,12.84,9.02
4/17/2023 2:22,13.47,9.16
4/17/2023 2:37,13.6,9.2
4/17/2023 2:52,13.9,9.24
4/17/2023 3:07,13.36,9.24
4/17/2023 3:22,13.32,9.24
4/17/2023 3:37,13.79,9.26
4/17/2023 3:52,13.72,9.26
4/17/2023 4:07,13.6,9.28
4/17/2023 4:22,13.83,9.26
4/17/2023 4:37,13.73,9.26
4/17/2023 4:52,12.89,9.14
4/17/2023 5:07,12.74,9.06
4/17/2023 5:22,12.62,9.02
4/17/2023 5:37,12.6,9.02
4/17/2023 5:52,12.66,9.02
4/17/2023 6:07,12.63,9
4/17/2023 6:22,12.55,9
4/17/2023 6:37,12.57,9
4/17/2023 6:52,12.58,9.02
4/17/2023 7:07,12.74,9.04
4/17/2023 7:22,13.37,9.06
4/17/2023 7:37,13.86,9.08
4/17/2023 7:52,14.17,9.12
4/17/2023 8:07,14.17,9.14
4/17/2023 8:22,13.92,9.14
4/17/2023 8:37,13.48,9.12
4/17/2023 8:52,13.6,9.12
4/17/2023 9:07,14.06,9.14
4/17/2023 9:22,14.56,9.16
4/17/2023 9:37,14.76,9.2
4/17/2023 9:52,14.97,9.26
4/17/2023 10:07,15.16,9.28
4/17/2023 10:22,15.19,9.32
4/17/2023 10:37,15.22,9.34
4/17/2023 10:52,15.14,9.36
4/17/2023 11:07,14.95,9.36
4/17/2023 11:22,14.69,9.34
4/17/2023 11:37,14.5,9.3
4/17/2023 11:52,15.2,9.28
4/17/2023 12:07,15.39,9.3
4/17/2023 12:22,15.29,9.3
4/17/2023 12:37,15.33,9.28
4/17/2023 12:52,15.16,9.28
4/17/2023 13:07,14.74,9.26
4/17/2023 13:22,15.01,9.3
4/17/2023 13:37,15.25,9.28
4/17/2023 13:52,15.48,9.3
4/17/2023 14:07,15.42,9.32
4/17/2023 14:22,14.61,9.28
4/17/2023 14:37,14.61,9.28
4/17/2023 14:52,14.86,9.28
4/17/2023 15:07,13.66,9.14
4/17/2023 15:22,13.86,9.16
4/17/2023 15:37,13.67,9.18
4/17/2023 15:52,13.44,9.12
4/17/2023 16:07,13.34,9.08
4/17/2023 16:22,13.75,9.1
4/17/2023 16:37,13.62,9.16
4/17/2023 16:52,13.45,9.14
4/17/2023 17:07,13.46,9.14
4/17/2023 17:22,13.46,9.14
4/17/2023 17:37,13.42,9.14
4/17/2023 17:52,13.55,9.14
4/17/2023 18:07,13.5,9.16
4/17/2023 18:22,13.71,9.12
4/17/2023 18:37,13.66,9.12
4/17/2023 18:52,13.46,9.1
4/17/2023 19:07,13.57,9.1
4/17/2023 19:22,13.7,9.12
4/17/2023 19:37,13.86,9.1
4/17/2023 19:52,14.04,9.1
4/17/2023 20:07,14.18,9.12
4/17/2023 20:22,14.36,9.14
4/17/2023 20:37,14.39,9.16
4/17/2023 20:52,14.48,9.16
4/17/2023 21:07,14.51,9.16
4/17/2023 21:22,14.53,9.16
4/17/2023 21:37,14.48,9.16
4/17/2023 21:52,14.43,9.14
4/17/2023 22:07,14.28,9.12
4/17/2023 22:22,13.74,9.06
4/17/2023 22:37,13.45,9.02
4/17/2023 22:52,13.14,8.96
4/17/2023 23:07,12.67,8.88
4/17/2023 23:22,13.47,8.9
4/17/2023 23:37,13.83,8.96
4/17/2023 23:52,13.79,8.88
4/18/2023 0:07,13.45,8.94
4/18/2023 0:22,14.14,8.96
4/18/2023 0:37,13.77,8.94
4/18/2023 0:52,13.59,8.94
4/18/2023 1:07,13.4,8.94
4/18/2023 1:22,13.23,8.92
4/18/2023 1:37,13.35,8.9
4/18/2023 1:52,13.44,8.9
4/18/2023 2:07,13.38,8.88
4/18/2023 2:22,13.22,8.86
4/18/2023 2:37,13.28,8.82
4/18/2023 2:52,12.18,8.86
4/18/2023 3:07,12.43,8.86
4/18/2023 3:22,13.54,8.9
4/18/2023 3:37,13.84,8.94
4/18/2023 3:52,14.02,8.96
4/18/2023 4:07,14,8.96
4/18/2023 4:22,13.85,8.96
4/18/2023 4:37,13.65,8.94
4/18/2023 4:52,13.41,8.9
4/18/2023 5:07,13.38,8.92
4/18/2023 5:22,13.28,8.92
4/18/2023 5:37,13.07,8.94
4/18/2023 5:52,12.73,8.92
4/18/2023 6:07,12.58,8.92
4/18/2023 6:22,12.45,8.88
4/18/2023 6:37,12.48,8.88
4/18/2023 6:52,12.45,8.88
4/18/2023 7:07,12.54,8.9
4/18/2023 7:22,12.55,8.88
4/18/2023 7:37,12.58,8.88
4/18/2023 7:52,12.71,8.86
4/18/2023 8:07,12.76,8.84
4/18/2023 8:22,12.93,8.84
4/18/2023 8:37,13.01,8.84
4/18/2023 8:52,13.12,8.86
4/18/2023 9:07,13.21,8.88
4/18/2023 9:22,13.24,8.86
4/18/2023 9:37,13.39,8.88
4/18/2023 9:52,13.21,8.94
4/18/2023 10:07,13.48,8.94
4/18/2023 10:22,13.18,8.94
4/18/2023 10:37,13.21,8.94
4/18/2023 10:52,13.37,9.06
4/18/2023 11:07,13.53,9.12
4/18/2023 11:22,13.22,9.12
4/18/2023 11:37,13.06,9.2
4/18/2023 11:52,12.67,9.26
4/18/2023 12:07,12.55,9.3
4/18/2023 12:22,12.2,9.42
4/18/2023 12:37,12.17,9.5
4/18/2023 12:52,12.99,9.38
4/18/2023 13:07,13.05,9.3
4/18/2023 13:22,13.05,9.32
4/18/2023 13:37,13.26,9.2
4/18/2023 13:52,13.37,9.12
4/18/2023 14:07,12.98,9.04
4/18/2023 14:22,12.93,9.02
4/18/2023 14:37,12.76,8.94
4/18/2023 14:52,12.76,8.94
4/18/2023 15:07,12.73,8.96
4/18/2023 15:22,13.02,9
4/18/2023 15:37,12.98,9.04
4/18/2023 15:52,13.62,9.1
4/18/2023 16:07,12.49,8.92
4/18/2023 16:22,13.72,9.04
4/18/2023 16:37,13.84,9.08
4/18/2023 16:52,13.77,9.06
4/18/2023 17:07,13.67,9.04
4/18/2023 17:22,13.52,9
4/18/2023 17:37,13.67,9
4/18/2023 17:52,13.83,9
4/18/2023 18:07,13.91,9.02
4/18/2023 18:22,13.99,9.04
4/18/2023 18:37,13.96,9.04
4/18/2023 18:52,13.72,8.98
4/18/2023 19:07,13.89,8.96
4/18/2023 19:22,12.66,8.9
4/18/2023 19:37,12.56,8.84
4/18/2023 19:52,12.59,8.84
4/18/2023 20:07,12.92,8.86
4/18/2023 20:22,13.34,8.94
4/18/2023 20:37,13.5,8.96
4/18/2023 20:52,13.61,8.96
4/18/2023 21:07,13.81,8.98
4/18/2023 21:22,13.85,9
4/18/2023 21:37,14.01,8.96
4/18/2023 21:52,13.93,8.96
4/18/2023 22:07,13.93,8.94
4/18/2023 22:22,13.76,8.92
4/18/2023 22:37,13.74,8.92
4/18/2023 22:52,13.32,8.92
4/18/2023 23:07,13.11,8.88
4/18/2023 23:22,12.82,8.86
4/18/2023 23:37,12.71,8.86
4/18/2023 23:52,12.8,8.88
4/19/2023 0:07,12.55,8.86
4/19/2023 0:22,14.07,8.86
4/19/2023 0:37,14,8.86
4/19/2023 0:52,14.07,8.86
4/19/2023 1:07,14.16,8.86
4/19/2023 1:22,14.25,8.88
4/19/2023 1:37,13.79,8.88
4/19/2023 1:52,13.68,8.86
4/19/2023 2:07,13.64,8.86
4/19/2023 2:22,12.51,8.82
4/19/2023 2:37,12.41,8.8
4/19/2023 2:52,12.47,8.8
4/19/2023 3:07,12.76,8.8
4/19/2023 3:22,13.07,8.82
4/19/2023 3:37,12.93,8.82
4/19/2023 3:52,12.83,8.82
4/19/2023 4:07,13.57,8.8
4/19/2023 4:22,12.29,8.78
4/19/2023 4:37,12.22,8.76
4/19/2023 4:52,12.5,8.78
4/19/2023 5:07,12.72,8.82
4/19/2023 5:22,12.88,8.82
4/19/2023 5:37,13.45,8.82
4/19/2023 5:52,13.48,8.8
4/19/2023 6:07,13.48,8.8
4/19/2023 6:22,13.68,8.8
4/19/2023 6:37,13.72,8.8
4/19/2023 6:52,13.68,8.8
4/19/2023 7:07,13.47,8.82
4/19/2023 7:22,12.92,8.82
4/19/2023 7:37,12.88,8.82
4/19/2023 7:52,13.07,8.8
4/19/2023 8:07,13.21,8.82
4/19/2023 8:22,13.2,8.82
4/19/2023 8:37,13.38,8.84
4/19/2023 8:52,13.54,8.84
4/19/2023 9:07,13.71,8.84
4/19/2023 9:22,13.78,8.86
4/19/2023 9:37,13.81,8.9
4/19/2023 9:52,13.65,8.94
4/19/2023 10:07,13.55,9.02
4/19/2023 10:22,13.42,9.1
4/19/2023 10:37,13.4,9.14
4/19/2023 10:52,13.52,9.32
4/19/2023 11:07,13.73,9.46
4/19/2023 11:22,13.03,10.06
4/19/2023 11:37,12.12,10.5
4/19/2023 11:52,11.68,10.82
4/19/2023 12:07,11.62,10.08
4/19/2023 12:22,11.78,8.66
4/19/2023 12:37,11.97,8.26
4/19/2023 12:52,13.09,8.94
4/19/2023 13:07,13.34,10.1
4/19/2023 13:22,13.6,10.04
4/19/2023 13:37,14.24,9.88
4/19/2023 13:52,14.65,9.4
4/19/2023 14:07,15.06,9.38
4/19/2023 14:22,13.7,9.16
4/19/2023 14:37,13.28,9.04
4/19/2023 14:52,13.02,9.06
4/19/2023 15:07,12.77,8.92
4/19/2023 15:22,12.82,8.94
4/19/2023 15:37,13.39,9.02
4/19/2023 15:52,13.83,9.06
4/19/2023 16:07,13.55,9.12
4/19/2023 16:22,13.67,9
4/19/2023 16:37,13.05,8.88
4/19/2023 16:52,12.31,8.78
4/19/2023 17:07,12.37,8.78
4/19/2023 17:22,13.78,9.02
4/19/2023 17:37,13.67,8.98
4/19/2023 17:52,12.94,8.9
4/19/2023 18:07,12.77,8.86
4/19/2023 18:22,13.1,8.9
4/19/2023 18:37,13.55,8.98
4/19/2023 18:52,13.38,8.96
4/19/2023 19:07,13.26,8.92
4/19/2023 19:22,12.97,8.86
4/19/2023 19:37,12.84,8.84
4/19/2023 19:52,12.88,8.82
4/19/2023 20:07,12.72,8.8
4/19/2023 20:22,12.71,8.8
4/19/2023 20:37,12.74,8.8
4/19/2023 20:52,12.63,8.78
4/19/2023 21:07,12.56,8.78
4/19/2023 21:22,12.49,8.78
4/19/2023 21:37,12.72,8.82
4/19/2023 21:52,13.03,8.86
4/19/2023 22:07,13.26,8.86
4/19/2023 22:22,13.49,8.88
4/19/2023 22:37,13.52,8.86
4/19/2023 22:52,13.74,8.84
4/19/2023 23:07,13.89,8.82
4/19/2023 23:22,13.85,8.84
4/19/2023 23:37,13.92,8.84
4/19/2023 23:52,13.86,8.82
4/20/2023 0:07,14,8.8
4/20/2023 0:22,13.83,8.74
4/20/2023 0:37,14.49,8.76
4/20/2023 0:52,14.41,8.78
4/20/2023 1:07,14.56,8.76
4/20/2023 1:22,14.63,8.76
4/20/2023 1:37,14.44,8.8
4/20/2023 1:52,14.33,8.76
4/20/2023 2:07,14.54,8.82
4/20/2023 2:22,12.81,8.8
4/20/2023 2:37,12.23,8.76
4/20/2023 2:52,11.98,8.74
4/20/2023 3:07,12.16,8.74
4/20/2023 3:22,12.28,8.74
4/20/2023 3:37,12.31,8.74
4/20/2023 3:52,12.16,8.74
4/20/2023 4:07,12.18,8.74
4/20/2023 4:22,12.12,8.72
4/20/2023 4:37,12.25,8.74
4/20/2023 4:52,12.46,8.74
4/20/2023 5:07,12.44,8.76
4/20/2023 5:22,12.49,8.76
4/20/2023 5:37,12.62,8.76
4/20/2023 5:52,12.24,8.76
4/20/2023 6:07,12.3,8.76
4/20/2023 6:22,12.36,8.74
4/20/2023 6:37,12.32,8.74
4/20/2023 6:52,12.81,8.72
4/20/2023 7:07,13.26,8.7
4/20/2023 7:22,13.45,8.66
4/20/2023 7:37,13.6,8.64
4/20/2023 7:52,13.66,8.66
4/20/2023 8:07,13.61,8.66
4/20/2023 8:22,13.64,8.66
4/20/2023 8:37,13.37,8.64
4/20/2023 8:52,13.45,8.62
4/20/2023 9:07,13.49,8.64
4/20/2023 9:22,13.73,8.66
4/20/2023 9:37,13.83,8.7
4/20/2023 9:52,13.87,8.68
4/20/2023 10:07,14.28,8.68
4/20/2023 10:22,14.31,8.68
4/20/2023 10:37,14.33,8.68
4/20/2023 10:52,14.3,8.68
4/20/2023 11:07,14.33,8.66
4/20/2023 11:22,14.22,8.66
4/20/2023 11:37,14.11,8.68
4/20/2023 11:52,12.47,6.94
4/20/2023 12:07,12.85,6.02
4/20/2023 12:22,12.88,6.06
4/20/2023 12:37,12.76,6.32
4/20/2023 12:52,12.84,6.32
4/20/2023 13:07,12.84,6.26
4/20/2023 13:22,12.8,6.34
4/20/2023 13:37,12.81,6.4
4/20/2023 13:52,12.74,6.4
4/20/2023 14:07,12.81,7.46
4/20/2023 14:22,11.85,9.04
4/20/2023 14:37,12.07,9.06
4/20/2023 14:52,14.86,8.86
4/20/2023 15:07,14.92,8.84
4/20/2023 15:22,14.84,8.82
4/20/2023 15:37,15.02,8.84
4/20/2023 15:52,15.03,8.82
4/20/2023 16:07,15.02,8.84
4/20/2023 16:22,15.21,8.84
4/20/2023 16:37,15.12,8.84
4/20/2023 16:52,14.19,8.82
4/20/2023 17:07,14.41,8.78
4/20/2023 17:22,14.45,8.78
4/20/2023 17:37,14.51,8.8
4/20/2023 17:52,14.5,8.8
4/20/2023 18:07,14.55,8.82
4/20/2023 18:22,14.49,8.8
4/20/2023 18:37,14.55,8.78
4/20/2023 18:52,12.63,8.72
4/20/2023 19:07,12.41,8.68
4/20/2023 19:22,12.63,8.68
4/20/2023 19:37,13.38,8.74
4/20/2023 19:52,13.13,8.74
4/20/2023 20:07,13.01,8.74
4/20/2023 20:22,12.85,8.74
4/20/2023 20:37,12.56,8.68
4/20/2023 20:52,12.45,8.66
4/20/2023 21:07,12.34,8.64
4/20/2023 21:22,12.38,8.64
4/20/2023 21:37,12.36,8.64
4/20/2023 21:52,12.32,8.66
4/20/2023 22:07,12.32,8.66
4/20/2023 22:22,12.34,8.66
4/20/2023 22:37,12.32,8.66
4/20/2023 22:52,12.3,8.68
4/20/2023 23:07,12.35,8.68
4/20/2023 23:22,12.43,8.68
4/20/2023 23:37,12.76,8.68
4/20/2023 23:52,13.06,8.68
4/21/2023 0:07,13.41,8.68
4/21/2023 0:22,13.42,8.68
4/21/2023 0:37,13.38,8.68
4/21/2023 0:52,13.57,8.66
4/21/2023 1:07,13.52,8.64
4/21/2023 1:22,13.78,8.62
4/21/2023 1:37,13.63,8.6
4/21/2023 1:52,13.8,8.62
4/21/2023 2:07,13.5,8.62
4/21/2023 2:22,12.98,8.62
4/21/2023 2:37,12.6,8.56
4/21/2023 2:52,12.43,8.58
4/21/2023 3:07,12.35,8.64
4/21/2023 3:22,12.08,8.64
4/21/2023 3:37,12.08,8.64
4/21/2023 3:52,12.18,8.64
4/21/2023 4:07,12.29,8.64
4/21/2023 4:22,12.32,8.64
4/21/2023 4:37,12.21,8.64
4/21/2023 4:52,12.43,8.64
4/21/2023 5:07,12.48,8.64
4/21/2023 5:22,12.09,8.64
4/21/2023 5:37,12.4,8.62
4/21/2023 5:52,11.88,8.62
4/21/2023 6:07,11.54,8.64
4/21/2023 6:22,11.84,8.66
4/21/2023 6:37,11.85,8.66
4/21/2023 6:52,11.89,8.66
4/21/2023 7:07,11.91,8.66
4/21/2023 7:22,12.04,8.66
4/21/2023 7:37,12.42,8.64
4/21/2023 7:52,12.59,8.62
4/21/2023 8:07,12.51,8.64
4/21/2023 8:22,12.59,8.64
4/21/2023 8:37,12.72,8.64
4/21/2023 8:52,12.92,8.64
4/21/2023 9:07,13.31,8.62
4/21/2023 9:22,13.51,8.62
4/21/2023 9:37,13.63,8.64
4/21/2023 9:52,13.74,8.66
4/21/2023 10:07,13.84,8.68
4/21/2023 10:22,13.93,8.7
4/21/2023 10:37,14.02,8.72
4/21/2023 10:52,13.96,8.74
4/21/2023 11:07,13.89,8.8
4/21/2023 11:22,13.86,8.86
4/21/2023 11:37,14,8.92
4/21/2023 11:52,13.84,9.06
4/21/2023 12:07,12.98,9.42
4/21/2023 12:22,11.47,10.22
4/21/2023 12:37,11.49,10.26
4/21/2023 12:52,11.85,9.76
4/21/2023 13:07,11.45,11.34
4/21/2023 13:22,10.93,12.54
4/21/2023 13:37,11.01,12.22
4/21/2023 13:52,11.2,11.98
4/21/2023 14:07,11.26,11.96
4/21/2023 14:22,11.2,12.36
4/21/2023 14:37,11.11,12.3
4/21/2023 14:52,11.25,11.92
4/21/2023 15:07,14.07,10.76
4/21/2023 15:22,14.97,9.68
4/21/2023 15:37,14.93,9.5
4/21/2023 15:52,15.01,9.4
4/21/2023 16:07,14.77,9.1
4/21/2023 16:22,14.68,9.02
4/21/2023 16:37,14.48,8.96
4/21/2023 16:52,14.41,8.94
4/21/2023 17:07,14.69,9.04
4/21/2023 17:22,14.81,9.02
4/21/2023 17:37,14.48,8.96
4/21/2023 17:52,14.79,9.08
4/21/2023 18:07,14.41,9.04
4/21/2023 18:22,13.88,8.92
4/21/2023 18:37,14.35,8.96
4/21/2023 18:52,14.63,9
4/21/2023 19:07,14.63,8.98
4/21/2023 19:22,13.31,8.84
4/21/2023 19:37,13.06,8.74
4/21/2023 19:52,12.76,8.7
4/21/2023 20:07,13.32,8.76
4/21/2023 20:22,13.91,8.78
4/21/2023 20:37,13.64,8.74
4/21/2023 20:52,13.1,8.7
4/21/2023 21:07,12.93,8.68
4/21/2023 21:22,12.86,8.68
4/21/2023 21:37,12.76,8.68
4/21/2023 21:52,12.73,8.68
4/21/2023 22:07,12.73,8.68
4/21/2023 22:22,12.7,8.68
4/21/2023 22:37,12.66,8.68
4/21/2023 22:52,12.66,8.68
4/21/2023 23:07,12.63,8.68
4/21/2023 23:22,12.64,8.66
4/21/2023 23:37,12.61,8.66
4/21/2023 23:52,12.61,8.66
4/22/2023 0:07,12.55,8.66
4/22/2023 0:22,12.54,8.66
4/22/2023 0:37,12.53,8.66
4/22/2023 0:52,12.48,8.68
4/22/2023 1:07,12.44,8.68
4/22/2023 1:22,12.28,8.68
4/22/2023 1:37,12.05,8.66
4/22/2023 1:52,11.88,8.66
4/22/2023 2:07,11.57,8.66
4/22/2023 2:22,11.32,8.68
4/22/2023 2:37,11.64,8.68
4/22/2023 2:52,11.79,8.7
4/22/2023 3:07,12.25,8.74
4/22/2023 3:22,12.58,8.72
4/22/2023 3:37,12.33,8.7
4/22/2023 3:52,12.35,8.68
4/22/2023 4:07,12.2,8.66
4/22/2023 4:22,12.06,8.66
4/22/2023 4:37,12.12,8.66
4/22/2023 4:52,12.06,8.66
4/22/2023 5:07,11.97,8.66
4/22/2023 5:22,11.96,8.66
4/22/2023 5:37,11.6,8.66
4/22/2023 5:52,11.52,8.66
4/22/2023 6:07,11.98,8.66
4/22/2023 6:22,11.63,8.66
4/22/2023 6:37,11.98,8.66
4/22/2023 6:52,11.99,8.66
4/22/2023 7:07,11.9,8.66
4/22/2023 7:22,11.98,8.66
4/22/2023 7:37,11.93,8.66
4/22/2023 7:52,11.96,8.66
4/22/2023 8:07,12.02,8.68
4/22/2023 8:22,12.12,8.7
4/22/2023 8:37,12.09,8.68
4/22/2023 8:52,12.24,8.68
4/22/2023 9:07,12.29,8.68
4/22/2023 9:22,12.36,8.68
4/22/2023 9:37,12.53,8.7
4/22/2023 9:52,12.74,8.7
4/22/2023 10:07,12.8,8.72
4/22/2023 10:22,12.82,8.72
4/22/2023 10:37,12.86,8.72
4/22/2023 10:52,13.09,8.76
4/22/2023 11:07,13.55,8.84
4/22/2023 11:22,14.02,8.92
4/22/2023 11:37,14.15,9
4/22/2023 11:52,14.18,9.08
4/22/2023 12:07,14.32,9.16
4/22/2023 12:22,14.26,9.34
4/22/2023 12:37,13.01,10.02
4/22/2023 12:52,10.93,12.76
4/22/2023 13:07,10.71,13.5
4/22/2023 13:22,10.54,13.88
4/22/2023 13:37,10.58,13.88
4/22/2023 13:52,10.51,14.5
4/22/2023 14:07,10.28,15.8
4/22/2023 14:22,9.98,17.48
4/22/2023 14:37,9.78,17.94
4/22/2023 14:52,9.8,17.74
4/22/2023 15:07,9.83,17.76
4/22/2023 15:22,9.82,18.46
4/22/2023 15:37,8.46,19.34
4/22/2023 15:52,14.09,12.28
4/22/2023 16:07,14.82,11.34
4/22/2023 16:22,14.83,10.78
4/22/2023 16:37,15.54,9.74
4/22/2023 16:52,15.54,9.42
4/22/2023 17:07,14.96,9.9
4/22/2023 17:22,14.86,9.82
4/22/2023 17:37,14.67,9.54
4/22/2023 17:52,14.29,9.16
4/22/2023 18:07,14.48,9.16
4/22/2023 18:22,14.18,9.08
4/22/2023 18:37,13.94,9.04
4/22/2023 18:52,13.85,9.04
4/22/2023 19:07,13.79,9.08
4/22/2023 19:22,13.57,9.06
4/22/2023 19:37,14.1,9.02
4/22/2023 19:52,12.49,8.92
4/22/2023 20:07,13.08,8.88
4/22/2023 20:22,12.58,8.86
4/22/2023 20:37,12.97,8.88
4/22/2023 20:52,13.62,8.88
4/22/2023 21:07,13.01,8.82
4/22/2023 21:22,12.73,8.78
4/22/2023 21:37,12.59,8.78
4/22/2023 21:52,12.46,8.78
4/22/2023 22:07,12.48,8.78
4/22/2023 22:22,12.5,8.78
4/22/2023 22:37,12.4,8.78
4/22/2023 22:52,12.47,8.78
4/22/2023 23:07,12.46,8.78
4/22/2023 23:22,12.49,8.78
4/22/2023 23:37,12.45,8.78
4/22/2023 23:52,12.48,8.76
4/23/2023 0:07,12.48,8.78
4/23/2023 0:22,12.49,8.78
4/23/2023 0:37,12.41,8.78
4/23/2023 0:52,12.36,8.78
4/23/2023 1:07,12.36,8.78
4/23/2023 1:22,12.45,8.78
4/23/2023 1:37,12.44,8.78
4/23/2023 1:52,12.61,8.78
4/23/2023 2:07,12.66,8.78
4/23/2023 2:22,13.39,8.9
4/23/2023 2:37,13.1,8.96
4/23/2023 2:52,13.18,9.04
4/23/2023 3:07,13.09,9.06
4/23/2023 3:22,12.95,9.06
4/23/2023 3:37,12.97,9.06
4/23/2023 3:52,12.22,8.98
4/23/2023 4:07,12.06,8.82
4/23/2023 4:22,11.99,8.8
4/23/2023 4:37,12.19,8.8
4/23/2023 4:52,12.18,8.78
4/23/2023 5:07,12.16,8.78
4/23/2023 5:22,12.12,8.78
4/23/2023 5:37,12.06,8.76
4/23/2023 5:52,12.03,8.76
4/23/2023 6:07,12.09,8.76
4/23/2023 6:22,12.07,8.76
4/23/2023 6:37,11.98,8.76
4/23/2023 6:52,11.95,8.76
4/23/2023 7:07,11.78,8.76
4/23/2023 7:22,11.51,8.76
4/23/2023 7:37,11.51,8.76
4/23/2023 7:52,11.5,8.78
4/23/2023 8:07,11.91,8.78
4/23/2023 8:22,11.8,8.78
4/23/2023 8:37,11.77,8.8
4/23/2023 8:52,12.2,8.8
4/23/2023 9:07,12.55,8.82
4/23/2023 9:22,12.69,8.84
4/23/2023 9:37,12.73,8.86
4/23/2023 9:52,12.89,8.88
4/23/2023 10:07,13,8.9
4/23/2023 10:22,13,8.96
4/23/2023 10:37,13,9.02
4/23/2023 10:52,12.97,9.04
4/23/2023 11:07,12.95,9.06
4/23/2023 11:22,12.97,9.06
4/23/2023 11:37,13.35,9.1
4/23/2023 11:52,13.32,9.16
4/23/2023 12:07,13.63,9.18
4/23/2023 12:22,13.65,9.18
4/23/2023 12:37,13.68,9.24
4/23/2023 12:52,13.65,9.42
4/23/2023 13:07,13.59,9.88
4/23/2023 13:22,12.49,10.52
4/23/2023 13:37,11.26,10.2
4/23/2023 13:52,11.46,10.14
4/23/2023 14:07,11.41,10.44
4/23/2023 14:22,11.37,10.92
4/23/2023 14:37,11.28,11.2
4/23/2023 14:52,11.39,10.94
4/23/2023 15:07,11.29,11.06
4/23/2023 15:22,11.38,11
4/23/2023 15:37,11.37,11.12
4/23/2023 15:52,11.38,10.66
4/23/2023 16:07,11.51,9.88
4/23/2023 16:22,14.35,9.96
4/23/2023 16:37,13.64,9.92
4/23/2023 16:52,14.18,9.94
4/23/2023 17:07,14.99,9.68
4/23/2023 17:22,13.8,9.46
4/23/2023 17:37,13.63,9.34
4/23/2023 17:52,13.61,9.26
4/23/2023 18:07,13.57,9.3
4/23/2023 18:22,13.77,9.32
4/23/2023 18:37,13.6,9.14
4/23/2023 18:52,13.15,9.02
4/23/2023 19:07,12.79,8.9
4/23/2023 19:22,12.48,8.84
4/23/2023 19:37,12.96,9
4/23/2023 19:52,12.55,9.02
4/23/2023 20:07,13.42,9.08
4/23/2023 20:22,13.68,9.16
4/23/2023 20:37,14.09,9.22
4/23/2023 20:52,13.97,9.28
4/23/2023 21:07,12.95,9.18
4/23/2023 21:22,13.1,9.04
4/23/2023 21:37,12.55,8.98
4/23/2023 21:52,12.49,8.94
4/23/2023 22:07,12.38,8.94
4/23/2023 22:22,13.26,9.02
4/23/2023 22:37,12.42,8.98
4/23/2023 22:52,12.8,9
4/23/2023 23:07,12.76,8.98
4/23/2023 23:22,12.76,8.96
4/23/2023 23:37,12.68,8.94
4/23/2023 23:52,12.62,8.94
4/24/2023 0:07,12.48,8.92
4/24/2023 0:22,12.59,8.92
4/24/2023 0:37,12.55,8.92
4/24/2023 0:52,12.72,8.94
4/24/2023 1:07,12.74,8.94
4/24/2023 1:22,12.63,8.94
4/24/2023 1:37,12.64,8.96
4/24/2023 1:52,12.49,8.96
4/24/2023 2:07,12.49,8.94
4/24/2023 2:22,12.58,8.94
4/24/2023 2:37,13.42,9.06
4/24/2023 2:52,13.6,9.12
4/24/2023 3:07,13.64,9.14
4/24/2023 3:22,13.79,9.16
4/24/2023 3:37,13.88,9.18
4/24/2023 3:52,13.67,9.18
4/24/2023 4:07,13.76,9.18
4/24/2023 4:22,13.7,9.16
4/24/2023 4:37,13.49,9.16
4/24/2023 4:52,12.84,9.12
4/24/2023 5:07,12.01,9.06
4/24/2023 5:22,12.21,9.02
4/24/2023 5:37,12.12,8.96
4/24/2023 5:52,12.16,8.92
4/24/2023 6:07,12.14,8.9
4/24/2023 6:22,11.96,8.9
4/24/2023 6:37,11.76,8.9
4/24/2023 6:52,11.98,8.88
4/24/2023 7:07,12.02,8.88
4/24/2023 7:22,11.79,8.9
4/24/2023 7:37,11.85,8.94
4/24/2023 7:52,12.07,8.94
4/24/2023 8:07,12.02,8.94
4/24/2023 8:22,12.01,8.94
4/24/2023 8:37,11.94,8.96
4/24/2023 8:52,11.98,8.98
4/24/2023 9:07,12.08,8.98
4/24/2023 9:22,12.35,9.02
4/24/2023 9:37,12.44,9.04
4/24/2023 9:52,12.57,9.04
4/24/2023 10:07,12.74,9.02
4/24/2023 10:22,12.81,9.04
4/24/2023 10:37,12.97,9.08
4/24/2023 10:52,13.14,9.1
4/24/2023 11:07,13.47,9.24
4/24/2023 11:22,13.76,9.36
4/24/2023 11:37,13.86,9.46
4/24/2023 11:52,13.9,9.6
4/24/2023 12:07,13.97,9.72
4/24/2023 12:22,13.91,9.88
4/24/2023 12:37,13.89,10.04
4/24/2023 12:52,14,10.28
4/24/2023 13:07,14.3,10.46
4/24/2023 13:22,14.06,11.22
4/24/2023 13:37,13.72,11.52
4/24/2023 13:52,13.31,12.38
4/24/2023 14:07,10.76,12.6
4/24/2023 14:22,10.45,14.64
4/24/2023 14:37,10.54,14.76
4/24/2023 14:52,10.54,15.46
4/24/2023 15:07,10.1,17.16
4/24/2023 15:22,10.25,16.44
4/24/2023 15:37,10.02,16.78
4/24/2023 15:52,10.22,17.1
4/24/2023 16:07,9.9,17.76
4/24/2023 16:22,10.04,17.88
4/24/2023 16:37,9.61,18.9
4/24/2023 16:52,10.8,18.12
4/24/2023 17:07,13.88,13.2
4/24/2023 17:22,14.23,12.08
4/24/2023 17:37,14.92,10.88
4/24/2023 17:52,15.31,10.34
4/24/2023 18:07,14.77,9.72
4/24/2023 18:22,14.88,9.74
4/24/2023 18:37,15.22,9.84
4/24/2023 18:52,15.41,9.92
4/24/2023 19:07,15.38,9.9
4/24/2023 19:22,15.04,9.7
4/24/2023 19:37,15.35,9.7
4/24/2023 19:52,15.28,9.8
4/24/2023 20:07,15.26,9.86
4/24/2023 20:22,13.83,9.86
4/24/2023 20:37,14.63,10.1
4/24/2023 20:52,14.04,10.04
4/24/2023 21:07,14.45,9.98
4/24/2023 21:22,14.56,9.96
4/24/2023 21:37,14.12,9.94
4/24/2023 21:52,13.45,9.36
4/24/2023 22:07,13.02,9.2
4/24/2023 22:22,13.84,9.3
4/24/2023 22:37,14.12,9.44
4/24/2023 22:52,13.2,9.32
4/24/2023 23:07,13.31,9.22
4/24/2023 23:22,13.03,9.18
4/24/2023 23:37,13.06,9.14
4/24/2023 23:52,12.8,9.1
4/25/2023 0:07,12.28,9.08
4/25/2023 0:22,12.31,9.06
4/25/2023 0:37,12.61,9.04
4/25/2023 0:52,12.62,9.04
4/25/2023 1:07,12.57,9.04
4/25/2023 1:22,12.5,9.06
4/25/2023 1:37,12.36,9.06
4/25/2023 1:52,12.46,9.08
4/25/2023 2:07,12.48,9.08
4/25/2023 2:22,12.48,9.08
4/25/2023 2:37,12.55,9.08
4/25/2023 2:52,12.34,9.06
4/25/2023 3:07,12.33,9.06
4/25/2023 3:22,12.33,9.06
4/25/2023 3:37,12.44,9.06
4/25/2023 3:52,12.55,9.08
4/25/2023 4:07,12.42,9.08
4/25/2023 4:22,12.35,9.08
4/25/2023 4:37,13.15,9.02
4/25/2023 4:52,13.46,9.1
4/25/2023 5:07,12.81,9.1
4/25/2023 5:22,13.89,9.2
4/25/2023 5:37,15.09,9.44
4/25/2023 5:52,15.33,9.46
4/25/2023 6:07,15.53,9.52
4/25/2023 6:22,12.44,9.46
4/25/2023 6:37,11.8,9.12
4/25/2023 6:52,11.69,9.06
4/25/2023 7:07,11.78,9.04
4/25/2023 7:22,11.62,9.06
4/25/2023 7:37,11.95,9.12
4/25/2023 7:52,12.01,9.1
4/25/2023 8:07,12.03,9.1
4/25/2023 8:22,12.2,9.1
4/25/2023 8:37,12.46,9.12
4/25/2023 8:52,12.4,9.12
4/25/2023 9:07,12.5,9.12
4/25/2023 9:22,12.7,9.16
4/25/2023 9:37,12.89,9.16
4/25/2023 9:52,13.01,9.18
4/25/2023 10:07,13.39,9.16
4/25/2023 10:22,15.52,9.34
4/25/2023 10:37,15.7,9.54
4/25/2023 10:52,15.08,9.56
4/25/2023 11:07,14.44,9.46
4/25/2023 11:22,14.56,9.44
4/25/2023 11:37,15.06,9.56
4/25/2023 11:52,15.78,9.9
4/25/2023 12:07,15.82,10.1
4/25/2023 12:22,15.94,10.46
4/25/2023 12:37,15.96,10.74
4/25/2023 12:52,15.88,11.04
4/25/2023 13:07,15.85,11.44
4/25/2023 13:22,15.97,11.66
4/25/2023 13:37,16.05,12.02
4/25/2023 13:52,14.77,12.14
4/25/2023 14:07,14.7,12.3
4/25/2023 14:22,14.79,12.52
4/25/2023 14:37,15,14.04
4/25/2023 14:52,10.38,14.62
4/25/2023 15:07,10.49,15.38
4/25/2023 15:22,10.17,16.62
4/25/2023 15:37,10.1,17.82
4/25/2023 15:52,9.97,18.4
4/25/2023 16:07,9.82,19.58
4/25/2023 16:22,9.8,20
4/25/2023 16:37,9.6,20.84
4/25/2023 16:52,9.47,21.76
4/25/2023 17:07,9.63,20.02
4/25/2023 17:22,13.53,17.82
4/25/2023 17:37,15.52,13.74
4/25/2023 17:52,15.86,13.14
4/25/2023 18:07,15.9,13.08
4/25/2023 18:22,15.56,13.2
4/25/2023 18:37,16.23,12.84
4/25/2023 18:52,16.13,12.76
4/25/2023 19:07,15.86,12.42
4/25/2023 19:22,15.73,12.2
4/25/2023 19:37,16.88,11.12
4/25/2023 19:52,17.36,10.54
4/25/2023 20:07,16.71,10.18
4/25/2023 20:22,16.17,10
4/25/2023 20:37,15.59,9.9
4/25/2023 20:52,15.49,9.8
4/25/2023 21:07,15.6,9.7
4/25/2023 21:22,15.32,9.76
4/25/2023 21:37,15.32,9.94
4/25/2023 21:52,14.81,9.98
4/25/2023 22:07,14.7,9.62
4/25/2023 22:22,14.46,9.62
4/25/2023 22:37,14.82,9.68
4/25/2023 22:52,15.03,9.74
4/25/2023 23:07,15,9.64
4/25/2023 23:22,14.77,9.56
4/25/2023 23:37,14.55,9.48
4/25/2023 23:52,14.35,9.42
4/26/2023 0:07,14.19,9.4
4/26/2023 0:22,13.93,9.34
4/26/2023 0:37,13.83,9.32
4/26/2023 0:52,13.67,9.3
4/26/2023 1:07,13.54,9.28
4/26/2023 1:22,13.05,9.26
4/26/2023 1:37,13.25,9.24
4/26/2023 1:52,13.28,9.24
4/26/2023 2:07,13.15,9.2
4/26/2023 2:22,13.26,9.2
4/26/2023 2:37,13.26,9.18
4/26/2023 2:52,13.18,9.16
4/26/2023 3:07,13.23,9.16
4/26/2023 3:22,13.19,9.16
4/26/2023 3:37,13.16,9.16
4/26/2023 3:52,13.07,9.16
4/26/2023 4:07,13.02,9.16
4/26/2023 4:22,13.14,9.16
4/26/2023 4:37,13.18,9.16
4/26/2023 4:52,13.19,9.16
4/26/2023 5:07,13.03,9.16
4/26/2023 5:22,13.03,9.12
4/26/2023 5:37,13.23,9.12
4/26/2023 5:52,13.18,9.14
4/26/2023 6:07,13.57,9.22
4/26/2023 6:22,13.9,9.28
4/26/2023 6:37,13.97,9.34
4/26/2023 6:52,13.96,9.36
4/26/2023 7:07,14.02,9.4
4/26/2023 7:22,13.86,9.4
4/26/2023 7:37,12.2,9.2
4/26/2023 7:52,12.18,9.12
4/26/2023 8:07,11.9,9.1
4/26/2023 8:22,12.94,9.24
4/26/2023 8:37,12.55,9.2
4/26/2023 8:52,12.75,9.2
4/26/2023 9:07,12.76,9.18
4/26/2023 9:22,12.46,9.16
4/26/2023 9:37,12.62,9.14
4/26/2023 9:52,12.86,9.14
4/26/2023 10:07,13.02,9.14
4/26/2023 10:22,13.19,9.18
4/26/2023 10:37,13.29,9.16
4/26/2023 10:52,13.16,9.2
4/26/2023 11:07,13.63,9.4
4/26/2023 11:22,14.99,9.92
4/26/2023 11:37,14.79,10.04
4/26/2023 11:52,14.91,10.14
4/26/2023 12:07,15.03,10.18
4/26/2023 12:22,15.03,10.22
4/26/2023 12:37,15.45,10.42
4/26/2023 12:52,15.62,10.9
4/26/2023 13:07,15.96,11.28
4/26/2023 13:22,16.86,11.68
4/26/2023 13:37,16.68,12.42
4/26/2023 13:52,16.6,12.96
4/26/2023 14:07,16.36,13.2
4/26/2023 14:22,16.19,13.28
4/26/2023 14:37,16.27,13.5
4/26/2023 14:52,16.34,13.68
4/26/2023 15:07,16.69,13.66
4/26/2023 15:22,16.51,13.84
4/26/2023 15:37,15.73,14.32
4/26/2023 15:52,14.52,15.24
4/26/2023 16:07,9.96,16.56
4/26/2023 16:22,9.62,18.96
4/26/2023 16:37,9.42,21.12
4/26/2023 16:52,9.18,22.04
4/26/2023 17:07,9.2,22.6
4/26/2023 17:22,9.09,22.38
4/26/2023 17:37,11.76,22.24
4/26/2023 17:52,14.46,16.36
4/26/2023 18:07,15.55,14.54
4/26/2023 18:22,15.67,14.14
4/26/2023 18:37,15.44,14
4/26/2023 18:52,15.74,13.68
4/26/2023 19:07,16.09,13.04
4/26/2023 19:22,15.77,13.14
4/26/2023 19:37,16.4,12.98
4/26/2023 19:52,16.07,13.18
4/26/2023 20:07,16.25,13.16
4/26/2023 20:22,16.61,12.62
4/26/2023 20:37,16.73,12.26
4/26/2023 20:52,16.76,11.72
4/26/2023 21:07,16.53,10.88
4/26/2023 21:22,16.48,10.54
4/26/2023 21:37,16.05,10.32
4/26/2023 21:52,15.99,10.18
4/26/2023 22:07,15.7,10.06
4/26/2023 22:22,15.73,9.96
4/26/2023 22:37,15.65,9.92
4/26/2023 22:52,15.65,9.86
4/26/2023 23:07,15.49,9.96
4/26/2023 23:22,15.77,10
4/26/2023 23:37,15.92,9.94
4/26/2023 23:52,15.81,9.88
4/27/2023 0:07,15.84,9.84
4/27/2023 0:22,15.03,9.68
4/27/2023 0:37,14.78,9.58
4/27/2023 0:52,14.61,9.5
4/27/2023 1:07,14.55,9.48
4/27/2023 1:22,14.33,9.46
4/27/2023 1:37,14.27,9.4
4/27/2023 1:52,14.4,9.38
4/27/2023 2:07,14.43,9.42
4/27/2023 2:22,14.42,9.42
4/27/2023 2:37,14.4,9.38
4/27/2023 2:52,14.4,9.38
4/27/2023 3:07,14.42,9.38
4/27/2023 3:22,14.29,9.36
4/27/2023 3:37,14.2,9.38
4/27/2023 3:52,14.15,9.36
4/27/2023 4:07,14.01,9.36
4/27/2023 4:22,14,9.32
4/27/2023 4:37,13.97,9.32
4/27/2023 4:52,14.65,9.38
4/27/2023 5:07,14.99,9.54
4/27/2023 5:22,15.35,9.74
4/27/2023 5:37,15.38,9.84
4/27/2023 5:52,15.33,9.9
4/27/2023 6:07,15.48,10.02
4/27/2023 6:22,15.73,10.2
4/27/2023 6:37,15.85,10.46
4/27/2023 6:52,15.79,10.6
4/27/2023 7:07,15.57,10.66
4/27/2023 7:22,15.29,10.44
4/27/2023 7:37,15.98,10.52
4/27/2023 7:52,14.32,10.46
4/27/2023 8:07,13.01,10
4/27/2023 8:22,12.44,9.88
4/27/2023 8:37,14.39,10.02
4/27/2023 8:52,12.59,9.88
4/27/2023 9:07,12.69,9.82
4/27/2023 9:22,12.7,9.74
4/27/2023 9:37,13.23,9.7
4/27/2023 9:52,14.58,9.7
4/27/2023 10:07,14.75,9.78
4/27/2023 10:22,14.71,9.84
4/27/2023 10:37,14.76,9.88
4/27/2023 10:52,16.61,10.16
4/27/2023 11:07,16.31,10.68
4/27/2023 11:22,16.25,11.26
4/27/2023 11:37,16.9,11.56
4/27/2023 11:52,16.79,12.06
4/27/2023 12:07,16.84,12.24
4/27/2023 12:22,17.23,12.48
4/27/2023 12:37,17.15,12.68
4/27/2023 12:52,17.12,12.76
4/27/2023 13:07,17.21,12.88
4/27/2023 13:22,16.88,13.14
4/27/2023 13:37,16.91,13.34
4/27/2023 13:52,16.58,13.56
4/27/2023 14:07,16.43,13.78
4/27/2023 14:22,15.73,14.54
4/27/2023 14:37,15.88,14.92
4/27/2023 14:52,15.92,14.96
4/27/2023 15:07,15.91,15.04
4/27/2023 15:22,16.17,15.14
4/27/2023 15:37,15.98,15.38
4/27/2023 15:52,16.27,15.36
4/27/2023 16:07,15.62,15.4
4/27/2023 16:22,15.74,15.48
4/27/2023 16:37,15.2,15.64
4/27/2023 16:52,14.82,15.92
4/27/2023 17:07,15,16.12
4/27/2023 17:22,14.81,16.32
4/27/2023 17:37,14.77,16.46
4/27/2023 17:52,14.66,16.46
4/27/2023 18:07,14.79,16.38
4/27/2023 18:22,14.86,16.16
4/27/2023 18:37,15.28,15.84
4/27/2023 18:52,15.54,15.36
4/27/2023 19:07,15.32,15.38
4/27/2023 19:22,15.07,15.44
4/27/2023 19:37,14.82,15.34
4/27/2023 19:52,15.17,15.1
4/27/2023 20:07,14.93,14.92
4/27/2023 20:22,15.26,14.8
4/27/2023 20:37,15.25,14.58
4/27/2023 20:52,15.66,14.08
4/27/2023 21:07,15.14,14
4/27/2023 21:22,16.26,13.56
4/27/2023 21:37,16.78,13.06
4/27/2023 21:52,17.13,12.1
4/27/2023 22:07,16.98,11.66
4/27/2023 22:22,16.57,11.24
4/27/2023 22:37,16.62,10.96
4/27/2023 22:52,16.7,10.84
4/27/2023 23:07,16.72,10.7
4/27/2023 23:22,16.5,10.54
4/27/2023 23:37,16.71,10.44
4/27/2023 23:52,16.39,10.4
4/28/2023 0:07,15.84,10.2
4/28/2023 0:22,15.41,10.04
4/28/2023 0:37,14.51,9.76
4/28/2023 0:52,12.03,9.7
4/28/2023 1:07,12.9,9.64
4/28/2023 1:22,12.27,9.6
4/28/2023 1:37,14.68,9.52
4/28/2023 1:52,13.74,9.44
4/28/2023 2:07,14.24,9.42
4/28/2023 2:22,13.75,9.4
4/28/2023 2:37,13.86,9.36
4/28/2023 2:52,13.94,9.38
4/28/2023 3:07,14.6,9.38
4/28/2023 3:22,14.25,9.4
4/28/2023 3:37,14.2,9.42
4/28/2023 3:52,14.55,9.44
4/28/2023 4:07,14.58,9.46
4/28/2023 4:22,15.2,9.56
4/28/2023 4:37,15.84,9.66
4/28/2023 4:52,16.2,9.82
4/28/2023 5:07,16.22,9.92
4/28/2023 5:22,16.46,10.06
4/28/2023 5:37,16.3,10.18
4/28/2023 5:52,16.13,10.28
4/28/2023 6:07,15.86,10.4
4/28/2023 6:22,15.83,10.52
4/28/2023 6:37,15.73,10.64
4/28/2023 6:52,15.67,10.72
4/28/2023 7:07,15.73,10.82
4/28/2023 7:22,15.73,10.96
4/28/2023 7:37,15.04,10.84
4/28/2023 7:52,13.45,10.64
4/28/2023 8:07,12.7,10.04
4/28/2023 8:22,13.72,10.56
4/28/2023 8:37,14.52,10.52
4/28/2023 8:52,15,10.48
4/28/2023 9:07,15.86,11.32
4/28/2023 9:22,14.78,10.94
4/28/2023 9:37,15.23,10.58
4/28/2023 9:52,15.36,10.12
4/28/2023 10:07,15.58,10.04
4/28/2023 10:22,15.57,9.92
4/28/2023 10:37,15.39,9.96
4/28/2023 10:52,15.17,10.14
4/28/2023 11:07,16.68,10.44
4/28/2023 11:22,16.04,10.54
4/28/2023 11:37,15.08,10.42
4/28/2023 11:52,16.33,10.46
4/28/2023 12:07,16.42,10.56
4/28/2023 12:22,16.74,10.68
4/28/2023 12:37,16.56,10.84
4/28/2023 12:52,15.52,10.94
4/28/2023 13:07,16.01,10.98
4/28/2023 13:22,16.49,11.1
4/28/2023 13:37,17.47,11.12
4/28/2023 13:52,16.39,11.36
4/28/2023 14:07,16.77,11.92
4/28/2023 14:22,16.61,13.08
4/28/2023 14:37,16.97,14
4/28/2023 14:52,17.13,14.42
4/28/2023 15:07,16.92,14.6
4/28/2023 15:22,17.11,14.62
4/28/2023 15:37,17.34,14.5
4/28/2023 15:52,16.06,13.44
4/28/2023 16:07,16.66,13.98
4/28/2023 16:22,17.04,14.18
4/28/2023 16:37,16.7,14.1
4/28/2023 16:52,16.24,13.74
4/28/2023 17:07,15.91,13.8
4/28/2023 17:22,16.35,13.66
4/28/2023 17:37,16.21,13.94
4/28/2023 17:52,15.96,15.1
4/28/2023 18:07,16.1,15.56
4/28/2023 18:22,16.01,15.62
4/28/2023 18:37,15.92,15.58
4/28/2023 18:52,15.29,17.3
4/28/2023 19:07,14.96,17.84
4/28/2023 19:22,14.19,17.7
4/28/2023 19:37,14.69,17.3
4/28/2023 19:52,14.43,17.66
4/28/2023 20:07,13.73,17.36
4/28/2023 20:22,13.23,16.94
4/28/2023 20:37,15.42,14.58
4/28/2023 20:52,16.04,14.62
4/28/2023 21:07,15.95,14.06
4/28/2023 21:22,16.6,12.78
4/28/2023 21:37,16.94,12.14
4/28/2023 21:52,16.68,12.16
4/28/2023 22:07,16.43,12.54
4/28/2023 22:22,17.55,11.96
4/28/2023 22:37,17.03,13.56
4/28/2023 22:52,17.69,12.18
4/28/2023 23:07,17.57,11.72
4/28/2023 23:22,18.27,11.06
4/28/2023 23:37,18.74,10.76
4/28/2023 23:52,18.74,10.66
4/29/2023 0:07,18.43,10.7
4/29/2023 0:22,18.14,10.84
4/29/2023 0:37,17.85,11
4/29/2023 0:52,17.43,11.06
4/29/2023 1:07,17.87,11
4/29/2023 1:22,16.82,10.38
4/29/2023 1:37,16.16,10.18
4/29/2023 1:52,15.74,9.98
4/29/2023 2:07,15.6,10
4/29/2023 2:22,15.35,9.88
4/29/2023 2:37,15.84,9.96
4/29/2023 2:52,15.85,9.9
4/29/2023 3:07,15.68,9.84
4/29/2023 3:22,15.36,9.76
4/29/2023 3:37,15.41,9.8
4/29/2023 3:52,15.8,9.98
4/29/2023 4:07,15.16,10.06
4/29/2023 4:22,15.72,10.18
4/29/2023 4:37,16.45,10.16
4/29/2023 4:52,15.33,10.1
4/29/2023 5:07,15.28,10
4/29/2023 5:22,15.73,10.06
4/29/2023 5:37,14.96,10
4/29/2023 5:52,15.65,10.02
4/29/2023 6:07,15.3,10.16
4/29/2023 6:22,15.33,10.22
4/29/2023 6:37,16.23,10.38
4/29/2023 6:52,17.2,11.04
4/29/2023 7:07,17.52,11.14
4/29/2023 7:22,17.64,11.36
4/29/2023 7:37,17.57,11.8
4/29/2023 7:52,18.53,11.96
4/29/2023 8:07,18.94,12.3
4/29/2023 8:22,18.12,12.86
4/29/2023 8:37,17.23,13.26
4/29/2023 8:52,16.58,13.66
4/29/2023 9:07,16.49,13.5
4/29/2023 9:22,17.03,12.46
4/29/2023 9:37,17.16,11.72
4/29/2023 9:52,16.88,11.6
4/29/2023 10:07,16.34,11.38
4/29/2023 10:22,16.18,10.92
4/29/2023 10:37,15.86,10.56
4/29/2023 10:52,16.11,10.6
4/29/2023 11:07,16.04,10.56
4/29/2023 11:22,16.4,10.82
4/29/2023 11:37,16.13,10.46
4/29/2023 11:52,16.39,10.22
4/29/2023 12:07,16.91,10.56
4/29/2023 12:22,18.37,11.32
4/29/2023 12:37,17.8,11.5
4/29/2023 12:52,17.13,11.54
4/29/2023 13:07,16.37,10.96
4/29/2023 13:22,16.56,10.7
4/29/2023 13:37,16.98,10.66
4/29/2023 13:52,17.2,10.72
4/29/2023 14:07,17.15,10.84
4/29/2023 14:22,17.6,11.68
4/29/2023 14:37,17.48,11.84
4/29/2023 14:52,17.96,11.96
4/29/2023 15:07,17.51,11.8
4/29/2023 15:22,17.05,11.7
4/29/2023 15:37,17.54,11.66
4/29/2023 15:52,17.64,11.7
4/29/2023 16:07,18.05,11.86
4/29/2023 16:22,18.25,12.02
4/29/2023 16:37,18.16,12.22
4/29/2023 16:52,18.31,12.2
4/29/2023 17:07,18.03,12.12
4/29/2023 17:22,18.25,11.98
4/29/2023 17:37,18.38,11.98
4/29/2023 17:52,18.55,12
4/29/2023 18:07,18.31,11.9
4/29/2023 18:22,18.93,11.88
4/29/2023 18:37,17.96,12
4/29/2023 18:52,16.89,12.04
4/29/2023 19:07,16.96,12.02
4/29/2023 19:22,17.5,12.04
4/29/2023 19:37,16.66,11.94
4/29/2023 19:52,15.97,11.8
4/29/2023 20:07,16.53,11.76
4/29/2023 20:22,16.49,11.9
4/29/2023 20:37,17.17,11.68
4/29/2023 20:52,18.04,11.54
4/29/2023 21:07,18.67,11.34
4/29/2023 21:22,18.67,11.2
4/29/2023 21:37,18.61,11.06
4/29/2023 21:52,18.6,10.96
4/29/2023 22:07,18.47,10.9
4/29/2023 22:22,18.76,10.68
4/29/2023 22:37,18.63,10.34
4/29/2023 22:52,18.67,10.38
4/29/2023 23:07,18.51,10.5
4/29/2023 23:22,18.47,10.5
4/29/2023 23:37,18.24,10.58
4/29/2023 23:52,17.96,10.64
4/30/2023 0:07,18.02,11.06
4/30/2023 0:22,18.55,11.12
4/30/2023 0:37,18.12,10.9
4/30/2023 0:52,17.68,10.58
4/30/2023 1:07,17.25,10.6
4/30/2023 1:22,17.3,11
4/30/2023 1:37,16.73,10.88
4/30/2023 1:52,16.51,10.72
4/30/2023 2:07,16.2,10.64
4/30/2023 2:22,16.91,10.72
4/30/2023 2:37,17.13,10.74
4/30/2023 2:52,17.59,10.44
4/30/2023 3:07,17.11,10.3
4/30/2023 3:22,15.27,10.02
4/30/2023 3:37,14.68,9.88
4/30/2023 3:52,14.61,9.8
4/30/2023 4:07,14.26,9.74
4/30/2023 4:22,14.28,9.74
4/30/2023 4:37,14.4,9.76
4/30/2023 4:52,14.25,9.7
4/30/2023 5:07,14.19,9.7
4/30/2023 5:22,14.31,9.72
4/30/2023 5:37,16.5,10
4/30/2023 5:52,16.46,10.78
4/30/2023 6:07,16.56,11.2
4/30/2023 6:22,16.39,11.84
4/30/2023 6:37,15.99,12.82
4/30/2023 6:52,15.8,13.14
4/30/2023 7:07,15.71,13.08
4/30/2023 7:22,16.3,12.9
4/30/2023 7:37,16.57,12.48
4/30/2023 7:52,16.86,12.08
4/30/2023 8:07,17.11,11.88
4/30/2023 8:22,17.23,11.82
4/30/2023 8:37,17.68,11.76
4/30/2023 8:52,17.72,11.78
4/30/2023 9:07,17.6,11.76
4/30/2023 9:22,17.16,11.8
4/30/2023 9:37,17.03,11.88
4/30/2023 9:52,16.83,11.98
4/30/2023 10:07,16.22,12
4/30/2023 10:22,16.13,12
4/30/2023 10:37,16.92,11.96
4/30/2023 10:52,17.59,11.8
4/30/2023 11:07,17.81,11.74
4/30/2023 11:22,17.62,11.84
4/30/2023 11:37,17.12,11.9
4/30/2023 11:52,16.92,12.16
4/30/2023 12:07,16.9,12.4
4/30/2023 12:22,16.78,12.4
4/30/2023 12:37,16.89,11.74
4/30/2023 12:52,16.31,11.18
4/30/2023 13:07,15.75,10.78
4/30/2023 13:22,15.9,10.72
4/30/2023 13:37,15.84,10.64
4/30/2023 13:52,15.85,10.64
4/30/2023 14:07,15.68,10.78
4/30/2023 14:22,16.01,11.02
4/30/2023 14:37,16.35,11
4/30/2023 14:52,16.65,11.1
4/30/2023 15:07,17.17,11.26
4/30/2023 15:22,16.64,11.18
4/30/2023 15:37,17.15,11.22
4/30/2023 15:52,16.95,11.16
4/30/2023 16:07,16.97,11.08
4/30/2023 16:22,16.78,11.06
4/30/2023 16:37,17.12,11.1
4/30/2023 16:52,17.72,11.14
4/30/2023 17:07,17.54,11.1
4/30/2023 17:22,17.35,11.1
4/30/2023 17:37,16.91,11.1
4/30/2023 17:52,17.3,11.06
4/30/2023 18:07,17.8,11.12
4/30/2023 18:22,18.64,11.28
4/30/2023 18:37,19.59,11.42
4/30/2023 18:52,18.95,11.48
4/30/2023 19:07,18.34,11.46
4/30/2023 19:22,18.34,11.44
4/30/2023 19:37,18.09,11.7
4/30/2023 19:52,17.9,11.96
4/30/2023 20:07,17.73,12.16
4/30/2023 20:22,17.51,12.24
4/30/2023 20:37,17.41,12.26
4/30/2023 20:52,17.28,12.24
4/30/2023 21:07,17.23,12.22
4/30/2023 21:22,16.89,12.22
4/30/2023 21:37,16.43,12.2
4/30/2023 21:52,17.33,12.32
4/30/2023 22:07,16.47,12.08
4/30/2023 22:22,16.68,11.18
4/30/2023 22:37,16.42,10.84
4/30/2023 22:52,16.26,10.86
4/30/2023 23:07,15.27,10.62
4/30/2023 23:22,15.91,10.58
4/30/2023 23:37,16.32,10.64
4/30/2023 23:52,16.91,10.84
5/1/2023 0:07,16.78,10.98
5/1/2023 0:22,17.02,10.98
5/1/2023 0:37,16.99,11.16
5/1/2023 0:52,16.58,11.44
5/1/2023 1:07,16.46,11.32
5/1/2023 1:22,16.45,11.24
5/1/2023 1:37,16.5,11.48
5/1/2023 1:52,16.37,11.56
5/1/2023 2:07,15.95,11.4
5/1/2023 2:22,15.43,11.22
5/1/2023 2:37,14.83,10.98
5/1/2023 2:52,14.43,10.8
5/1/2023 3:07,14.75,10.8
5/1/2023 3:22,15.47,10.84
5/1/2023 3:37,15.91,11.02
5/1/2023 3:52,15.83,11.02
5/1/2023 4:07,14.86,10.66
5/1/2023 4:22,14.94,10.6
5/1/2023 4:37,14.13,10.44
5/1/2023 4:52,14.09,10.32
5/1/2023 5:07,13.78,10.24
5/1/2023 5:22,13.87,10.14
5/1/2023 5:37,13.76,10.1
5/1/2023 5:52,13.83,10.26
5/1/2023 6:07,14.77,10.76
5/1/2023 6:22,15.09,10.96
5/1/2023 6:37,15.15,11.08
5/1/2023 6:52,14.82,11.08
5/1/2023 7:07,14.25,10.84
5/1/2023 7:22,14.38,10.78
5/1/2023 7:37,14.91,10.88
5/1/2023 7:52,15.83,11.14
5/1/2023 8:07,16.4,11.22
5/1/2023 8:22,16.31,11.32
5/1/2023 8:37,16.68,11.52
5/1/2023 8:52,16.85,11.64
5/1/2023 9:07,17.11,11.74
5/1/2023 9:22,17.1,11.78
5/1/2023 9:37,17.22,11.82
5/1/2023 9:52,17.13,11.88
5/1/2023 10:07,16.37,11.96
5/1/2023 10:22,16.03,12.04
5/1/2023 10:37,15.95,11.92
5/1/2023 10:52,16.32,11.94
5/1/2023 11:07,16.45,11.92
5/1/2023 11:22,15.44,11.38
5/1/2023 11:37,15.3,10.8
5/1/2023 11:52,15.23,10.64
5/1/2023 12:07,15.19,10.6
5/1/2023 12:22,14.86,10.46
5/1/2023 12:37,15.33,10.62
5/1/2023 12:52,15.79,11.38
5/1/2023 13:07,16.51,12
5/1/2023 13:22,15.85,11.56
5/1/2023 13:37,15.81,11.22
5/1/2023 13:52,15.65,11.24
5/1/2023 14:07,15.39,11.18
5/1/2023 14:22,15.57,11.18
5/1/2023 14:37,16.26,11.68
5/1/2023 14:52,15.36,12.02
5/1/2023 15:07,15.51,11.72
5/1/2023 15:22,15.61,11.66
5/1/2023 15:37,15.57,11.64
5/1/2023 15:52,14.33,11.46
5/1/2023 16:07,15.26,10.78
5/1/2023 16:22,15.18,10.82
5/1/2023 16:37,14.71,10.82
5/1/2023 16:52,15.29,10.82
5/1/2023 17:07,15.02,10.94
5/1/2023 17:22,15.67,11.16
5/1/2023 17:37,14.96,11.06
5/1/2023 17:52,15.19,11.1
5/1/2023 18:07,15.32,11.08
5/1/2023 18:22,15.69,11.46
5/1/2023 18:37,16.38,12.02
5/1/2023 18:52,16.24,12.4
5/1/2023 19:07,16.47,12.48
5/1/2023 19:22,15.46,12.5
5/1/2023 19:37,14.43,12.5
5/1/2023 19:52,16.13,12.52
5/1/2023 20:07,14.91,12.28
5/1/2023 20:22,15.18,11.78
5/1/2023 20:37,14.55,11.74
5/1/2023 20:52,15.55,11.92
5/1/2023 21:07,15.31,12
5/1/2023 21:22,16.1,12.3
5/1/2023 21:37,15.84,12.44
5/1/2023 21:52,15.04,12.46
5/1/2023 22:07,13.94,12.42
5/1/2023 22:22,14.26,11.76
5/1/2023 22:37,14.65,11.82
5/1/2023 22:52,15.38,12.14
5/1/2023 23:07,14.66,11.84
5/1/2023 23:22,14.8,11.22
5/1/2023 23:37,13.51,10.76
5/1/2023 23:52,14.05,11.22
5/2/2023 0:07,12.98,10.72
5/2/2023 0:22,14.41,10.82
5/2/2023 0:37,14.48,11.34
5/2/2023 0:52,13.81,10.74
5/2/2023 1:07,14,10.8
5/2/2023 1:22,13.76,10.86
5/2/2023 1:37,14.46,10.62
5/2/2023 1:52,13.93,10.58
5/2/2023 2:07,13.84,11.18
5/2/2023 2:22,13.6,11.22
5/2/2023 2:37,14.07,10.54
5/2/2023 2:52,14.79,10.46
5/2/2023 3:07,14.82,10.46
5/2/2023 3:22,14.81,10.42
5/2/2023 3:37,14.54,10.34
5/2/2023 3:52,14.27,10.32
5/2/2023 4:07,13.54,10.3
5/2/2023 4:22,13.45,10.28
5/2/2023 4:37,13.53,10.28
5/2/2023 4:52,12.85,10.28
5/2/2023 5:07,14.64,10.4
5/2/2023 5:22,14.62,10.36
5/2/2023 5:37,13.7,10.22
5/2/2023 5:52,13.63,10.16
5/2/2023 6:07,13.72,10.06
5/2/2023 6:22,13.73,10.06
5/2/2023 6:37,13.51,10.04
5/2/2023 6:52,13.79,10.06
5/2/2023 7:07,14.45,10.34
5/2/2023 7:22,14.66,10.56
5/2/2023 7:37,14.25,10.42
5/2/2023 7:52,14.16,10.18
5/2/2023 8:07,15.47,10.56
5/2/2023 8:22,15.33,10.96
5/2/2023 8:37,15.73,11.28
5/2/2023 8:52,15.85,11.64
5/2/2023 9:07,15.96,11.86
5/2/2023 9:22,16.11,12
5/2/2023 9:37,15.99,12.08
5/2/2023 9:52,15.93,12.1
5/2/2023 10:07,15.83,12.12
5/2/2023 10:22,15.67,12.06
5/2/2023 10:37,15.73,12.02
5/2/2023 10:52,15.8,12.22
5/2/2023 11:07,15.42,13.08
5/2/2023 11:22,14.16,12.98
5/2/2023 11:37,14.99,12.66
5/2/2023 11:52,15.46,12.36
5/2/2023 12:07,15.21,12.14
5/2/2023 12:22,15.87,12.4
5/2/2023 12:37,15.59,12.84
5/2/2023 12:52,14.81,12.36
5/2/2023 13:07,14.7,11.42
5/2/2023 13:22,15.25,11.6
5/2/2023 13:37,15.38,11.08
5/2/2023 13:52,15.53,10.98
5/2/2023 14:07,15.17,11
5/2/2023 14:22,15.73,11.14
5/2/2023 14:37,15.59,11.3
5/2/2023 14:52,15.61,10.88
5/2/2023 15:07,15.46,10.66
5/2/2023 15:22,15.19,10.48
5/2/2023 15:37,14.8,11.04
5/2/2023 15:52,15.29,11.2
5/2/2023 16:07,15.36,11.28
5/2/2023 16:22,15.18,11.12
5/2/2023 16:37,15.04,11.02
5/2/2023 16:52,14.86,11.02
5/2/2023 17:07,15.29,10.82
5/2/2023 17:22,15.23,10.72
5/2/2023 17:37,15.26,10.72
5/2/2023 17:52,14.89,10.74
5/2/2023 18:07,15.01,10.6
5/2/2023 18:22,15.95,10.66
5/2/2023 18:37,16,10.72
5/2/2023 18:52,15.94,10.8
5/2/2023 19:07,16.07,10.94
5/2/2023 19:22,16.57,11.58
5/2/2023 19:37,16.1,12.8
5/2/2023 19:52,15.7,12.82
5/2/2023 20:07,15.71,12.9
5/2/2023 20:22,15.96,12.66
5/2/2023 20:37,14.41,12.82
5/2/2023 20:52,15.36,12.62
5/2/2023 21:07,15.96,12.04
5/2/2023 21:22,15.75,11.88
5/2/2023 21:37,15.38,12.08
5/2/2023 21:52,15.31,12.2
5/2/2023 22:07,16.45,12.22
5/2/2023 22:22,15.44,12.98
5/2/2023 22:37,14.57,13.14
5/2/2023 22:52,14.78,12.76
5/2/2023 23:07,14.92,12.14
5/2/2023 23:22,13.31,12.12
5/2/2023 23:37,14.42,11.36
5/2/2023 23:52,14.75,11.1
5/3/2023 0:07,15.01,10.72
5/3/2023 0:22,14.94,10.48
5/3/2023 0:37,14.39,10.42
5/3/2023 0:52,13.06,10.3
5/3/2023 1:07,13.74,10.22
5/3/2023 1:22,13.83,10.24
5/3/2023 1:37,14.32,10.4
5/3/2023 1:52,14.18,10.42
5/3/2023 2:07,13.21,10.5
5/3/2023 2:22,13.53,10.56
5/3/2023 2:37,14.09,10.66
5/3/2023 2:52,13.38,10.22
5/3/2023 3:07,12.9,9.86
5/3/2023 3:22,13.23,10.16
5/3/2023 3:37,13.48,10.54
5/3/2023 3:52,13.35,10.38
5/3/2023 4:07,9.32,10.38
5/3/2023 4:22,13.85,10.44
5/3/2023 4:37,13.39,10.54
5/3/2023 4:52,12.99,10.56
5/3/2023 5:07,12.36,10.5
5/3/2023 5:22,13.54,10.38
5/3/2023 5:37,13.77,10.32
5/3/2023 5:52,13.96,10.32
5/3/2023 6:07,13.57,10.32
5/3/2023 6:22,13.78,10.36
5/3/2023 6:37,13.9,10.34
5/3/2023 6:52,14.1,10.4
5/3/2023 7:07,14.27,10.5
5/3/2023 7:22,14.5,10.64
5/3/2023 7:37,12.93,10.4
5/3/2023 7:52,14.1,10.24
5/3/2023 8:07,14.45,10.36
5/3/2023 8:22,15.03,10.78
5/3/2023 8:37,15.48,11.1
5/3/2023 8:52,15.87,11.3
5/3/2023 9:07,16.21,11.6
5/3/2023 9:22,16.34,11.74
5/3/2023 9:37,16.26,11.88
5/3/2023 9:52,16.1,12
5/3/2023 10:07,16.04,12.16
5/3/2023 10:22,15.82,12.34
5/3/2023 10:37,16.04,12.64
5/3/2023 10:52,16.17,12.88
5/3/2023 11:07,15.73,12.58
5/3/2023 11:22,15.49,13.36
5/3/2023 11:37,15.92,13.26
5/3/2023 11:52,16.16,13.4
5/3/2023 12:07,15.97,13.56
5/3/2023 12:22,16,13.6
5/3/2023 12:37,16.23,13.54
5/3/2023 12:52,15.71,13.72
5/3/2023 13:07,15.78,12.78
5/3/2023 13:22,16.23,12.54
5/3/2023 13:37,14.82,12.96
5/3/2023 13:52,14.04,13.32
5/3/2023 14:07,15.67,13.78
5/3/2023 14:22,15.79,13.48
5/3/2023 14:37,15.41,12.76
5/3/2023 14:52,15.84,13.38
5/3/2023 15:07,16.29,12.62
5/3/2023 15:22,16.17,12.74
5/3/2023 15:37,15.59,11.92
5/3/2023 15:52,15.1,11.44
5/3/2023 16:07,15.21,11.22
5/3/2023 16:22,15.65,11.48
5/3/2023 16:37,14.22,11.42
5/3/2023 16:52,15.18,11.48
5/3/2023 17:07,14.17,11.06
5/3/2023 17:22,14.03,10.7
5/3/2023 17:37,13.98,10.76
5/3/2023 17:52,14.05,10.6
5/3/2023 18:07,13.18,10.5
5/3/2023 18:22,14.09,10.52
5/3/2023 18:37,13.66,10.56
5/3/2023 18:52,14.26,10.6
5/3/2023 19:07,14.4,10.6
5/3/2023 19:22,14.28,10.62
5/3/2023 19:37,13.71,10.58
5/3/2023 19:52,13.42,10.56
5/3/2023 20:07,13.94,10.54
5/3/2023 20:22,13.81,10.5
5/3/2023 20:37,13.61,10.48
5/3/2023 20:52,13.32,10.46
5/3/2023 21:07,13.32,10.46
5/3/2023 21:22,11.92,10.44
5/3/2023 21:37,12.72,10.4
5/3/2023 21:52,13.01,10.36
5/3/2023 22:07,12.41,10.4
5/3/2023 22:22,13.63,10.88
5/3/2023 22:37,13.54,11.1
5/3/2023 22:52,14.11,11.06
5/3/2023 23:07,15.01,11.14
5/3/2023 23:22,15.44,11.42
5/3/2023 23:37,15.62,11.56
5/3/2023 23:52,15.65,11.68
5/4/2023 0:07,15.8,11.72
5/4/2023 0:22,15.58,11.74
5/4/2023 0:37,15.46,11.76
5/4/2023 0:52,15.12,11.84
5/4/2023 1:07,14.62,11.84
5/4/2023 1:22,12.17,11.38
5/4/2023 1:37,11.93,10.66
5/4/2023 1:52,12.75,10.4
5/4/2023 2:07,12.71,10.2
5/4/2023 2:22,12.57,10.14
5/4/2023 2:37,12.67,10.14
5/4/2023 2:52,12.38,10.12
5/4/2023 3:07,12.12,10.16
5/4/2023 3:22,11.82,10.28
5/4/2023 3:37,11.37,10.04
5/4/2023 3:52,12.3,9.96
5/4/2023 4:07,11.98,10.06
5/4/2023 4:22,11.68,10.08
5/4/2023 4:37,11.36,10.24
5/4/2023 4:52,11.26,10.28
5/4/2023 5:07,12.9,10.44
5/4/2023 5:22,12.79,10.4
5/4/2023 5:37,12.4,10.32
5/4/2023 5:52,13.14,10.34
5/4/2023 6:07,12.96,10.4
5/4/2023 6:22,13.4,10.48
5/4/2023 6:37,12.83,10.6
5/4/2023 6:52,13.24,10.68
5/4/2023 7:07,13.36,10.74
5/4/2023 7:22,13.14,10.8
5/4/2023 7:37,13.49,10.8
5/4/2023 7:52,13.12,10.8
5/4/2023 8:07,13.83,10.8
5/4/2023 8:22,14.62,11.32
5/4/2023 8:37,14.84,11.72
5/4/2023 8:52,14.57,11.86
5/4/2023 9:07,14.5,11.82
5/4/2023 9:22,14.62,11.68
5/4/2023 9:37,14.45,11.62
5/4/2023 9:52,14.11,11.62
5/4/2023 10:07,14.29,11.68
5/4/2023 10:22,14.44,11.72
5/4/2023 10:37,14.67,11.94
5/4/2023 10:52,14.19,12.12
5/4/2023 11:07,15.16,12.38
5/4/2023 11:22,14.65,12.52
5/4/2023 11:37,10.6,12.02
5/4/2023 11:52,10.4,12.34
5/4/2023 12:07,10.51,12.12
5/4/2023 12:22,10.62,12.06
5/4/2023 12:37,10.92,12.12
5/4/2023 12:52,13.35,12.48
5/4/2023 13:07,14.4,12.06
5/4/2023 13:22,14.37,11.98
5/4/2023 13:37,14.33,11.88
5/4/2023 13:52,14.13,11.88
5/4/2023 14:07,13.86,11.94
5/4/2023 14:22,13.81,11.64
5/4/2023 14:37,13.94,11.22
5/4/2023 14:52,14.48,11.34
5/4/2023 15:07,14.3,11.44
5/4/2023 15:22,13.93,11.08
5/4/2023 15:37,13.55,10.84
5/4/2023 15:52,13.54,10.68
5/4/2023 16:07,12.71,10.4
5/4/2023 16:22,12.64,10.26
5/4/2023 16:37,12.49,10.18
5/4/2023 16:52,12.32,10.14
5/4/2023 17:07,12.37,10.24
5/4/2023 17:22,11.23,10.46
5/4/2023 17:37,13.03,10.48
5/4/2023 17:52,11.96,10.5
5/4/2023 18:07,12.72,10.7
5/4/2023 18:22,12.15,10.76
5/4/2023 18:37,12.42,10.76
5/4/2023 18:52,13.39,10.72
5/4/2023 19:07,13.28,10.6
5/4/2023 19:22,13.12,10.5
5/4/2023 19:37,13.2,10.42
5/4/2023 19:52,13.08,10.38
5/4/2023 20:07,12.93,10.34
5/4/2023 20:22,12.99,10.3
5/4/2023 20:37,13.14,10.3
5/4/2023 20:52,13.08,10.28
5/4/2023 21:07,13.11,10.34
5/4/2023 21:22,12.32,10.46
5/4/2023 21:37,12.43,10.48
5/4/2023 21:52,12.32,10.42
5/4/2023 22:07,12.82,10.4
5/4/2023 22:22,12.89,10.6
5/4/2023 22:37,13.53,10.76
5/4/2023 22:52,13.67,11.02
5/4/2023 23:07,12.64,11.2
5/4/2023 23:22,13.66,11.26
5/4/2023 23:37,12.41,11.3
5/4/2023 23:52,12.95,11.32
5/5/2023 0:07,12.19,11.32
5/5/2023 0:22,11.23,11.34
5/5/2023 0:37,11.72,11.32
5/5/2023 0:52,12.8,11.32
5/5/2023 1:07,12.42,11.36
5/5/2023 1:22,12.87,11.38
5/5/2023 1:37,12.99,11.32
5/5/2023 1:52,11.08,10.96
5/5/2023 2:07,11.82,10.48
5/5/2023 2:22,9.7,10.4
5/5/2023 2:37,10.93,10.14
5/5/2023 2:52,11.71,10.06
5/5/2023 3:07,11.93,10.04
5/5/2023 3:22,12.38,10.1
5/5/2023 3:37,10.34,10.24
5/5/2023 3:52,5.59,10.34
5/5/2023 4:07,9.36,10.34
5/5/2023 4:22,9.81,10.34
5/5/2023 4:37,8.65,10.34
5/5/2023 4:52,9.21,10.38
5/5/2023 5:07,11.36,10.4
5/5/2023 5:22,11.02,10.44
5/5/2023 5:37,10.91,10.52
5/5/2023 5:52,7.62,10.58
5/5/2023 6:07,8.73,10.58
5/5/2023 6:22,11.33,10.66
5/5/2023 6:37,11.84,10.62
5/5/2023 6:52,12.48,10.58
5/5/2023 7:07,11.52,10.6
5/5/2023 7:22,11.29,10.64
5/5/2023 7:37,13.03,10.7
5/5/2023 7:52,12.41,10.78
5/5/2023 8:07,13.58,10.84
5/5/2023 8:22,11.96,10.84
5/5/2023 8:37,11.04,10.84
5/5/2023 8:52,13.42,10.86
5/5/2023 9:07,13.77,10.86
5/5/2023 9:22,12.67,10.86
5/5/2023 9:37,12.25,10.84
5/5/2023 9:52,13.12,10.82
5/5/2023 10:07,12.43,10.82
5/5/2023 10:22,13.23,10.84
5/5/2023 10:37,13.34,10.86
5/5/2023 10:52,13.38,10.94
5/5/2023 11:07,13.41,11.16
5/5/2023 11:22,11.12,11.16
5/5/2023 11:37,10.95,10.56
5/5/2023 11:52,10.94,10.86
5/5/2023 12:07,10.91,11.12
5/5/2023 12:22,10.97,11.04
5/5/2023 12:37,10.92,11.18
5/5/2023 12:52,10.92,11.26
5/5/2023 13:07,10.87,11.48
5/5/2023 13:22,10.86,11.48
5/5/2023 13:37,10.78,11.58
5/5/2023 13:52,13.78,11.66
5/5/2023 14:07,13.51,11.48
5/5/2023 14:22,13.62,11.48
5/5/2023 14:37,13.73,11.46
5/5/2023 14:52,13.38,11.12
5/5/2023 15:07,14.04,11.02
5/5/2023 15:22,13.84,10.98
5/5/2023 15:37,13.42,10.82
5/5/2023 15:52,13.64,10.9
5/5/2023 16:07,13.77,10.94
5/5/2023 16:22,13.36,10.92
5/5/2023 16:37,12.33,10.7
5/5/2023 16:52,12.89,10.58
5/5/2023 17:07,12.36,10.74
5/5/2023 17:22,12.14,10.86
5/5/2023 17:37,11.59,10.8
5/5/2023 17:52,13.14,10.76
5/5/2023 18:07,13.03,10.72
5/5/2023 18:22,13.41,10.78
5/5/2023 18:37,12.88,10.7
5/5/2023 18:52,11.84,10.56
5/5/2023 19:07,9.87,10.3
5/5/2023 19:22,12.03,10.2
5/5/2023 19:37,12.43,10.16
5/5/2023 19:52,11.82,10.16
5/5/2023 20:07,11.73,10.14
5/5/2023 20:22,10.64,10.14
5/5/2023 20:37,9.87,10.14
5/5/2023 20:52,10.24,10.12
5/5/2023 21:07,11.8,10.1
5/5/2023 21:22,11.28,10.1
5/5/2023 21:37,12.11,10.12
5/5/2023 21:52,10.97,10.16
5/5/2023 22:07,11.64,10.2
5/5/2023 22:22,11,10.22
5/5/2023 22:37,11.32,10.2
5/5/2023 22:52,11.2,10.2
5/5/2023 23:07,10.66,10.2
5/5/2023 23:22,11.66,10.2
5/5/2023 23:37,10.66,10.2
5/5/2023 23:52,10.89,10.18
5/6/2023 0:07,10.48,10.2
5/6/2023 0:22,9.53,10.2
5/6/2023 0:37,11.13,10.3
5/6/2023 0:52,12.46,10.38
5/6/2023 1:07,10.12,10.48
5/6/2023 1:22,9.49,10.52
5/6/2023 1:37,9.59,10.6
5/6/2023 1:52,9.14,10.56
5/6/2023 2:07,7.26,10.5
5/6/2023 2:22,7.48,10.4
5/6/2023 2:37,8.25,10.36
5/6/2023 2:52,9.77,10.32
5/6/2023 3:07,9.87,10.22
5/6/2023 3:22,9.48,10.08
5/6/2023 3:37,8.87,10.06
5/6/2023 3:52,10.24,10.04
5/6/2023 4:07,9.83,10.02
5/6/2023 4:22,8.57,10
5/6/2023 4:37,8.41,10.02
5/6/2023 4:52,8.96,10.06
5/6/2023 5:07,10.67,10.04
5/6/2023 5:22,10.49,10.04
5/6/2023 5:37,9.51,10.04
5/6/2023 5:52,10.42,10.04
5/6/2023 6:07,11.02,10.04
5/6/2023 6:22,10.73,10.04
5/6/2023 6:37,10.35,10.04
5/6/2023 6:52,10.97,10.02
5/6/2023 7:07,11.21,10
5/6/2023 7:22,10.66,10
5/6/2023 7:37,10.76,10.02
5/6/2023 7:52,11.05,10.02
5/6/2023 8:07,11.1,10.04
5/6/2023 8:22,10.65,10.08
5/6/2023 8:37,11.37,10.1
5/6/2023 8:52,11.19,10.14
5/6/2023 9:07,11.41,10.26
5/6/2023 9:22,12.23,10.38
5/6/2023 9:37,11.55,10.48
5/6/2023 9:52,11.91,10.58
5/6/2023 10:07,11.97,10.7
5/6/2023 10:22,11.76,10.8
5/6/2023 10:37,9.58,10.88
5/6/2023 10:52,11.11,11
5/6/2023 11:07,11.83,11.22
5/6/2023 11:22,13.25,11.62
5/6/2023 11:37,10.28,13.06
5/6/2023 11:52,10.14,12.9
5/6/2023 12:07,10.1,13.62
5/6/2023 12:22,10,14.1
5/6/2023 12:37,10.2,13.52
5/6/2023 12:52,10.03,14.32
5/6/2023 13:07,9.45,16.88
5/6/2023 13:22,9.35,17.14
5/6/2023 13:37,9.4,16.64
5/6/2023 13:52,9.75,15.08
5/6/2023 14:07,10.08,14.32
5/6/2023 14:22,9.97,14.76
5/6/2023 14:37,12.83,14.72
5/6/2023 14:52,13.4,13.62
5/6/2023 15:07,13.37,12.42
5/6/2023 15:22,13.29,11.6
5/6/2023 15:37,13.55,11.32
5/6/2023 15:52,12.57,11.1
5/6/2023 16:07,8.94,11.28
5/6/2023 16:22,11.63,11.1
5/6/2023 16:37,10.63,11.14
5/6/2023 16:52,9.94,11.02
5/6/2023 17:07,9.9,10.64
5/6/2023 17:22,9.63,10.64
5/6/2023 17:37,10.19,10.26
5/6/2023 17:52,8.92,10.34
5/6/2023 18:07,10.35,10.74
5/6/2023 18:22,10.97,10.68
5/6/2023 18:37,11.69,10.6
5/6/2023 18:52,9.81,10.56
5/6/2023 19:07,11.44,10.44
5/6/2023 19:22,11.51,10.24
5/6/2023 19:37,11.06,10.2
5/6/2023 19:52,11.76,10.22
5/6/2023 20:07,11.41,10.26
5/6/2023 20:22,11.58,10.32
5/6/2023 20:37,11.65,10.38
5/6/2023 20:52,12.14,10.3
5/6/2023 21:07,11.94,10.24
5/6/2023 21:22,11.56,10.18
5/6/2023 21:37,10.4,10.18
5/6/2023 21:52,10.07,10.16
5/6/2023 22:07,9.94,10.14
5/6/2023 22:22,9.87,10.16
5/6/2023 22:37,11.44,10.16
5/6/2023 22:52,11.81,10.16
5/6/2023 23:07,11.47,10.14
5/6/2023 23:22,11.04,10.12
5/6/2023 23:37,10.25,10.12
5/6/2023 23:52,9.9,10.1
5/7/2023 0:07,10.29,10.1
5/7/2023 0:22,11,10.1
5/7/2023 0:37,11.51,10.08
5/7/2023 0:52,11.18,10.08
5/7/2023 1:07,10.88,10.12
5/7/2023 1:22,11.19,10.38
5/7/2023 1:37,10.64,10.48
5/7/2023 1:52,10.52,10.58
5/7/2023 2:07,10.93,10.72
5/7/2023 2:22,11.6,10.76
5/7/2023 2:37,11,10.78
5/7/2023 2:52,8.62,10.88
5/7/2023 3:07,8.55,10.7
5/7/2023 3:22,8.59,10.28
5/7/2023 3:37,9.03,10.14
5/7/2023 3:52,8.64,10.06
5/7/2023 4:07,8.67,10.02
5/7/2023 4:22,11.05,9.98
5/7/2023 4:37,11.26,9.98
5/7/2023 4:52,11.04,10
5/7/2023 5:07,10.82,9.98
5/7/2023 5:22,10.85,9.98
5/7/2023 5:37,9.03,10.02
5/7/2023 5:52,10.86,10.02
5/7/2023 6:07,11.06,10.02
5/7/2023 6:22,11.19,10
5/7/2023 6:37,11.03,10
5/7/2023 6:52,11.46,9.98
5/7/2023 7:07,11.39,9.98
5/7/2023 7:22,11.43,10.02
5/7/2023 7:37,11.53,10
5/7/2023 7:52,11.64,10.02
5/7/2023 8:07,11.57,10.02
5/7/2023 8:22,11.66,10.06
5/7/2023 8:37,11.9,10.12
5/7/2023 8:52,12.11,10.16
5/7/2023 9:07,12.33,10.22
5/7/2023 9:22,12.44,10.3
5/7/2023 9:37,12.63,10.48
5/7/2023 9:52,12.77,10.64
5/7/2023 10:07,12.85,10.74
5/7/2023 10:22,12.85,10.86
5/7/2023 10:37,12.79,10.88
5/7/2023 10:52,12.75,10.9
5/7/2023 11:07,12.86,10.94
5/7/2023 11:22,13,11.02
5/7/2023 11:37,13.65,11.22
5/7/2023 11:52,14.17,11.72
5/7/2023 12:07,10.64,12.04
5/7/2023 12:22,10.37,12.88
5/7/2023 12:37,10.22,13.86
5/7/2023 12:52,9.99,14.9
5/7/2023 13:07,9.83,15.32
5/7/2023 13:22,10.01,14.82
5/7/2023 13:37,9.88,15.78
5/7/2023 13:52,9.62,17.24
5/7/2023 14:07,9.81,16.76
5/7/2023 14:22,9.83,16.62
5/7/2023 14:37,9.81,16.84
5/7/2023 14:52,9.59,18.08
5/7/2023 15:07,9.53,17.92
5/7/2023 15:22,11.66,17.88
5/7/2023 15:37,12.79,14.54
5/7/2023 15:52,13.38,13.02
5/7/2023 16:07,13.21,12.42
5/7/2023 16:22,13.11,11.56
5/7/2023 16:37,13.34,11.86
5/7/2023 16:52,13.27,11.68
5/7/2023 17:07,13.46,11.78
5/7/2023 17:22,12.58,11.92
5/7/2023 17:37,10.85,11.24
5/7/2023 17:52,10.84,10.76
5/7/2023 18:07,10.25,10.46
5/7/2023 18:22,11.64,10.4
5/7/2023 18:37,11.56,10.84
5/7/2023 18:52,12.58,11
5/7/2023 19:07,11.41,10.98
5/7/2023 19:22,11.65,10.88
5/7/2023 19:37,11.25,10.62
5/7/2023 19:52,11.01,10.38
5/7/2023 20:07,11.42,10.3
5/7/2023 20:22,9.88,10.26
5/7/2023 20:37,11.57,10.34
5/7/2023 20:52,12.51,10.52
5/7/2023 21:07,12.33,10.38
5/7/2023 21:22,12.05,10.32
5/7/2023 21:37,11.69,10.18
5/7/2023 21:52,11.72,10.1
5/7/2023 22:07,11.71,10.12
5/7/2023 22:22,11.72,10.1
5/7/2023 22:37,11.76,10.08
5/7/2023 22:52,11.67,10.06
5/7/2023 23:07,11.59,10.06
5/7/2023 23:22,11.31,10.06
5/7/2023 23:37,11.41,10.06
5/7/2023 23:52,11.25,10.06
5/8/2023 0:07,11.04,10.08
5/8/2023 0:22,10.88,10.08
5/8/2023 0:37,10.81,10.1
5/8/2023 0:52,9.6,10.1
5/8/2023 1:07,11.02,10.12
5/8/2023 1:22,11.17,10.14
5/8/2023 1:37,10.89,10.14
5/8/2023 1:52,10.71,10.16
5/8/2023 2:07,10.76,10.16
5/8/2023 2:22,10.34,10.22
5/8/2023 2:37,10.76,10.44
5/8/2023 2:52,11.08,10.52
5/8/2023 3:07,10.79,10.5
5/8/2023 3:22,10.8,10.54
5/8/2023 3:37,11.06,10.52
5/8/2023 3:52,9.9,10.44
5/8/2023 4:07,10.88,10.4
5/8/2023 4:22,10.19,10.22
5/8/2023 4:37,11.14,10.08
5/8/2023 4:52,11.07,10.06
5/8/2023 5:07,11.24,10.08
5/8/2023 5:22,10.72,10.08
5/8/2023 5:37,10.62,10.06
5/8/2023 5:52,10.94,10.06
5/8/2023 6:07,10.71,10.04
5/8/2023 6:22,10.45,10.06
5/8/2023 6:37,9.84,10.08
5/8/2023 6:52,9.32,10.08
5/8/2023 7:07,9.81,10.08
5/8/2023 7:22,11.05,10.08
5/8/2023 7:37,11.43,10.06
5/8/2023 7:52,11.42,10.1
5/8/2023 8:07,11.14,10.12
5/8/2023 8:22,11.49,10.14
5/8/2023 8:37,11.57,10.14
5/8/2023 8:52,11.53,10.16
5/8/2023 9:07,11.51,10.18
5/8/2023 9:22,11.92,10.22
5/8/2023 9:37,12.01,10.3
5/8/2023 9:52,12.04,10.4
5/8/2023 10:07,12.16,10.54
5/8/2023 10:22,12.21,10.62
5/8/2023 10:37,12.34,10.7
5/8/2023 10:52,12.36,10.82
5/8/2023 11:07,12.45,10.86
5/8/2023 11:22,12.41,10.9
5/8/2023 11:37,12.3,10.96
5/8/2023 11:52,12.61,11.06
5/8/2023 12:07,13.22,11.4
5/8/2023 12:22,14.32,12.1
5/8/2023 12:37,14.37,13.48
5/8/2023 12:52,9.88,14.88
5/8/2023 13:07,9.64,16
5/8/2023 13:22,9.74,16.16
5/8/2023 13:37,9.68,16.58
5/8/2023 13:52,9.32,17.62
5/8/2023 14:07,9.33,18.02
5/8/2023 14:22,9.1,19.34
5/8/2023 14:37,9.06,20.34
5/8/2023 14:52,8.95,20.68
5/8/2023 15:07,9.05,19.82
5/8/2023 15:22,9.04,19.78
5/8/2023 15:37,9.26,18.78
5/8/2023 15:52,9.3,18.9
5/8/2023 16:07,12.06,18.06
5/8/2023 16:22,12.72,13.76
5/8/2023 16:37,12.97,12.82
5/8/2023 16:52,13.06,12.82
5/8/2023 17:07,12.82,12.6
5/8/2023 17:22,11.07,12.62
5/8/2023 17:37,12.23,12.52
5/8/2023 17:52,12.64,12.2
5/8/2023 18:07,13.08,12.04
5/8/2023 18:22,12.02,12.06
5/8/2023 18:37,12.22,12.02
5/8/2023 18:52,11.39,11.7
5/8/2023 19:07,10.43,11.96
5/8/2023 19:22,12.08,11.48
5/8/2023 19:37,12.05,10.94
5/8/2023 19:52,11.84,10.76
5/8/2023 20:07,11.97,10.72
5/8/2023 20:22,11.58,10.44
5/8/2023 20:37,11.02,10.34
5/8/2023 20:52,10.66,10.32
5/8/2023 21:07,10.32,10.34
5/8/2023 21:22,11.27,10.46
5/8/2023 21:37,11.14,10.5
5/8/2023 21:52,11.34,10.44
5/8/2023 22:07,11,10.38
5/8/2023 22:22,11.16,10.34
5/8/2023 22:37,10.91,10.3
5/8/2023 22:52,11.33,10.26
5/8/2023 23:07,11.58,10.24
5/8/2023 23:22,11.3,10.26
5/8/2023 23:37,11.21,10.26
5/8/2023 23:52,10.78,10.26
5/9/2023 0:07,10.89,10.26
5/9/2023 0:22,10.79,10.26
5/9/2023 0:37,10.82,10.26
5/9/2023 0:52,10.33,10.26
5/9/2023 1:07,9.96,10.26
5/9/2023 1:22,9.67,10.26
5/9/2023 1:37,9.18,10.26
5/9/2023 1:52,10.03,10.26
5/9/2023 2:07,10.16,10.24
5/9/2023 2:22,10.22,10.24
5/9/2023 2:37,9.45,10.24
5/9/2023 2:52,8.55,10.24
5/9/2023 3:07,10.46,10.22
5/9/2023 3:22,9.78,10.24
5/9/2023 3:37,9.86,10.24
5/9/2023 3:52,9.31,10.24
5/9/2023 4:07,10.1,10.26
5/9/2023 4:22,10.68,10.26
5/9/2023 4:37,9.39,10.38
5/9/2023 4:52,9.83,10.44
5/9/2023 5:07,8.62,10.44
5/9/2023 5:22,7.65,10.48
5/9/2023 5:37,9.48,10.5
5/9/2023 5:52,8.96,10.36
5/9/2023 6:07,9.38,10.28
5/9/2023 6:22,10.17,10.24
5/9/2023 6:37,10.38,10.2
5/9/2023 6:52,10.4,10.2
5/9/2023 7:07,10.26,10.2
5/9/2023 7:22,10.22,10.2
5/9/2023 7:37,10.66,10.2
5/9/2023 7:52,10.73,10.26
5/9/2023 8:07,11.12,10.26
5/9/2023 8:22,11.08,10.28
5/9/2023 8:37,11.37,10.28
5/9/2023 8:52,11.41,10.26
5/9/2023 9:07,11.43,10.24
5/9/2023 9:22,11.51,10.26
5/9/2023 9:37,11.58,10.28
5/9/2023 9:52,11.62,10.3
5/9/2023 10:07,11.64,10.32
5/9/2023 10:22,11.66,10.34
5/9/2023 10:37,11.67,10.38
5/9/2023 10:52,11.69,10.46
5/9/2023 11:07,11.81,10.58
5/9/2023 11:22,11.85,10.62
5/9/2023 11:37,12.02,11.04
5/9/2023 11:52,11.94,11.34
5/9/2023 12:07,12.06,11.5
5/9/2023 12:22,12.05,11.7
5/9/2023 12:37,12.51,12.04
5/9/2023 12:52,13.13,12.7
5/9/2023 13:07,13.72,13.52
5/9/2023 13:22,9.99,14.96
5/9/2023 13:37,9.8,15.66
5/9/2023 13:52,9.72,16.84
5/9/2023 14:07,9.45,17.84
5/9/2023 14:22,9.3,18.24
5/9/2023 14:37,9.27,18.36
5/9/2023 14:52,9.24,18.54
5/9/2023 15:07,9.3,18.94
5/9/2023 15:22,9.29,19.22
5/9/2023 15:37,9.25,20
5/9/2023 15:52,9.06,21.42
5/9/2023 16:07,8.95,22.14
5/9/2023 16:22,9.03,22.16
5/9/2023 16:37,9.03,22.26
5/9/2023 16:52,8.79,23.04
5/9/2023 17:07,11.99,17.14
5/9/2023 17:22,12.29,15.4
5/9/2023 17:37,12.86,14.6
5/9/2023 17:52,12.48,14.44
5/9/2023 18:07,12.62,14.26
5/9/2023 18:22,12.66,13.8
5/9/2023 18:37,12.47,13.36
5/9/2023 18:52,12.63,13.02
5/9/2023 19:07,12.53,12.52
5/9/2023 19:22,12.46,12.02
5/9/2023 19:37,12.4,11.68
5/9/2023 19:52,12.2,11.56
5/9/2023 20:07,11.95,11.4
5/9/2023 20:22,11.05,11.18
5/9/2023 20:37,11.15,11.08
5/9/2023 20:52,11.37,10.96
5/9/2023 21:07,11.28,10.88
5/9/2023 21:22,10.84,10.88
5/9/2023 21:37,10.75,10.92
5/9/2023 21:52,11.78,10.96
5/9/2023 22:07,11.66,10.88
5/9/2023 22:22,11.53,10.76
5/9/2023 22:37,11.39,10.64
5/9/2023 22:52,11.12,10.56
5/9/2023 23:07,11.3,10.54
5/9/2023 23:22,11.08,10.5
5/9/2023 23:37,11.1,10.44
5/9/2023 23:52,10.72,10.4
5/10/2023 0:07,11.1,10.4
5/10/2023 0:22,11.17,10.42
5/10/2023 0:37,11.13,10.38
5/10/2023 0:52,11.04,10.36
5/10/2023 1:07,10.85,10.36
5/10/2023 1:22,10.95,10.38
5/10/2023 1:37,11.07,10.36
5/10/2023 1:52,11.08,10.38
5/10/2023 2:07,11.3,10.44
5/10/2023 2:22,11.04,10.48
5/10/2023 2:37,11.2,10.5
5/10/2023 2:52,11.08,10.52
5/10/2023 3:07,11.07,10.54
5/10/2023 3:22,10.87,10.54
5/10/2023 3:37,10.77,10.52
5/10/2023 3:52,10.9,10.52
5/10/2023 4:07,10.53,10.52
5/10/2023 4:22,9.63,10.64
5/10/2023 4:37,7.87,10.68
5/10/2023 4:52,9.29,10.66
5/10/2023 5:07,9.06,10.68
5/10/2023 5:22,9.01,10.48
5/10/2023 5:37,9.72,10.34
5/10/2023 5:52,10.34,10.32
5/10/2023 6:07,10.63,10.34
5/10/2023 6:22,10.35,10.38
5/10/2023 6:37,10.19,10.4
5/10/2023 6:52,9.71,10.36
5/10/2023 7:07,10.4,10.3
5/10/2023 7:22,9.71,10.26
5/10/2023 7:37,10.69,10.28
5/10/2023 7:52,9.91,10.4
5/10/2023 8:07,10.4,10.48
5/10/2023 8:22,10.65,10.56
5/10/2023 8:37,9.93,10.56
5/10/2023 8:52,11,10.62
5/10/2023 9:07,11.43,10.64
5/10/2023 9:22,11.51,10.72
5/10/2023 9:37,11.69,10.82
5/10/2023 9:52,11.29,10.94
5/10/2023 10:07,11.91,10.96
5/10/2023 10:22,11.49,10.84
5/10/2023 10:37,11.63,10.78
5/10/2023 10:52,11.75,10.92
5/10/2023 11:07,12.11,11.08
5/10/2023 11:22,12.18,11.28
5/10/2023 11:37,11.83,11.36
5/10/2023 11:52,12.05,11.22
5/10/2023 12:07,11.83,11.18
5/10/2023 12:22,11.92,11.22
5/10/2023 12:37,11.96,11.3
5/10/2023 12:52,12.02,11.42
5/10/2023 13:07,12.25,11.48
5/10/2023 13:22,12.6,11.74
5/10/2023 13:37,13.6,12.74
5/10/2023 13:52,13.64,13.48
5/10/2023 14:07,14.79,15.32
5/10/2023 14:22,9.37,16.92
5/10/2023 14:37,9.17,19.1
5/10/2023 14:52,9.05,20.32
5/10/2023 15:07,8.94,21.48
5/10/2023 15:22,8.72,22.02
5/10/2023 15:37,8.84,22.6
5/10/2023 15:52,8.86,23.3
5/10/2023 16:07,8.82,24.1
5/10/2023 16:22,8.71,23.88
5/10/2023 16:37,8.67,24.58
5/10/2023 16:52,8.71,25.06
5/10/2023 17:07,8.71,27.22
