Plot Title: Chel_DO_July24_Deploy,,,
#,"Date Time, GMT-07:00",DO_mgL,Temp_C
1,7/22/2024 12:00,9.56,18.3
2,7/22/2024 12:15,9.66,18.32
3,7/22/2024 12:30,9.59,18.76
4,7/22/2024 12:45,9.36,19.86
5,7/22/2024 13:00,9.3,20.62
6,7/22/2024 13:15,9.17,21.1
7,7/22/2024 13:30,9.13,21.02
8,7/22/2024 13:45,9.14,20.6
9,7/22/2024 14:00,9.41,19.92
10,7/22/2024 14:15,9.32,20.48
11,7/22/2024 14:30,9.21,21.22
12,7/22/2024 14:45,9.08,22.18
13,7/22/2024 15:00,8.87,22.88
14,7/22/2024 15:15,16.53,19.98
15,7/22/2024 15:30,14.7,18.46
16,7/22/2024 15:45,14.54,18.02
17,7/22/2024 16:00,13.93,17.78
18,7/22/2024 16:15,13.82,17.48
19,7/22/2024 16:30,13.77,17.32
20,7/22/2024 16:45,13.68,16.98
21,7/22/2024 17:00,12.94,16.54
22,7/22/2024 17:15,12.45,16.38
23,7/22/2024 17:30,12.37,16.32
24,7/22/2024 17:45,11.8,16.1
25,7/22/2024 18:00,11.43,16.06
26,7/22/2024 18:15,12.13,16.28
27,7/22/2024 18:30,12.26,16.3
28,7/22/2024 18:45,12.06,16.3
29,7/22/2024 19:00,11.89,16.28
30,7/22/2024 19:15,11.09,16.06
31,7/22/2024 19:30,10.93,15.9
32,7/22/2024 19:45,10.95,15.82
33,7/22/2024 20:00,10.94,15.8
34,7/22/2024 20:15,11.08,15.82
35,7/22/2024 20:30,11.02,15.88
36,7/22/2024 20:45,10.96,15.84
37,7/22/2024 21:00,10.7,15.8
38,7/22/2024 21:15,10.69,15.78
39,7/22/2024 21:30,10.6,15.74
40,7/22/2024 21:45,10.61,15.7
41,7/22/2024 22:00,10.68,15.68
42,7/22/2024 22:15,10.64,15.66
43,7/22/2024 22:30,10.69,15.64
44,7/22/2024 22:45,10.62,15.6
45,7/22/2024 23:00,10.55,15.58
46,7/22/2024 23:15,10.51,15.58
47,7/22/2024 23:30,10.51,15.58
48,7/22/2024 23:45,10.44,15.58
49,7/23/2024 0:00,10.47,15.6
50,7/23/2024 0:15,10.35,15.62
51,7/23/2024 0:30,10.32,15.7
52,7/23/2024 0:45,10.24,15.78
53,7/23/2024 1:00,10.14,15.8
54,7/23/2024 1:15,10.15,15.82
55,7/23/2024 1:30,9.64,15.82
56,7/23/2024 1:45,9.05,15.84
57,7/23/2024 2:00,8.44,15.88
58,7/23/2024 2:15,9.08,15.9
59,7/23/2024 2:30,9.9,15.88
60,7/23/2024 2:45,10.07,15.96
61,7/23/2024 3:00,8.98,16.1
62,7/23/2024 3:15,8.62,16
63,7/23/2024 3:30,9.39,16
64,7/23/2024 3:45,8.89,16.12
65,7/23/2024 4:00,10.26,16.2
66,7/23/2024 4:15,10.06,16.14
67,7/23/2024 4:30,9.8,15.74
68,7/23/2024 4:45,9.7,15.58
69,7/23/2024 5:00,10.02,15.46
70,7/23/2024 5:15,9.91,15.38
71,7/23/2024 5:30,9.56,15.3
72,7/23/2024 5:45,9.03,15.28
73,7/23/2024 6:00,9.51,15.28
74,7/23/2024 6:15,8.17,15.32
75,7/23/2024 6:30,9.51,15.32
76,7/23/2024 6:45,10.07,15.34
77,7/23/2024 7:00,10.07,15.34
78,7/23/2024 7:15,10.07,15.32
79,7/23/2024 7:30,10.15,15.32
80,7/23/2024 7:45,10.25,15.3
81,7/23/2024 8:00,10.38,15.34
82,7/23/2024 8:15,10.47,15.4
83,7/23/2024 8:30,10.73,15.46
84,7/23/2024 8:45,10.99,15.56
85,7/23/2024 9:00,11.18,15.6
86,7/23/2024 9:15,11.43,15.68
87,7/23/2024 9:30,11.49,15.9
88,7/23/2024 9:45,11.56,16.16
89,7/23/2024 10:00,11.72,16.34
90,7/23/2024 10:15,11.96,16.54
91,7/23/2024 10:30,12,16.64
92,7/23/2024 10:45,12.22,16.78
93,7/23/2024 11:00,12.63,16.92
94,7/23/2024 11:15,13.46,17.06
95,7/23/2024 11:30,14.08,17.38
96,7/23/2024 11:45,15.55,17.9
97,7/23/2024 12:00,16.41,18.42
98,7/23/2024 12:15,9.44,19.76
99,7/23/2024 12:30,9.38,21.06
100,7/23/2024 12:45,9.3,21.02
101,7/23/2024 13:00,9.15,22.6
102,7/23/2024 13:15,9.06,23.04
103,7/23/2024 13:30,9.04,23.9
104,7/23/2024 13:45,8.94,24.62
105,7/23/2024 14:00,8.8,25.26
106,7/23/2024 14:15,8.81,26.56
107,7/23/2024 14:30,8.68,27.38
108,7/23/2024 14:45,8.51,28.92
109,7/23/2024 15:00,8.35,29.68
110,7/23/2024 15:15,8.16,30.26
111,7/23/2024 15:30,7.91,31.86
112,7/23/2024 15:45,15.53,29.22
113,7/23/2024 16:00,16.71,22.7
114,7/23/2024 16:15,16.66,20.56
115,7/23/2024 16:30,14.33,18.74
116,7/23/2024 16:45,14.44,18.06
117,7/23/2024 17:00,14.86,18.6
118,7/23/2024 17:15,14,17.86
119,7/23/2024 17:30,13.98,17.76
120,7/23/2024 17:45,13.98,17.92
121,7/23/2024 18:00,13.79,17.66
122,7/23/2024 18:15,13.72,17.6
123,7/23/2024 18:30,13.63,17.12
124,7/23/2024 18:45,13.37,16.88
125,7/23/2024 19:00,12.88,16.6
126,7/23/2024 19:15,12.66,16.46
127,7/23/2024 19:30,11.75,16.28
128,7/23/2024 19:45,11.26,16.04
129,7/23/2024 20:00,10.87,15.74
130,7/23/2024 20:15,10.6,15.56
131,7/23/2024 20:30,10.39,15.5
132,7/23/2024 20:45,10.17,15.48
133,7/23/2024 21:00,10.08,15.54
134,7/23/2024 21:15,10.49,15.68
135,7/23/2024 21:30,10.62,15.58
136,7/23/2024 21:45,10.59,15.52
137,7/23/2024 22:00,10.67,15.46
138,7/23/2024 22:15,10.7,15.4
139,7/23/2024 22:30,10.64,15.38
140,7/23/2024 22:45,10.64,15.36
141,7/23/2024 23:00,10.68,15.34
142,7/23/2024 23:15,10.58,15.34
143,7/23/2024 23:30,10.65,15.36
144,7/23/2024 23:45,10.56,15.38
145,7/24/2024 0:00,10.49,15.42
146,7/24/2024 0:15,10.52,15.48
147,7/24/2024 0:30,10.52,15.52
148,7/24/2024 0:45,10.5,15.54
149,7/24/2024 1:00,10.58,15.56
150,7/24/2024 1:15,10.58,15.58
151,7/24/2024 1:30,10.57,15.58
152,7/24/2024 1:45,10.6,15.56
153,7/24/2024 2:00,10.49,15.56
154,7/24/2024 2:15,10.27,15.56
155,7/24/2024 2:30,9.06,15.56
156,7/24/2024 2:45,8.76,15.56
157,7/24/2024 3:00,9.71,15.52
158,7/24/2024 3:15,9.66,15.5
159,7/24/2024 3:30,9.88,15.56
160,7/24/2024 3:45,10.16,15.64
161,7/24/2024 4:00,9.84,15.64
162,7/24/2024 4:15,9.56,15.52
163,7/24/2024 4:30,9.95,15.52
164,7/24/2024 4:45,9.93,15.52
165,7/24/2024 5:00,10.28,15.6
166,7/24/2024 5:15,10.17,15.64
167,7/24/2024 5:30,9.46,15.46
168,7/24/2024 5:45,7.99,15.5
169,7/24/2024 6:00,8.87,15.54
170,7/24/2024 6:15,9.55,15.42
171,7/24/2024 6:30,9.9,15.32
172,7/24/2024 6:45,9.99,15.32
173,7/24/2024 7:00,9.36,15.34
174,7/24/2024 7:15,8.64,15.36
175,7/24/2024 7:30,8.89,15.38
176,7/24/2024 7:45,9.55,15.42
177,7/24/2024 8:00,9.61,15.46
178,7/24/2024 8:15,9.95,15.44
179,7/24/2024 8:30,10.15,15.46
180,7/24/2024 8:45,10.33,15.5
181,7/24/2024 9:00,10.62,15.56
182,7/24/2024 9:15,10.77,15.64
183,7/24/2024 9:30,11.1,15.7
184,7/24/2024 9:45,11.55,15.8
185,7/24/2024 10:00,11.54,15.86
186,7/24/2024 10:15,11.21,16.04
187,7/24/2024 10:30,11.92,16.68
188,7/24/2024 10:45,12.22,16.98
189,7/24/2024 11:00,12.13,16.94
190,7/24/2024 11:15,12.2,16.98
191,7/24/2024 11:30,12.35,17.04
192,7/24/2024 11:45,12.26,17.04
193,7/24/2024 12:00,12.28,17.08
194,7/24/2024 12:15,12.57,17.26
195,7/24/2024 12:30,13.21,17.66
196,7/24/2024 12:45,14.54,18.46
197,7/24/2024 13:00,19.24,19.84
198,7/24/2024 13:15,9.76,18.84
199,7/24/2024 13:30,9.17,21.12
200,7/24/2024 13:45,9.33,21.52
201,7/24/2024 14:00,9.03,22.44
202,7/24/2024 14:15,9.1,22.5
203,7/24/2024 14:30,8.95,23.88
204,7/24/2024 14:45,8.88,23.56
205,7/24/2024 15:00,8.86,24.44
206,7/24/2024 15:15,8.54,25.54
207,7/24/2024 15:30,8.51,24.7
208,7/24/2024 15:45,8.42,25.7
209,7/24/2024 16:00,8.5,25.68
210,7/24/2024 16:15,14.31,21.98
211,7/24/2024 16:30,16.29,19.38
212,7/24/2024 16:45,16.3,18.82
213,7/24/2024 17:00,14.75,17.8
214,7/24/2024 17:15,13.11,16.76
215,7/24/2024 17:30,13.12,16.52
216,7/24/2024 17:45,13,16.4
217,7/24/2024 18:00,12.71,16.32
218,7/24/2024 18:15,12.81,16.34
219,7/24/2024 18:30,12.54,16.34
220,7/24/2024 18:45,11.71,16.02
221,7/24/2024 19:00,11.08,15.84
222,7/24/2024 19:15,10.93,15.8
223,7/24/2024 19:30,10.58,15.7
224,7/24/2024 19:45,10.23,15.78
225,7/24/2024 20:00,10.04,15.88
226,7/24/2024 20:15,10.5,16.04
227,7/24/2024 20:30,10.87,15.98
228,7/24/2024 20:45,10.73,15.84
229,7/24/2024 21:00,10.84,15.76
230,7/24/2024 21:15,10.66,15.68
231,7/24/2024 21:30,10.6,15.62
232,7/24/2024 21:45,10.6,15.64
233,7/24/2024 22:00,10.77,15.78
234,7/24/2024 22:15,11.15,15.8
235,7/24/2024 22:30,11.13,15.78
236,7/24/2024 22:45,11.01,15.74
237,7/24/2024 23:00,10.96,15.68
238,7/24/2024 23:15,11.23,15.72
239,7/24/2024 23:30,11.04,15.68
240,7/24/2024 23:45,10.95,15.62
241,7/25/2024 0:00,10.91,15.6
242,7/25/2024 0:15,10.86,15.58
243,7/25/2024 0:30,10.78,15.56
244,7/25/2024 0:45,10.67,15.56
245,7/25/2024 1:00,10.65,15.56
246,7/25/2024 1:15,10.57,15.56
247,7/25/2024 1:30,10.49,15.56
248,7/25/2024 1:45,10.47,15.56
249,7/25/2024 2:00,10.52,15.56
250,7/25/2024 2:15,10.53,15.6
251,7/25/2024 2:30,10.48,15.6
252,7/25/2024 2:45,10.48,15.6
253,7/25/2024 3:00,9.79,15.58
254,7/25/2024 3:15,10.05,15.58
255,7/25/2024 3:30,9.87,15.56
256,7/25/2024 3:45,9.64,15.54
257,7/25/2024 4:00,9.59,15.56
258,7/25/2024 4:15,9.48,15.58
259,7/25/2024 4:30,10.61,15.78
260,7/25/2024 4:45,10.81,15.94
261,7/25/2024 5:00,11.06,15.98
262,7/25/2024 5:15,11.12,16.04
263,7/25/2024 5:30,11.32,16.08
264,7/25/2024 5:45,11.44,16.2
265,7/25/2024 6:00,10.12,15.7
266,7/25/2024 6:15,10.14,15.48
267,7/25/2024 6:30,9.96,15.4
268,7/25/2024 6:45,10.07,15.28
269,7/25/2024 7:00,10.06,15.24
270,7/25/2024 7:15,10.14,15.3
271,7/25/2024 7:30,10.06,15.32
272,7/25/2024 7:45,9.61,15.36
273,7/25/2024 8:00,9.76,15.34
274,7/25/2024 8:15,9.73,15.42
275,7/25/2024 8:30,9.65,15.5
276,7/25/2024 8:45,10.05,15.52
277,7/25/2024 9:00,10.47,15.54
278,7/25/2024 9:15,10.69,15.6
279,7/25/2024 9:30,10.77,15.64
280,7/25/2024 9:45,11.17,15.66
281,7/25/2024 10:00,11.62,15.76
282,7/25/2024 10:15,11.67,15.78
283,7/25/2024 10:30,11.85,15.84
284,7/25/2024 10:45,12.01,15.9
285,7/25/2024 11:00,12.01,15.92
286,7/25/2024 11:15,12.06,15.94
287,7/25/2024 11:30,12,16.04
288,7/25/2024 11:45,12.09,16.2
289,7/25/2024 12:00,12.24,16.38
290,7/25/2024 12:15,12.27,16.54
291,7/25/2024 12:30,12.39,16.64
292,7/25/2024 12:45,12.57,16.76
293,7/25/2024 13:00,12.89,16.96
294,7/25/2024 13:15,13.58,17.18
295,7/25/2024 13:30,14.39,17.58
296,7/25/2024 13:45,15.09,18.14
297,7/25/2024 14:00,18.41,19.34
298,7/25/2024 14:15,24.25,20.32
299,7/25/2024 14:30,9.59,19.44
300,7/25/2024 14:45,9.2,21.78
301,7/25/2024 15:00,8.98,22.88
302,7/25/2024 15:15,8.86,23.88
303,7/25/2024 15:30,8.99,23.2
304,7/25/2024 15:45,8.99,23.88
305,7/25/2024 16:00,8.52,26.1
306,7/25/2024 16:15,8.65,25.58
307,7/25/2024 16:30,18.67,26.5
308,7/25/2024 16:45,18.69,20.58
309,7/25/2024 17:00,15.98,18.32
310,7/25/2024 17:15,15.09,17.94
311,7/25/2024 17:30,14.85,17.64
312,7/25/2024 17:45,14.11,17.1
313,7/25/2024 18:00,14.05,16.94
314,7/25/2024 18:15,13.6,16.56
315,7/25/2024 18:30,13.32,16.3
316,7/25/2024 18:45,13.13,16.16
317,7/25/2024 19:00,12.91,16.28
318,7/25/2024 19:15,13.31,16.42
319,7/25/2024 19:30,13.13,16.52
320,7/25/2024 19:45,12.83,16.48
321,7/25/2024 20:00,12.47,16.32
322,7/25/2024 20:15,11.89,16.38
323,7/25/2024 20:30,12.21,16.48
324,7/25/2024 20:45,12.4,16.5
325,7/25/2024 21:00,12.61,16.46
326,7/25/2024 21:15,11.6,16.08
327,7/25/2024 21:30,11.55,16
328,7/25/2024 21:45,11.83,16.06
329,7/25/2024 22:00,11.61,16.06
330,7/25/2024 22:15,11.68,15.98
331,7/25/2024 22:30,11.54,15.94
332,7/25/2024 22:45,11.59,15.9
333,7/25/2024 23:00,11.37,15.82
334,7/25/2024 23:15,11.13,15.72
335,7/25/2024 23:30,11.01,15.66
336,7/25/2024 23:45,10.93,15.62
337,7/26/2024 0:00,10.92,15.6
338,7/26/2024 0:15,10.86,15.56
339,7/26/2024 0:30,10.86,15.56
340,7/26/2024 0:45,10.79,15.56
341,7/26/2024 1:00,10.79,15.58
342,7/26/2024 1:15,10.86,15.64
343,7/26/2024 1:30,10.9,15.66
344,7/26/2024 1:45,10.84,15.68
345,7/26/2024 2:00,10.82,15.68
346,7/26/2024 2:15,10.74,15.66
347,7/26/2024 2:30,10.62,15.66
348,7/26/2024 2:45,10.59,15.64
349,7/26/2024 3:00,10.43,15.62
350,7/26/2024 3:15,10.26,15.62
351,7/26/2024 3:30,10.12,15.6
352,7/26/2024 3:45,9.58,15.58
353,7/26/2024 4:00,8.91,15.58
354,7/26/2024 4:15,9.01,15.56
355,7/26/2024 4:30,8.89,15.54
356,7/26/2024 4:45,8.98,15.54
357,7/26/2024 5:00,11.79,15.96
358,7/26/2024 5:15,8.76,16.16
359,7/26/2024 5:30,8.98,16.02
360,7/26/2024 5:45,11.97,16.26
361,7/26/2024 6:00,12.37,16.46
362,7/26/2024 6:15,12.23,16.38
363,7/26/2024 6:30,9.02,16.26
364,7/26/2024 6:45,8.85,15.78
365,7/26/2024 7:00,10.76,15.86
366,7/26/2024 7:15,10.56,15.86
367,7/26/2024 7:30,10.56,15.78
368,7/26/2024 7:45,10.48,15.62
369,7/26/2024 8:00,10.43,15.52
370,7/26/2024 8:15,10.56,15.48
371,7/26/2024 8:30,10.58,15.46
372,7/26/2024 8:45,10.56,15.48
373,7/26/2024 9:00,10.56,15.56
374,7/26/2024 9:15,10.72,15.58
375,7/26/2024 9:30,11.07,15.62
376,7/26/2024 9:45,11.03,15.66
377,7/26/2024 10:00,11.11,15.62
378,7/26/2024 10:15,11.26,15.66
379,7/26/2024 10:30,11.4,15.7
380,7/26/2024 10:45,11.67,15.72
381,7/26/2024 11:00,11.93,15.78
382,7/26/2024 11:15,12.06,15.8
383,7/26/2024 11:30,11.94,15.76
384,7/26/2024 11:45,12.29,15.82
385,7/26/2024 12:00,12.62,15.92
386,7/26/2024 12:15,12.92,16.08
387,7/26/2024 12:30,13.05,16.22
388,7/26/2024 12:45,13.15,16.32
389,7/26/2024 13:00,13.14,16.66
390,7/26/2024 13:15,13.12,17.06
391,7/26/2024 13:30,13.45,17.28
392,7/26/2024 13:45,13.65,17.42
393,7/26/2024 14:00,13.8,17.58
394,7/26/2024 14:15,14.28,17.7
395,7/26/2024 14:30,15.51,17.86
396,7/26/2024 14:45,16.06,17.76
397,7/26/2024 15:00,16.24,18.04
398,7/26/2024 15:15,16.24,18.38
399,7/26/2024 15:30,18.71,18.6
400,7/26/2024 15:45,18.19,18.92
401,7/26/2024 16:00,18.37,19.36
402,7/26/2024 16:15,18.53,19.38
403,7/26/2024 16:30,19.01,19.2
404,7/26/2024 16:45,17.46,19
405,7/26/2024 17:00,15.9,18.68
406,7/26/2024 17:15,16.44,18.34
407,7/26/2024 17:30,16.14,17.88
408,7/26/2024 17:45,15.7,17.6
409,7/26/2024 18:00,15.57,17.62
410,7/26/2024 18:15,15.28,17.6
411,7/26/2024 18:30,14.95,17.22
412,7/26/2024 18:45,16.16,17.92
413,7/26/2024 19:00,13.64,17.24
414,7/26/2024 19:15,14.49,17
415,7/26/2024 19:30,13.86,17.6
416,7/26/2024 19:45,13.59,17.06
417,7/26/2024 20:00,11.9,16.46
418,7/26/2024 20:15,12.05,16.22
419,7/26/2024 20:30,11.79,16.22
420,7/26/2024 20:45,11.63,16.24
421,7/26/2024 21:00,11.29,16.18
422,7/26/2024 21:15,11.04,15.94
423,7/26/2024 21:30,11.35,15.96
424,7/26/2024 21:45,11.75,15.92
425,7/26/2024 22:00,11.45,15.78
426,7/26/2024 22:15,11.2,15.74
427,7/26/2024 22:30,11.07,15.72
428,7/26/2024 22:45,11.08,15.68
429,7/26/2024 23:00,10.83,15.62
430,7/26/2024 23:15,10.9,15.62
431,7/26/2024 23:30,11.42,15.7
432,7/26/2024 23:45,11.44,15.7
433,7/27/2024 0:00,11.47,15.7
434,7/27/2024 0:15,11.49,15.74
435,7/27/2024 0:30,11.49,15.74
436,7/27/2024 0:45,11.26,15.68
437,7/27/2024 1:00,11.24,15.66
438,7/27/2024 1:15,11.2,15.7
439,7/27/2024 1:30,11.26,15.72
440,7/27/2024 1:45,11.13,15.7
441,7/27/2024 2:00,11.08,15.68
442,7/27/2024 2:15,11.01,15.66
443,7/27/2024 2:30,10.98,15.68
444,7/27/2024 2:45,11.63,15.84
445,7/27/2024 3:00,12.22,16.2
446,7/27/2024 3:15,12.73,16.42
447,7/27/2024 3:30,12.86,16.56
448,7/27/2024 3:45,13.12,16.66
449,7/27/2024 4:00,12.95,16.66
450,7/27/2024 4:15,12.91,16.6
451,7/27/2024 4:30,12.88,16.56
452,7/27/2024 4:45,11.69,16.54
453,7/27/2024 5:00,11.85,16.56
454,7/27/2024 5:15,12.22,16.54
455,7/27/2024 5:30,11.21,16.42
456,7/27/2024 5:45,12.64,16.42
457,7/27/2024 6:00,11.69,16.56
458,7/27/2024 6:15,14.31,16.84
459,7/27/2024 6:30,14.59,17.38
460,7/27/2024 6:45,14.82,17.4
461,7/27/2024 7:00,15.12,17.56
462,7/27/2024 7:15,14.97,17.6
463,7/27/2024 7:30,13,17.24
464,7/27/2024 7:45,11.68,16.74
465,7/27/2024 8:00,12.63,16.8
466,7/27/2024 8:15,11.23,16.58
467,7/27/2024 8:30,11.24,16
468,7/27/2024 8:45,11.02,15.72
469,7/27/2024 9:00,11.03,15.62
470,7/27/2024 9:15,10.99,15.7
471,7/27/2024 9:30,9.81,15.8
472,7/27/2024 9:45,11.69,15.9
473,7/27/2024 10:00,12.27,15.94
474,7/27/2024 10:15,12.46,16.08
475,7/27/2024 10:30,12.63,16.1
476,7/27/2024 10:45,12.53,16.08
477,7/27/2024 11:00,13.04,16.1
478,7/27/2024 11:15,13.25,16.08
479,7/27/2024 11:30,13.01,16.1
480,7/27/2024 11:45,13.09,16.1
481,7/27/2024 12:00,13.55,16.18
482,7/27/2024 12:15,13.65,16.22
483,7/27/2024 12:30,13.63,16.22
484,7/27/2024 12:45,13.83,16.24
485,7/27/2024 13:00,14.1,16.28
486,7/27/2024 13:15,14.57,16.38
487,7/27/2024 13:30,14.73,16.98
488,7/27/2024 13:45,14.84,17.5
489,7/27/2024 14:00,14.86,17.66
490,7/27/2024 14:15,15.03,17.8
491,7/27/2024 14:30,15.39,17.84
492,7/27/2024 14:45,15.7,18.08
493,7/27/2024 15:00,16.58,17.9
494,7/27/2024 15:15,17.17,17.64
495,7/27/2024 15:30,17.61,17.56
496,7/27/2024 15:45,17.79,17.54
497,7/27/2024 16:00,17.98,17.66
498,7/27/2024 16:15,18.69,17.76
499,7/27/2024 16:30,19.39,18.08
500,7/27/2024 16:45,20.18,18.18
501,7/27/2024 17:00,17.01,18.44
502,7/27/2024 17:15,15.27,18.54
503,7/27/2024 17:30,16.48,18.56
504,7/27/2024 17:45,17.53,17.58
505,7/27/2024 18:00,16.81,17.16
506,7/27/2024 18:15,15.71,16.78
507,7/27/2024 18:30,15.67,16.54
508,7/27/2024 18:45,15.22,16.38
509,7/27/2024 19:00,14.01,16.16
510,7/27/2024 19:15,13.24,15.96
511,7/27/2024 19:30,12.32,15.82
512,7/27/2024 19:45,11.61,15.66
513,7/27/2024 20:00,11.15,15.62
514,7/27/2024 20:15,11.02,15.58
515,7/27/2024 20:30,10.83,15.56
516,7/27/2024 20:45,10.4,15.56
517,7/27/2024 21:00,10.75,15.56
518,7/27/2024 21:15,10.59,15.62
519,7/27/2024 21:30,10.43,15.66
520,7/27/2024 21:45,10.17,15.66
521,7/27/2024 22:00,10.4,15.56
522,7/27/2024 22:15,10.19,15.52
523,7/27/2024 22:30,9.88,15.52
524,7/27/2024 22:45,10.26,15.5
525,7/27/2024 23:00,9.89,15.5
526,7/27/2024 23:15,10.17,15.52
527,7/27/2024 23:30,10.55,15.5
528,7/27/2024 23:45,10.44,15.48
529,7/28/2024 0:00,10.7,15.48
530,7/28/2024 0:15,10.99,15.52
531,7/28/2024 0:30,11.08,15.58
532,7/28/2024 0:45,11.58,15.7
533,7/28/2024 1:00,11.73,15.8
534,7/28/2024 1:15,11.9,15.9
535,7/28/2024 1:30,12.1,15.94
536,7/28/2024 1:45,12.09,15.94
537,7/28/2024 2:00,11.77,15.92
538,7/28/2024 2:15,12,15.9
539,7/28/2024 2:30,12.31,15.98
540,7/28/2024 2:45,12.91,16.1
541,7/28/2024 3:00,13.09,16.18
542,7/28/2024 3:15,13.01,16.18
543,7/28/2024 3:30,12.8,16.16
544,7/28/2024 3:45,12.68,16.12
545,7/28/2024 4:00,12.48,16.1
546,7/28/2024 4:15,12.31,16.08
547,7/28/2024 4:30,11.94,16.06
548,7/28/2024 4:45,12.09,16.04
549,7/28/2024 5:00,11.51,16.02
550,7/28/2024 5:15,11.66,16.08
551,7/28/2024 5:30,8.8,15.78
552,7/28/2024 5:45,7.93,15.74
553,7/28/2024 6:00,5.54,15.66
554,7/28/2024 6:15,4.17,15.42
555,7/28/2024 6:30,3.84,14.94
556,7/28/2024 6:45,3.48,15.02
557,7/28/2024 7:00,3,15.4
558,7/28/2024 7:15,8.35,15.82
559,7/28/2024 7:30,10.33,16.18
560,7/28/2024 7:45,11.09,16.4
561,7/28/2024 8:00,12.37,16.56
562,7/28/2024 8:15,12.9,16.72
563,7/28/2024 8:30,12.78,16.78
564,7/28/2024 8:45,9.92,16.58
565,7/28/2024 9:00,10.57,16.48
566,7/28/2024 9:15,11.18,16.26
567,7/28/2024 9:30,10.91,15.98
568,7/28/2024 9:45,10.91,15.84
569,7/28/2024 10:00,10.36,15.9
570,7/28/2024 10:15,11.36,16.12
571,7/28/2024 10:30,11.04,16.42
572,7/28/2024 10:45,11.63,16.32
573,7/28/2024 11:00,12.03,16.28
574,7/28/2024 11:15,11.73,16.08
575,7/28/2024 11:30,11.16,15.86
576,7/28/2024 11:45,10.78,15.74
577,7/28/2024 12:00,11.07,15.68
578,7/28/2024 12:15,10.72,15.68
579,7/28/2024 12:30,10.4,15.54
580,7/28/2024 12:45,11.12,15.72
581,7/28/2024 13:00,11.71,15.9
582,7/28/2024 13:15,12.03,16.02
583,7/28/2024 13:30,12.49,16.14
584,7/28/2024 13:45,12.7,16.24
585,7/28/2024 14:00,12.26,16.16
586,7/28/2024 14:15,12.4,16.1
587,7/28/2024 14:30,12.58,16.12
588,7/28/2024 14:45,12.81,16.18
589,7/28/2024 15:00,12.97,16.2
590,7/28/2024 15:15,12.97,16.18
591,7/28/2024 15:30,13.2,16.2
592,7/28/2024 15:45,13.24,16.2
593,7/28/2024 16:00,13.47,16.26
594,7/28/2024 16:15,13.75,16.34
595,7/28/2024 16:30,13.85,16.4
596,7/28/2024 16:45,13.98,16.48
597,7/28/2024 17:00,13.9,16.56
598,7/28/2024 17:15,14.08,16.48
599,7/28/2024 17:30,14.2,16.42
600,7/28/2024 17:45,13.9,16.32
601,7/28/2024 18:00,13.08,16.26
602,7/28/2024 18:15,12.87,16.18
603,7/28/2024 18:30,13.25,16.2
604,7/28/2024 18:45,13.86,16.24
605,7/28/2024 19:00,12.68,16.12
606,7/28/2024 19:15,12.07,16.04
607,7/28/2024 19:30,11.62,15.88
608,7/28/2024 19:45,11.55,15.82
609,7/28/2024 20:00,11.17,15.76
610,7/28/2024 20:15,10.84,15.64
611,7/28/2024 20:30,10.86,15.58
612,7/28/2024 20:45,10.75,15.56
613,7/28/2024 21:00,10.55,15.52
614,7/28/2024 21:15,10.3,15.44
615,7/28/2024 21:30,10.21,15.38
616,7/28/2024 21:45,10.21,15.36
617,7/28/2024 22:00,10.22,15.38
618,7/28/2024 22:15,9.49,15.4
619,7/28/2024 22:30,9.36,15.42
620,7/28/2024 22:45,9.8,15.44
621,7/28/2024 23:00,9.74,15.44
622,7/28/2024 23:15,10.25,15.42
623,7/28/2024 23:30,9.78,15.44
624,7/28/2024 23:45,9.82,15.48
625,7/29/2024 0:00,9.87,15.48
626,7/29/2024 0:15,10.25,15.48
627,7/29/2024 0:30,10.17,15.46
628,7/29/2024 0:45,10.28,15.46
629,7/29/2024 1:00,10.22,15.48
630,7/29/2024 1:15,10.09,15.5
631,7/29/2024 1:30,10.52,15.56
632,7/29/2024 1:45,10.89,15.58
633,7/29/2024 2:00,11.16,15.64
634,7/29/2024 2:15,11.33,15.66
635,7/29/2024 2:30,11.45,15.68
636,7/29/2024 2:45,11.5,15.7
637,7/29/2024 3:00,11.38,15.7
638,7/29/2024 3:15,11.55,15.74
639,7/29/2024 3:30,11.78,15.8
640,7/29/2024 3:45,12.02,15.86
641,7/29/2024 4:00,12.49,15.98
642,7/29/2024 4:15,12.82,16.14
643,7/29/2024 4:30,12.7,16.16
644,7/29/2024 4:45,12.71,16.18
645,7/29/2024 5:00,12.69,16.22
646,7/29/2024 5:15,12.31,16.18
647,7/29/2024 5:30,11.79,16.12
648,7/29/2024 5:45,10.91,15.98
649,7/29/2024 6:00,9.58,15.88
650,7/29/2024 6:15,8.69,15.86
651,7/29/2024 6:30,6.58,15.76
652,7/29/2024 6:45,10.13,15.32
653,7/29/2024 7:00,10.19,15.14
654,7/29/2024 7:15,10.24,15.04
655,7/29/2024 7:30,10.22,15.14
656,7/29/2024 7:45,10.22,15.12
657,7/29/2024 8:00,10.19,15.2
658,7/29/2024 8:15,7.54,15.44
659,7/29/2024 8:30,7.25,15.92
660,7/29/2024 8:45,10.85,16.16
661,7/29/2024 9:00,11.87,16.44
662,7/29/2024 9:15,12.37,16.56
663,7/29/2024 9:30,12.69,16.58
664,7/29/2024 9:45,12.99,16.6
665,7/29/2024 10:00,12.86,16.52
666,7/29/2024 10:15,12.29,16.26
667,7/29/2024 10:30,12.63,16.3
668,7/29/2024 10:45,12.27,16.4
669,7/29/2024 11:00,12.52,16.3
670,7/29/2024 11:15,12.73,16.24
671,7/29/2024 11:30,12.53,16.3
672,7/29/2024 11:45,12.03,16.04
673,7/29/2024 12:00,11.89,16.12
674,7/29/2024 12:15,12.75,16.34
675,7/29/2024 12:30,12.71,16.38
676,7/29/2024 12:45,12.48,16.18
677,7/29/2024 13:00,12.04,16
678,7/29/2024 13:15,11.86,15.94
679,7/29/2024 13:30,11.76,15.84
680,7/29/2024 13:45,11.9,15.88
681,7/29/2024 14:00,12.18,15.98
682,7/29/2024 14:15,12.56,16.08
683,7/29/2024 14:30,12.8,16.16
684,7/29/2024 14:45,13.11,16.22
685,7/29/2024 15:00,13.55,16.3
686,7/29/2024 15:15,13.16,16.24
687,7/29/2024 15:30,12.65,16.08
688,7/29/2024 15:45,12.54,15.98
689,7/29/2024 16:00,12.7,15.96
690,7/29/2024 16:15,12.71,15.96
691,7/29/2024 16:30,12.66,15.96
692,7/29/2024 16:45,12.58,15.96
693,7/29/2024 17:00,12.7,15.98
694,7/29/2024 17:15,12.8,16.02
695,7/29/2024 17:30,12.92,16.04
696,7/29/2024 17:45,12.92,16.06
697,7/29/2024 18:00,13.11,16.08
698,7/29/2024 18:15,13.23,16.1
699,7/29/2024 18:30,13.26,16.1
700,7/29/2024 18:45,13.42,16.12
701,7/29/2024 19:00,13.03,16.14
702,7/29/2024 19:15,12.88,16.16
703,7/29/2024 19:30,13.52,16.18
704,7/29/2024 19:45,12.98,16.2
705,7/29/2024 20:00,12.35,16.22
706,7/29/2024 20:15,13.04,16.22
707,7/29/2024 20:30,12.41,16.22
708,7/29/2024 20:45,12.65,16.22
709,7/29/2024 21:00,12.53,16.24
710,7/29/2024 21:15,9.7,15.88
711,7/29/2024 21:30,10.05,15.58
712,7/29/2024 21:45,10.15,15.54
713,7/29/2024 22:00,10.19,15.52
714,7/29/2024 22:15,10.1,15.5
715,7/29/2024 22:30,9.71,15.5
716,7/29/2024 22:45,8.39,15.52
717,7/29/2024 23:00,9.56,15.54
718,7/29/2024 23:15,9.75,15.58
719,7/29/2024 23:30,9.44,15.64
720,7/29/2024 23:45,9.38,15.58
721,7/30/2024 0:00,9.51,15.56
722,7/30/2024 0:15,9.46,15.54
723,7/30/2024 0:30,9.46,15.54
724,7/30/2024 0:45,9.22,15.5
725,7/30/2024 1:00,9.3,15.52
726,7/30/2024 1:15,9.19,15.56
727,7/30/2024 1:30,9.47,15.58
728,7/30/2024 1:45,10.3,15.66
729,7/30/2024 2:00,11,15.76
730,7/30/2024 2:15,12.26,15.96
731,7/30/2024 2:30,12.56,16.06
732,7/30/2024 2:45,12.58,16.14
733,7/30/2024 3:00,12.68,16.18
734,7/30/2024 3:15,12.65,16.2
735,7/30/2024 3:30,12.54,16.2
736,7/30/2024 3:45,11.98,16.16
737,7/30/2024 4:00,11.34,16.02
738,7/30/2024 4:15,11.28,15.98
739,7/30/2024 4:30,11.79,16.06
740,7/30/2024 4:45,12.18,16.18
741,7/30/2024 5:00,12.51,16.24
742,7/30/2024 5:15,12.96,16.32
743,7/30/2024 5:30,13.18,16.38
744,7/30/2024 5:45,12.86,16.38
745,7/30/2024 6:00,12.72,16.38
746,7/30/2024 6:15,12.37,16.38
747,7/30/2024 6:30,11.71,16.36
748,7/30/2024 6:45,11,16.38
749,7/30/2024 7:00,9.83,16.4
750,7/30/2024 7:15,9.91,16.56
751,7/30/2024 7:30,9.88,16.74
752,7/30/2024 7:45,9.85,16.9
753,7/30/2024 8:00,9.81,17.06
754,7/30/2024 8:15,9.84,17.04
755,7/30/2024 8:30,9.85,17.16
756,7/30/2024 8:45,9.76,17.44
757,7/30/2024 9:00,9.79,17.5
758,7/30/2024 9:15,9.74,17.74
759,7/30/2024 9:30,9.73,17.72
760,7/30/2024 9:45,10.5,17
761,7/30/2024 10:00,11.78,16.58
762,7/30/2024 10:15,12.13,16.5
763,7/30/2024 10:30,12.17,16.5
764,7/30/2024 10:45,12.39,16.54
765,7/30/2024 11:00,13.13,16.5
766,7/30/2024 11:15,12.26,16.16
767,7/30/2024 11:30,11.97,16
768,7/30/2024 11:45,11.77,15.94
769,7/30/2024 12:00,11.81,16.12
770,7/30/2024 12:15,12.21,16.28
771,7/30/2024 12:30,12.66,16.34
772,7/30/2024 12:45,13.24,16.34
773,7/30/2024 13:00,12.1,16.28
774,7/30/2024 13:15,11.68,15.9
775,7/30/2024 13:30,11.5,15.86
776,7/30/2024 13:45,11.4,15.84
777,7/30/2024 14:00,11.5,15.96
778,7/30/2024 14:15,12.52,16.1
779,7/30/2024 14:30,12.45,16.08
780,7/30/2024 14:45,12.51,16.08
781,7/30/2024 15:00,12.73,16.14
782,7/30/2024 15:15,12.55,16.12
783,7/30/2024 15:30,12.51,16.08
784,7/30/2024 15:45,11.79,15.92
785,7/30/2024 16:00,11.44,15.82
786,7/30/2024 16:15,11.23,15.76
787,7/30/2024 16:30,11.16,15.72
788,7/30/2024 16:45,11.03,15.68
789,7/30/2024 17:00,10.98,15.68
790,7/30/2024 17:15,10.89,15.62
791,7/30/2024 17:30,10.85,15.58
792,7/30/2024 17:45,10.96,15.58
793,7/30/2024 18:00,10.99,15.56
794,7/30/2024 18:15,11.1,15.56
795,7/30/2024 18:30,11.13,15.56
796,7/30/2024 18:45,11.04,15.54
797,7/30/2024 19:00,11.1,15.54
798,7/30/2024 19:15,11.03,15.56
799,7/30/2024 19:30,10.87,15.56
800,7/30/2024 19:45,10.72,15.56
801,7/30/2024 20:00,10.57,15.56
802,7/30/2024 20:15,10.62,15.58
803,7/30/2024 20:30,10.44,15.58
804,7/30/2024 20:45,10,15.44
805,7/30/2024 21:00,9.9,15.4
806,7/30/2024 21:15,9.54,15.38
807,7/30/2024 21:30,9.55,15.38
808,7/30/2024 21:45,9.49,15.4
809,7/30/2024 22:00,9.29,15.38
810,7/30/2024 22:15,9.47,15.36
811,7/30/2024 22:30,9.3,15.32
812,7/30/2024 22:45,8.99,15.34
813,7/30/2024 23:00,9.41,15.42
814,7/30/2024 23:15,9.49,15.54
815,7/30/2024 23:30,9.4,15.56
816,7/30/2024 23:45,9.55,15.56
817,7/31/2024 0:00,9.68,15.6
818,7/31/2024 0:15,9.61,15.6
819,7/31/2024 0:30,9.56,15.62
820,7/31/2024 0:45,9.34,15.58
821,7/31/2024 1:00,9.27,15.58
822,7/31/2024 1:15,9.33,15.5
823,7/31/2024 1:30,8.89,15.44
824,7/31/2024 1:45,9.15,15.44
825,7/31/2024 2:00,8.28,15.42
826,7/31/2024 2:15,8.52,15.4
827,7/31/2024 2:30,9.12,15.36
828,7/31/2024 2:45,9.01,15.4
829,7/31/2024 3:00,8.87,15.44
830,7/31/2024 3:15,9.2,15.48
831,7/31/2024 3:30,9.92,15.56
832,7/31/2024 3:45,10.28,15.64
833,7/31/2024 4:00,10.93,15.76
834,7/31/2024 4:15,12.13,15.92
835,7/31/2024 4:30,12.79,16.06
836,7/31/2024 4:45,13.26,16.18
837,7/31/2024 5:00,13.76,16.28
838,7/31/2024 5:15,13.94,16.38
839,7/31/2024 5:30,13.89,16.42
840,7/31/2024 5:45,13.82,16.4
841,7/31/2024 6:00,13.75,16.38
842,7/31/2024 6:15,13.68,16.38
843,7/31/2024 6:30,13.6,16.36
844,7/31/2024 6:45,13.41,16.34
845,7/31/2024 7:00,13.13,16.32
846,7/31/2024 7:15,12.7,16.26
847,7/31/2024 7:30,12.29,16.26
848,7/31/2024 7:45,11.55,16.28
849,7/31/2024 8:00,9.96,16.42
850,7/31/2024 8:15,9.91,16.62
851,7/31/2024 8:30,9.87,17.02
852,7/31/2024 8:45,9.83,17.1
853,7/31/2024 9:00,9.8,17.38
854,7/31/2024 9:15,9.75,17.82
855,7/31/2024 9:30,9.66,18.32
856,7/31/2024 9:45,9.39,20.28
857,7/31/2024 10:00,9.03,22.54
858,7/31/2024 10:15,8.65,25.42
859,7/31/2024 10:30,8.64,24.3
860,7/31/2024 10:45,8.64,23.66
861,7/31/2024 11:00,16.88,20.14
862,7/31/2024 11:15,15.33,18.26
863,7/31/2024 11:30,15.34,17.72
864,7/31/2024 11:45,15.48,17.44
865,7/31/2024 12:00,15.6,17.26
866,7/31/2024 12:15,15.89,17.08
867,7/31/2024 12:30,15.96,16.96
868,7/31/2024 12:45,15.18,16.86
869,7/31/2024 13:00,15.47,16.9
870,7/31/2024 13:15,15.69,16.96
871,7/31/2024 13:30,15.76,17.06
872,7/31/2024 13:45,16.32,17.24
873,7/31/2024 14:00,17.46,17.38
874,7/31/2024 14:15,17.42,17.42
875,7/31/2024 14:30,15.84,16.88
876,7/31/2024 14:45,15.76,16.58
877,7/31/2024 15:00,15.36,16.38
878,7/31/2024 15:15,14.73,16.24
879,7/31/2024 15:30,14.12,16.16
880,7/31/2024 15:45,13.6,16.1
881,7/31/2024 16:00,14.19,16.18
882,7/31/2024 16:15,13.88,16.18
883,7/31/2024 16:30,13.52,16.12
884,7/31/2024 16:45,12.32,15.96
885,7/31/2024 17:00,12.19,15.78
886,7/31/2024 17:15,11.68,15.76
887,7/31/2024 17:30,12.18,15.8
888,7/31/2024 17:45,11.92,15.78
889,7/31/2024 18:00,11.73,15.74
890,7/31/2024 18:15,11.64,15.7
891,7/31/2024 18:30,11.3,15.68
892,7/31/2024 18:45,11.01,15.66
893,7/31/2024 19:00,11.29,15.64
894,7/31/2024 19:15,11.15,15.62
895,7/31/2024 19:30,11.02,15.6
896,7/31/2024 19:45,10.92,15.6
897,7/31/2024 20:00,10.77,15.6
898,7/31/2024 20:15,10.77,15.6
899,7/31/2024 20:30,10.64,15.6
900,7/31/2024 20:45,10.64,15.6
901,7/31/2024 21:00,10.64,15.62
902,7/31/2024 21:15,10.67,15.62
903,7/31/2024 21:30,10.62,15.62
904,7/31/2024 21:45,10.68,15.6
905,7/31/2024 22:00,10.58,15.6
906,7/31/2024 22:15,10.39,15.62
907,7/31/2024 22:30,10.62,15.76
908,7/31/2024 22:45,10.35,15.82
909,7/31/2024 23:00,10.31,15.88
910,7/31/2024 23:15,11.59,16.14
911,7/31/2024 23:30,10.35,16.14
912,7/31/2024 23:45,9.36,15.64
913,8/1/2024 0:00,9.54,15.48
914,8/1/2024 0:15,9.48,15.46
915,8/1/2024 0:30,9.32,15.44
916,8/1/2024 0:45,9.58,15.4
917,8/1/2024 1:00,9.42,15.42
918,8/1/2024 1:15,9.01,15.42
919,8/1/2024 1:30,8.91,15.4
920,8/1/2024 1:45,9.13,15.4
921,8/1/2024 2:00,9.12,15.42
922,8/1/2024 2:15,9.14,15.44
923,8/1/2024 2:30,8.85,15.48
924,8/1/2024 2:45,9.89,15.48
925,8/1/2024 3:00,9.72,15.46
926,8/1/2024 3:15,9.61,15.44
927,8/1/2024 3:30,9.41,15.42
928,8/1/2024 3:45,9.27,15.42
929,8/1/2024 4:00,9.19,15.38
930,8/1/2024 4:15,9.33,15.36
931,8/1/2024 4:30,9.31,15.34
932,8/1/2024 4:45,9.72,15.34
933,8/1/2024 5:00,9.82,15.34
934,8/1/2024 5:15,9.62,15.34
935,8/1/2024 5:30,9.61,15.36
936,8/1/2024 5:45,9.54,15.42
937,8/1/2024 6:00,9.44,15.48
938,8/1/2024 6:15,9.41,15.5
939,8/1/2024 6:30,9.44,15.44
940,8/1/2024 6:45,10.16,15.54
941,8/1/2024 7:00,11.32,15.88
942,8/1/2024 7:15,10.9,15.9
943,8/1/2024 7:30,11.25,15.94
944,8/1/2024 7:45,12.23,16.14
945,8/1/2024 8:00,12.56,16.3
946,8/1/2024 8:15,13.22,16.42
947,8/1/2024 8:30,12.83,16.56
948,8/1/2024 8:45,13.76,17.22
949,8/1/2024 9:00,8.86,21.92
950,8/1/2024 9:15,8.36,24.52
951,8/1/2024 9:30,8.06,26.9
952,8/1/2024 9:45,7.83,28.24
953,8/1/2024 10:00,8,28.42
954,8/1/2024 10:15,8.1,28.46
955,8/1/2024 10:30,8.05,29.04
956,8/1/2024 10:45,8.13,29.14
957,8/1/2024 11:00,8.27,28.12
958,8/1/2024 11:15,8.36,27.56
959,8/1/2024 11:30,8.51,26.22
960,8/1/2024 11:45,8.26,26.76
961,8/1/2024 12:00,18.66,23.16
962,8/1/2024 12:15,17.09,20.56
963,8/1/2024 12:30,16.56,19.66
964,8/1/2024 12:45,17.21,19.46
965,8/1/2024 13:00,17.15,18.84
966,8/1/2024 13:15,16.22,18.16
967,8/1/2024 13:30,16.07,17.52
968,8/1/2024 13:45,16.05,17.68
969,8/1/2024 14:00,16.79,17.86
970,8/1/2024 14:15,16.64,17.96
971,8/1/2024 14:30,17.13,18
972,8/1/2024 14:45,14.51,16.68
973,8/1/2024 15:00,15,16.88
974,8/1/2024 15:15,16.31,17.6
975,8/1/2024 15:30,15.96,17.46
976,8/1/2024 15:45,14.99,16.7
977,8/1/2024 16:00,14.88,16.54
978,8/1/2024 16:15,14.42,16.5
979,8/1/2024 16:30,14.94,16.5
980,8/1/2024 16:45,14.74,16.44
981,8/1/2024 17:00,14.41,16.34
982,8/1/2024 17:15,14.41,16.32
983,8/1/2024 17:30,14.07,16.24
984,8/1/2024 17:45,13.66,16.14
985,8/1/2024 18:00,13.38,16.04
986,8/1/2024 18:15,13.28,16
987,8/1/2024 18:30,12.64,15.9
988,8/1/2024 18:45,11.59,15.76
989,8/1/2024 19:00,11.34,15.66
990,8/1/2024 19:15,11.37,15.66
991,8/1/2024 19:30,11.36,15.66
992,8/1/2024 19:45,11.35,15.66
993,8/1/2024 20:00,11.32,15.68
994,8/1/2024 20:15,11.36,15.7
995,8/1/2024 20:30,11.33,15.72
996,8/1/2024 20:45,11.36,15.74
997,8/1/2024 21:00,11.3,15.76
998,8/1/2024 21:15,11.28,15.78
999,8/1/2024 21:30,11.2,15.8
1000,8/1/2024 21:45,11.15,15.8
1001,8/1/2024 22:00,11.09,15.82
1002,8/1/2024 22:15,10.84,15.84
1003,8/1/2024 22:30,11.21,16.22
1004,8/1/2024 22:45,10.52,16.42
1005,8/1/2024 23:00,10.56,16.3
1006,8/1/2024 23:15,10.12,16.3
1007,8/1/2024 23:30,10.12,16.76
1008,8/1/2024 23:45,10.3,16.76
1009,8/2/2024 0:00,10.92,16.68
1010,8/2/2024 0:15,9.85,16.48
1011,8/2/2024 0:30,9.21,15.92
1012,8/2/2024 0:45,9.28,15.8
1013,8/2/2024 1:00,9.11,15.76
1014,8/2/2024 1:15,9.14,15.78
1015,8/2/2024 1:30,9.59,15.8
1016,8/2/2024 1:45,9.96,15.72
1017,8/2/2024 2:00,9.81,15.66
1018,8/2/2024 2:15,9.71,15.64
1019,8/2/2024 2:30,9.79,15.62
1020,8/2/2024 2:45,10.04,15.6
1021,8/2/2024 3:00,10.26,15.58
1022,8/2/2024 3:15,10.16,15.56
1023,8/2/2024 3:30,9.98,15.54
1024,8/2/2024 3:45,10.27,15.54
1025,8/2/2024 4:00,10.17,15.56
1026,8/2/2024 4:15,10.12,15.58
1027,8/2/2024 4:30,10.28,15.56
1028,8/2/2024 4:45,10.36,15.56
1029,8/2/2024 5:00,10.32,15.56
1030,8/2/2024 5:15,10.31,15.56
1031,8/2/2024 5:30,10.26,15.56
1032,8/2/2024 5:45,10.27,15.56
1033,8/2/2024 6:00,10.19,15.54
1034,8/2/2024 6:15,10.26,15.54
1035,8/2/2024 6:30,10.27,15.56
1036,8/2/2024 6:45,10.39,15.58
1037,8/2/2024 7:00,11.16,15.82
1038,8/2/2024 7:15,11.71,16.02
1039,8/2/2024 7:30,12.23,16.2
1040,8/2/2024 7:45,12.23,16.26
1041,8/2/2024 8:00,12.07,16.24
1042,8/2/2024 8:15,12.2,16.3
1043,8/2/2024 8:30,12.27,16.38
1044,8/2/2024 8:45,12.7,16.52
1045,8/2/2024 9:00,13.2,16.98
1046,8/2/2024 9:15,15.42,17.4
1047,8/2/2024 9:30,9.64,18.16
1048,8/2/2024 9:45,9.16,20.66
1049,8/2/2024 10:00,8.76,22.84
1050,8/2/2024 10:15,8.69,23.68
1051,8/2/2024 10:30,8.54,24.06
1052,8/2/2024 10:45,8.81,23.68
1053,8/2/2024 11:00,8.7,24.52
1054,8/2/2024 11:15,8.63,25.2
1055,8/2/2024 11:30,8.63,24.7
1056,8/2/2024 11:45,8.46,25.06
1057,8/2/2024 12:00,8.73,24.86
1058,8/2/2024 12:15,8.51,24.86
1059,8/2/2024 12:30,8.62,24.58
1060,8/2/2024 12:45,8.68,24.34
1061,8/2/2024 13:00,17.46,21.68
1062,8/2/2024 13:15,16.84,20.3
1063,8/2/2024 13:30,15.9,18.96
1064,8/2/2024 13:45,15.09,17.66
1065,8/2/2024 14:00,14.39,16.86
1066,8/2/2024 14:15,13.6,16.5
1067,8/2/2024 14:30,13.94,16.48
1068,8/2/2024 14:45,14.2,16.68
1069,8/2/2024 15:00,14.77,16.8
1070,8/2/2024 15:15,14.84,16.78
1071,8/2/2024 15:30,14.77,16.7
1072,8/2/2024 15:45,14.66,16.58
1073,8/2/2024 16:00,14.54,16.58
1074,8/2/2024 16:15,14.52,16.66
1075,8/2/2024 16:30,14.39,16.7
1076,8/2/2024 16:45,14.24,16.6
1077,8/2/2024 17:00,13.43,16.42
1078,8/2/2024 17:15,13.09,16.34
1079,8/2/2024 17:30,13.26,16.3
1080,8/2/2024 17:45,12.98,16.3
1081,8/2/2024 18:00,13.03,16.3
1082,8/2/2024 18:15,13.75,16.38
1083,8/2/2024 18:30,13.45,16.3
1084,8/2/2024 18:45,13.05,16.26
1085,8/2/2024 19:00,12.35,16.12
1086,8/2/2024 19:15,11.7,15.98
1087,8/2/2024 19:30,11.54,15.9
1088,8/2/2024 19:45,11.45,15.9
1089,8/2/2024 20:00,11.45,15.88
1090,8/2/2024 20:15,11.49,15.86
1091,8/2/2024 20:30,11.35,15.84
1092,8/2/2024 20:45,11.34,15.84
1093,8/2/2024 21:00,11.43,15.84
1094,8/2/2024 21:15,11.28,15.84
1095,8/2/2024 21:30,11.27,15.84
1096,8/2/2024 21:45,11.2,15.86
1097,8/2/2024 22:00,11.18,15.86
1098,8/2/2024 22:15,11.16,15.86
1099,8/2/2024 22:30,11.16,15.88
1100,8/2/2024 22:45,11.06,15.86
1101,8/2/2024 23:00,11.02,15.86
1102,8/2/2024 23:15,10.73,15.88
1103,8/2/2024 23:30,10.47,15.88
1104,8/2/2024 23:45,10.35,15.9
1105,8/3/2024 0:00,10.18,15.9
1106,8/3/2024 0:15,10.24,15.9
1107,8/3/2024 0:30,9.96,15.88
1108,8/3/2024 0:45,9.73,15.9
1109,8/3/2024 1:00,10.01,15.9
1110,8/3/2024 1:15,9.93,15.84
1111,8/3/2024 1:30,9.89,15.82
1112,8/3/2024 1:45,10.23,15.78
1113,8/3/2024 2:00,10.17,15.74
1114,8/3/2024 2:15,9.92,15.7
1115,8/3/2024 2:30,9.99,15.68
1116,8/3/2024 2:45,10.06,15.68
1117,8/3/2024 3:00,10.01,15.68
1118,8/3/2024 3:15,9.95,15.66
1119,8/3/2024 3:30,9.75,15.66
1120,8/3/2024 3:45,10.07,15.66
1121,8/3/2024 4:00,10,15.6
1122,8/3/2024 4:15,9.31,15.58
1123,8/3/2024 4:30,9.36,15.58
1124,8/3/2024 4:45,9.11,15.58
1125,8/3/2024 5:00,9.33,15.56
1126,8/3/2024 5:15,9.59,15.56
1127,8/3/2024 5:30,9.45,15.6
1128,8/3/2024 5:45,10.12,15.66
1129,8/3/2024 6:00,10.38,15.66
1130,8/3/2024 6:15,10.48,15.66
1131,8/3/2024 6:30,10.59,15.66
1132,8/3/2024 6:45,10.66,15.68
1133,8/3/2024 7:00,10.74,15.68
1134,8/3/2024 7:15,10.57,15.7
1135,8/3/2024 7:30,10.7,15.76
1136,8/3/2024 7:45,11.12,15.92
1137,8/3/2024 8:00,11.81,16.18
1138,8/3/2024 8:15,12.88,16.58
1139,8/3/2024 8:30,13.14,16.76
1140,8/3/2024 8:45,13.06,16.76
1141,8/3/2024 9:00,13.08,16.72
1142,8/3/2024 9:15,13.01,16.72
1143,8/3/2024 9:30,13.32,16.76
1144,8/3/2024 9:45,13.72,16.88
1145,8/3/2024 10:00,13.52,16.94
1146,8/3/2024 10:15,13.6,17.08
1147,8/3/2024 10:30,9.76,17.4
1148,8/3/2024 10:45,9.58,18.98
1149,8/3/2024 11:00,9.23,20.56
1150,8/3/2024 11:15,9.02,21.58
1151,8/3/2024 11:30,9.03,22.56
1152,8/3/2024 11:45,8.81,22.2
1153,8/3/2024 12:00,9.15,22.06
1154,8/3/2024 12:15,9.03,23.8
1155,8/3/2024 12:30,8.72,25.08
1156,8/3/2024 12:45,8.69,24.76
1157,8/3/2024 13:00,8.69,25.36
1158,8/3/2024 13:15,8.43,26.04
1159,8/3/2024 13:30,8.25,26.6
1160,8/3/2024 13:45,18.49,22.66
1161,8/3/2024 14:00,17.62,20.74
1162,8/3/2024 14:15,16.19,20.08
1163,8/3/2024 14:30,11.68,19.76
1164,8/3/2024 14:45,14.56,17.62
1165,8/3/2024 15:00,13.82,17.36
1166,8/3/2024 15:15,14.05,17.62
1167,8/3/2024 15:30,13.18,17.78
1168,8/3/2024 15:45,14.61,17.94
1169,8/3/2024 16:00,14.46,17.2
1170,8/3/2024 16:15,13.33,16.78
1171,8/3/2024 16:30,14.11,16.9
1172,8/3/2024 16:45,14.01,16.98
1173,8/3/2024 17:00,13.65,16.86
1174,8/3/2024 17:15,13.62,16.74
1175,8/3/2024 17:30,13.71,16.7
1176,8/3/2024 17:45,13.12,16.56
1177,8/3/2024 18:00,12.36,16.3
1178,8/3/2024 18:15,11.69,16.1
1179,8/3/2024 18:30,11.46,16.02
1180,8/3/2024 18:45,11.36,15.98
1181,8/3/2024 19:00,10.81,15.98
1182,8/3/2024 19:15,11.03,15.9
1183,8/3/2024 19:30,10.68,15.86
1184,8/3/2024 19:45,10.98,15.84
1185,8/3/2024 20:00,10.98,15.86
1186,8/3/2024 20:15,11.25,15.88
1187,8/3/2024 20:30,11.24,15.82
1188,8/3/2024 20:45,11.28,15.78
1189,8/3/2024 21:00,11.25,15.78
1190,8/3/2024 21:15,11.23,15.78
1191,8/3/2024 21:30,11.25,15.8
1192,8/3/2024 21:45,11.27,15.82
1193,8/3/2024 22:00,11.23,15.82
1194,8/3/2024 22:15,11.21,15.82
1195,8/3/2024 22:30,11.24,15.82
1196,8/3/2024 22:45,11.28,15.84
1197,8/3/2024 23:00,11.26,15.84
1198,8/3/2024 23:15,11.2,15.84
1199,8/3/2024 23:30,11.11,15.84
1200,8/3/2024 23:45,11.01,15.84
1201,8/4/2024 0:00,10.91,15.84
1202,8/4/2024 0:15,10.78,15.84
1203,8/4/2024 0:30,9.05,15.86
1204,8/4/2024 0:45,9.51,15.86
1205,8/4/2024 1:00,9.74,15.86
1206,8/4/2024 1:15,9.13,15.88
1207,8/4/2024 1:30,7.82,15.96
1208,8/4/2024 1:45,7.93,16.04
1209,8/4/2024 2:00,8.73,16.16
1210,8/4/2024 2:15,10.59,16.2
1211,8/4/2024 2:30,10.36,16.16
1212,8/4/2024 2:45,9.83,15.8
1213,8/4/2024 3:00,9.93,15.72
1214,8/4/2024 3:15,9.7,15.68
1215,8/4/2024 3:30,9.33,15.66
1216,8/4/2024 3:45,10.01,15.62
1217,8/4/2024 4:00,9.95,15.56
1218,8/4/2024 4:15,9.91,15.5
1219,8/4/2024 4:30,9.78,15.46
1220,8/4/2024 4:45,9.85,15.4
1221,8/4/2024 5:00,9.57,15.4
1222,8/4/2024 5:15,8.98,15.4
1223,8/4/2024 5:30,9.65,15.44
1224,8/4/2024 5:45,9.74,15.46
1225,8/4/2024 6:00,10.41,15.52
1226,8/4/2024 6:15,10.32,15.5
1227,8/4/2024 6:30,10.32,15.46
1228,8/4/2024 6:45,10.39,15.46
1229,8/4/2024 7:00,10.33,15.42
1230,8/4/2024 7:15,10.4,15.42
1231,8/4/2024 7:30,10.56,15.44
1232,8/4/2024 7:45,10.6,15.46
1233,8/4/2024 8:00,10.62,15.5
1234,8/4/2024 8:15,10.61,15.54
1235,8/4/2024 8:30,10.85,15.58
1236,8/4/2024 8:45,11.15,15.68
1237,8/4/2024 9:00,12.53,16.1
1238,8/4/2024 9:15,13.16,16.42
1239,8/4/2024 9:30,13,16.46
1240,8/4/2024 9:45,13.09,16.46
1241,8/4/2024 10:00,13.34,16.52
1242,8/4/2024 10:15,13.56,16.6
1243,8/4/2024 10:30,13.58,16.7
1244,8/4/2024 10:45,14.99,16.94
1245,8/4/2024 11:00,14.7,17.42
1246,8/4/2024 11:15,9.62,18.48
1247,8/4/2024 11:30,9.44,19.78
1248,8/4/2024 11:45,9.32,20.18
1249,8/4/2024 12:00,9.42,20.6
1250,8/4/2024 12:15,9.24,22.14
1251,8/4/2024 12:30,8.94,23.26
1252,8/4/2024 12:45,8.78,23.64
1253,8/4/2024 13:00,8.91,23.06
1254,8/4/2024 13:15,9.15,22.88
1255,8/4/2024 13:30,8.97,24.34
1256,8/4/2024 13:45,8.61,25.66
1257,8/4/2024 14:00,8.45,26.88
1258,8/4/2024 14:15,18.01,23.78
1259,8/4/2024 14:30,19.06,20.86
1260,8/4/2024 14:45,17.49,19.76
1261,8/4/2024 15:00,13.15,19.68
1262,8/4/2024 15:15,14.65,17.68
1263,8/4/2024 15:30,13.21,17.02
1264,8/4/2024 15:45,13.09,16.94
1265,8/4/2024 16:00,9.37,17
1266,8/4/2024 16:15,13.14,17.04
1267,8/4/2024 16:30,14.5,16.98
1268,8/4/2024 16:45,13.98,16.62
1269,8/4/2024 17:00,13.4,16.3
1270,8/4/2024 17:15,12.86,16.18
1271,8/4/2024 17:30,12.26,16.04
1272,8/4/2024 17:45,11.6,15.92
1273,8/4/2024 18:00,11.26,15.96
1274,8/4/2024 18:15,10.76,16.04
1275,8/4/2024 18:30,11.04,16.1
1276,8/4/2024 18:45,12.02,16.18
1277,8/4/2024 19:00,11.92,16.08
1278,8/4/2024 19:15,12.11,16.04
1279,8/4/2024 19:30,11.98,16.04
1280,8/4/2024 19:45,11.97,15.96
1281,8/4/2024 20:00,11.76,15.94
1282,8/4/2024 20:15,11.69,15.94
1283,8/4/2024 20:30,11.67,15.92
1284,8/4/2024 20:45,11.64,15.9
1285,8/4/2024 21:00,11.5,15.86
1286,8/4/2024 21:15,11.45,15.82
1287,8/4/2024 21:30,11.45,15.8
1288,8/4/2024 21:45,11.47,15.8
1289,8/4/2024 22:00,11.4,15.8
1290,8/4/2024 22:15,11.36,15.8
1291,8/4/2024 22:30,11.35,15.8
1292,8/4/2024 22:45,11.34,15.8
1293,8/4/2024 23:00,11.23,15.82
1294,8/4/2024 23:15,11.24,15.8
1295,8/4/2024 23:30,11.12,15.8
1296,8/4/2024 23:45,11.09,15.8
1297,8/5/2024 0:00,10.98,15.8
1298,8/5/2024 0:15,10.81,15.8
1299,8/5/2024 0:30,10.55,15.8
1300,8/5/2024 0:45,10.55,15.78
1301,8/5/2024 1:00,10.62,15.78
1302,8/5/2024 1:15,10.66,15.76
1303,8/5/2024 1:30,10.48,15.74
1304,8/5/2024 1:45,11.4,16.02
1305,8/5/2024 2:00,10.67,16.3
1306,8/5/2024 2:15,9.92,16.18
1307,8/5/2024 2:30,10.28,16.42
1308,8/5/2024 2:45,11.02,16.7
1309,8/5/2024 3:00,11.35,16.76
1310,8/5/2024 3:15,11.76,16.82
1311,8/5/2024 3:30,10.1,16.44
1312,8/5/2024 3:45,10.27,16.24
1313,8/5/2024 4:00,10.25,15.96
1314,8/5/2024 4:15,10.04,15.7
1315,8/5/2024 4:30,9.96,15.64
1316,8/5/2024 4:45,9.85,15.62
1317,8/5/2024 5:00,9.71,15.58
1318,8/5/2024 5:15,9.63,15.56
1319,8/5/2024 5:30,9.29,15.56
1320,8/5/2024 5:45,9.7,15.58
1321,8/5/2024 6:00,9.96,15.6
1322,8/5/2024 6:15,10.17,15.6
1323,8/5/2024 6:30,10.38,15.58
1324,8/5/2024 6:45,10.27,15.56
1325,8/5/2024 7:00,10.27,15.56
1326,8/5/2024 7:15,10.16,15.56
1327,8/5/2024 7:30,10.23,15.6
1328,8/5/2024 7:45,10.42,15.7
1329,8/5/2024 8:00,11.12,15.84
1330,8/5/2024 8:15,11.53,15.98
1331,8/5/2024 8:30,13.04,16.42
1332,8/5/2024 8:45,13.67,16.74
1333,8/5/2024 9:00,13.81,16.88
1334,8/5/2024 9:15,13.76,16.96
1335,8/5/2024 9:30,13.39,16.9
1336,8/5/2024 9:45,12.73,16.58
1337,8/5/2024 10:00,12.99,16.6
1338,8/5/2024 10:15,13.05,16.8
1339,8/5/2024 10:30,13.06,16.84
1340,8/5/2024 10:45,12.87,16.88
1341,8/5/2024 11:00,13.59,16.98
1342,8/5/2024 11:15,13.77,17.28
1343,8/5/2024 11:30,15.43,18.32
1344,8/5/2024 11:45,15.77,18.9
1345,8/5/2024 12:00,9.96,17.54
1346,8/5/2024 12:15,9.68,18.94
1347,8/5/2024 12:30,9.42,20
1348,8/5/2024 12:45,9.32,21
1349,8/5/2024 13:00,9.28,21.86
1350,8/5/2024 13:15,9.21,22.26
1351,8/5/2024 13:30,9.05,22.44
1352,8/5/2024 13:45,9.06,22.88
1353,8/5/2024 14:00,8.99,23.4
1354,8/5/2024 14:15,8.82,23.5
1355,8/5/2024 14:30,8.79,23.68
1356,8/5/2024 14:45,16.87,22.04
1357,8/5/2024 15:00,17.5,20.46
1358,8/5/2024 15:15,16.91,18.98
1359,8/5/2024 15:30,16.33,18.34
1360,8/5/2024 15:45,15.88,17.18
1361,8/5/2024 16:00,15.47,16.74
1362,8/5/2024 16:15,14.79,16.68
1363,8/5/2024 16:30,14.94,16.62
1364,8/5/2024 16:45,14.96,16.42
1365,8/5/2024 17:00,15.16,16.46
1366,8/5/2024 17:15,15.04,16.46
1367,8/5/2024 17:30,14.65,16.32
1368,8/5/2024 17:45,13.65,15.94
1369,8/5/2024 18:00,12.39,15.84
1370,8/5/2024 18:15,12.38,15.8
1371,8/5/2024 18:30,12.2,15.96
1372,8/5/2024 18:45,12.31,16.08
1373,8/5/2024 19:00,11.62,16.04
1374,8/5/2024 19:15,11.45,16.1
1375,8/5/2024 19:30,11.32,16.16
1376,8/5/2024 19:45,11.46,16.14
1377,8/5/2024 20:00,12.11,16.14
1378,8/5/2024 20:15,11.41,16.02
1379,8/5/2024 20:30,11.18,15.82
1380,8/5/2024 20:45,12.15,16.02
1381,8/5/2024 21:00,12.29,16.12
1382,8/5/2024 21:15,12.05,16.14
1383,8/5/2024 21:30,12.22,16.12
1384,8/5/2024 21:45,12.38,16.12
1385,8/5/2024 22:00,12.57,16.14
1386,8/5/2024 22:15,12.19,16.08
1387,8/5/2024 22:30,12.11,16.04
1388,8/5/2024 22:45,11.97,16.02
1389,8/5/2024 23:00,11.88,16
1390,8/5/2024 23:15,11.68,15.98
1391,8/5/2024 23:30,11.68,15.96
1392,8/5/2024 23:45,11.55,15.94
1393,8/6/2024 0:00,11.44,15.92
1394,8/6/2024 0:15,11.45,15.9
1395,8/6/2024 0:30,11.29,15.88
1396,8/6/2024 0:45,11.21,15.86
1397,8/6/2024 1:00,11.06,15.86
1398,8/6/2024 1:15,10.9,15.86
1399,8/6/2024 1:30,10.73,15.84
1400,8/6/2024 1:45,10.45,15.84
1401,8/6/2024 2:00,10.64,15.82
1402,8/6/2024 2:15,11.18,15.88
1403,8/6/2024 2:30,11.71,16.02
1404,8/6/2024 2:45,12.29,16.14
1405,8/6/2024 3:00,9.47,16.42
1406,8/6/2024 3:15,10.34,16.32
1407,8/6/2024 3:30,9.79,16.3
1408,8/6/2024 3:45,8.05,16.32
1409,8/6/2024 4:00,8.23,16.36
1410,8/6/2024 4:15,10.45,16.2
1411,8/6/2024 4:30,10.04,15.94
1412,8/6/2024 4:45,10.16,15.82
1413,8/6/2024 5:00,9.79,15.74
1414,8/6/2024 5:15,9.78,15.66
1415,8/6/2024 5:30,9.42,15.6
1416,8/6/2024 5:45,9.19,15.58
1417,8/6/2024 6:00,8.4,15.58
1418,8/6/2024 6:15,8.27,15.6
1419,8/6/2024 6:30,9.7,15.66
1420,8/6/2024 6:45,10.01,15.7
1421,8/6/2024 7:00,10.19,15.68
1422,8/6/2024 7:15,10.23,15.66
1423,8/6/2024 7:30,10.19,15.64
1424,8/6/2024 7:45,10.38,15.58
1425,8/6/2024 8:00,10.52,15.56
1426,8/6/2024 8:15,10.48,15.56
1427,8/6/2024 8:30,10.42,15.58
1428,8/6/2024 8:45,10.62,15.64
1429,8/6/2024 9:00,11.09,15.76
1430,8/6/2024 9:15,11.42,15.84
1431,8/6/2024 9:30,11.58,15.88
1432,8/6/2024 9:45,11.69,15.94
1433,8/6/2024 10:00,11.79,15.96
1434,8/6/2024 10:15,11.84,16
1435,8/6/2024 10:30,11.76,16
1436,8/6/2024 10:45,11.81,16
1437,8/6/2024 11:00,11.83,16.02
1438,8/6/2024 11:15,11.7,16.04
1439,8/6/2024 11:30,11.87,16.08
1440,8/6/2024 11:45,11.95,16.12
1441,8/6/2024 12:00,12.13,16.22
1442,8/6/2024 12:15,10.89,16.54
1443,8/6/2024 12:30,10.99,16.64
1444,8/6/2024 12:45,9.98,16.28
1445,8/6/2024 13:00,9.97,16.98
1446,8/6/2024 13:15,9.67,18
1447,8/6/2024 13:30,9.65,18.42
1448,8/6/2024 13:45,9.62,18.56
1449,8/6/2024 14:00,9.56,18.8
1450,8/6/2024 14:15,9.62,18.84
1451,8/6/2024 14:30,9.59,19.4
1452,8/6/2024 14:45,9.51,19.58
1453,8/6/2024 15:00,13.64,19.76
1454,8/6/2024 15:15,17.82,18.92
1455,8/6/2024 15:30,14.45,17.74
1456,8/6/2024 15:45,13.74,17.46
1457,8/6/2024 16:00,13.85,17.42
1458,8/6/2024 16:15,13.33,16.72
1459,8/6/2024 16:30,13.06,16.56
1460,8/6/2024 16:45,12.83,16.44
1461,8/6/2024 17:00,13.13,16.46
1462,8/6/2024 17:15,13.15,16.3
1463,8/6/2024 17:30,12.68,16.32
1464,8/6/2024 17:45,12.47,16.32
1465,8/6/2024 18:00,12.61,16.32
1466,8/6/2024 18:15,11.51,16.06
1467,8/6/2024 18:30,11.13,15.9
1468,8/6/2024 18:45,11.09,15.86
1469,8/6/2024 19:00,10.51,15.88
1470,8/6/2024 19:15,9.93,15.88
1471,8/6/2024 19:30,10.69,15.88
1472,8/6/2024 19:45,10.26,15.8
1473,8/6/2024 20:00,9.83,15.8
1474,8/6/2024 20:15,10.77,15.86
1475,8/6/2024 20:30,10.7,15.84
1476,8/6/2024 20:45,10.85,15.78
1477,8/6/2024 21:00,10.67,15.72
1478,8/6/2024 21:15,10.65,15.72
1479,8/6/2024 21:30,11.06,15.82
1480,8/6/2024 21:45,11.78,16.04
1481,8/6/2024 22:00,12.24,16.16
1482,8/6/2024 22:15,12.19,16.14
1483,8/6/2024 22:30,11.88,16.06
1484,8/6/2024 22:45,11.64,16.02
1485,8/6/2024 23:00,11.36,15.96
1486,8/6/2024 23:15,11.24,15.9
1487,8/6/2024 23:30,11.19,15.84
1488,8/6/2024 23:45,11.09,15.84
1489,8/7/2024 0:00,11.01,15.82
1490,8/7/2024 0:15,11.02,15.84
1491,8/7/2024 0:30,10.91,15.82
1492,8/7/2024 0:45,10.77,15.82
1493,8/7/2024 1:00,10.7,15.8
1494,8/7/2024 1:15,10.56,15.78
1495,8/7/2024 1:30,10.41,15.78
1496,8/7/2024 1:45,10.17,15.78
1497,8/7/2024 2:00,10.43,15.78
1498,8/7/2024 2:15,11.13,15.88
1499,8/7/2024 2:30,11.19,15.96
1500,8/7/2024 2:45,10.07,16.04
1501,8/7/2024 3:00,10.89,16.12
1502,8/7/2024 3:15,11.59,16.18
1503,8/7/2024 3:30,11.36,16.34
1504,8/7/2024 3:45,10.73,16.42
1505,8/7/2024 4:00,10.73,16.4
1506,8/7/2024 4:15,10.51,16.38
1507,8/7/2024 4:30,9.9,16.26
1508,8/7/2024 4:45,9.75,15.98
1509,8/7/2024 5:00,9.13,15.9
1510,8/7/2024 5:15,9.65,15.86
1511,8/7/2024 5:30,9.98,15.8
1512,8/7/2024 5:45,9.98,15.68
1513,8/7/2024 6:00,9.71,15.6
1514,8/7/2024 6:15,9.32,15.56
1515,8/7/2024 6:30,9.14,15.52
1516,8/7/2024 6:45,9.11,15.5
1517,8/7/2024 7:00,9.03,15.48
1518,8/7/2024 7:15,8.73,15.48
1519,8/7/2024 7:30,9.3,15.5
1520,8/7/2024 7:45,10.34,15.56
1521,8/7/2024 8:00,10.28,15.54
1522,8/7/2024 8:15,10.26,15.48
1523,8/7/2024 8:30,10.28,15.46
1524,8/7/2024 8:45,10.36,15.46
1525,8/7/2024 9:00,10.39,15.46
1526,8/7/2024 9:15,10.45,15.46
1527,8/7/2024 9:30,10.47,15.46
1528,8/7/2024 9:45,10.5,15.46
1529,8/7/2024 10:00,10.51,15.5
1530,8/7/2024 10:15,10.52,15.56
1531,8/7/2024 10:30,10.89,15.7
1532,8/7/2024 10:45,11.11,15.92
1533,8/7/2024 11:00,11.6,16.22
1534,8/7/2024 11:15,11.84,16.48
1535,8/7/2024 11:30,11.9,16.6
1536,8/7/2024 11:45,12,16.68
1537,8/7/2024 12:00,12.62,16.8
1538,8/7/2024 12:15,12.68,16.96
1539,8/7/2024 12:30,13.17,17.2
1540,8/7/2024 12:45,11.97,17.56
1541,8/7/2024 13:00,13.39,17.76
1542,8/7/2024 13:15,14.87,18.26
1543,8/7/2024 13:30,16.88,19.76
1544,8/7/2024 13:45,9.07,20.22
1545,8/7/2024 14:00,9.15,21.74
1546,8/7/2024 14:15,8.81,24.18
1547,8/7/2024 14:30,8.61,25.62
1548,8/7/2024 14:45,8.26,27.66
1549,8/7/2024 15:00,8.1,27.94
1550,8/7/2024 15:15,19.46,25.92
1551,8/7/2024 15:30,18.64,22.58
1552,8/7/2024 15:45,15.67,20.48
1553,8/7/2024 16:00,15,19.42
1554,8/7/2024 16:15,15.47,18.66
1555,8/7/2024 16:30,14.65,17.78
1556,8/7/2024 16:45,14.27,17.2
1557,8/7/2024 17:00,13.75,16.92
1558,8/7/2024 17:15,13.35,16.64
1559,8/7/2024 17:30,13.2,16.6
1560,8/7/2024 17:45,13.55,16.72
1561,8/7/2024 18:00,13.22,16.84
1562,8/7/2024 18:15,13.58,16.98
1563,8/7/2024 18:30,13.05,16.96
1564,8/7/2024 18:45,12.47,16.56
1565,8/7/2024 19:00,12.22,16.32
1566,8/7/2024 19:15,11.5,16.02
1567,8/7/2024 19:30,11.1,15.9
1568,8/7/2024 19:45,10.52,15.92
1569,8/7/2024 20:00,11.34,15.98
1570,8/7/2024 20:15,11.7,16.04
1571,8/7/2024 20:30,11.4,15.94
1572,8/7/2024 20:45,11.23,15.9
1573,8/7/2024 21:00,11.11,15.84
1574,8/7/2024 21:15,11.09,15.82
1575,8/7/2024 21:30,11.23,15.84
1576,8/7/2024 21:45,11.16,15.84
1577,8/7/2024 22:00,11.12,15.82
1578,8/7/2024 22:15,11.03,15.8
1579,8/7/2024 22:30,10.91,15.78
1580,8/7/2024 22:45,10.94,15.76
1581,8/7/2024 23:00,10.96,15.74
1582,8/7/2024 23:15,11.01,15.76
1583,8/7/2024 23:30,11.03,15.78
1584,8/7/2024 23:45,10.96,15.82
1585,8/8/2024 0:00,10.89,15.84
1586,8/8/2024 0:15,10.99,15.86
1587,8/8/2024 0:30,11,15.88
1588,8/8/2024 0:45,10.93,15.88
1589,8/8/2024 1:00,10.96,15.9
1590,8/8/2024 1:15,11.07,15.9
1591,8/8/2024 1:30,11.07,15.9
1592,8/8/2024 1:45,10.78,15.86
1593,8/8/2024 2:00,10.39,15.86
1594,8/8/2024 2:15,9.48,15.86
1595,8/8/2024 2:30,9.61,15.86
1596,8/8/2024 2:45,9.4,16.36
1597,8/8/2024 3:00,10.81,16.58
1598,8/8/2024 3:15,11.25,17.18
1599,8/8/2024 3:30,10.27,17.5
1600,8/8/2024 3:45,9.8,17.66
1601,8/8/2024 4:00,8.86,17.08
1602,8/8/2024 4:15,9.48,17.18
1603,8/8/2024 4:30,8.35,16.8
1604,8/8/2024 4:45,9.16,16.4
1605,8/8/2024 5:00,9.61,16.14
1606,8/8/2024 5:15,9.72,16.08
1607,8/8/2024 5:30,10.01,16.06
1608,8/8/2024 5:45,9.95,15.94
1609,8/8/2024 6:00,9.76,15.78
1610,8/8/2024 6:15,9.64,15.72
1611,8/8/2024 6:30,9.12,15.7
1612,8/8/2024 6:45,9.4,15.7
1613,8/8/2024 7:00,9.53,15.68
1614,8/8/2024 7:15,9.31,15.68
1615,8/8/2024 7:30,9.89,15.72
1616,8/8/2024 7:45,10.16,15.72
1617,8/8/2024 8:00,10.32,15.7
1618,8/8/2024 8:15,10.36,15.7
1619,8/8/2024 8:30,10.47,15.7
1620,8/8/2024 8:45,10.66,15.68
1621,8/8/2024 9:00,10.67,15.68
1622,8/8/2024 9:15,10.75,15.72
1623,8/8/2024 9:30,11.01,15.82
1624,8/8/2024 9:45,11.42,15.94
1625,8/8/2024 10:00,12.11,16.08
1626,8/8/2024 10:15,12.39,16.14
1627,8/8/2024 10:30,12.04,16.18
1628,8/8/2024 10:45,12.47,16.14
1629,8/8/2024 11:00,12.6,16.14
1630,8/8/2024 11:15,12.7,16.18
1631,8/8/2024 11:30,12.35,16.88
1632,8/8/2024 11:45,12.12,17.16
1633,8/8/2024 12:00,12.19,17.44
1634,8/8/2024 12:15,12.3,17.7
1635,8/8/2024 12:30,12.48,17.82
1636,8/8/2024 12:45,12.55,17.9
1637,8/8/2024 13:00,13.09,17.96
1638,8/8/2024 13:15,13.26,18.18
1639,8/8/2024 13:30,16.75,18.06
1640,8/8/2024 13:45,16.5,17.9
1641,8/8/2024 14:00,16.87,18.02
1642,8/8/2024 14:15,17.21,18.28
1643,8/8/2024 14:30,17.46,18.6
1644,8/8/2024 14:45,18.19,18.86
1645,8/8/2024 15:00,17.79,18.98
1646,8/8/2024 15:15,18.75,19.16
1647,8/8/2024 15:30,16.07,19.66
1648,8/8/2024 15:45,15.5,19.36
1649,8/8/2024 16:00,15.3,19.12
1650,8/8/2024 16:15,15.89,18.42
1651,8/8/2024 16:30,15.77,18.2
1652,8/8/2024 16:45,15.46,17.78
1653,8/8/2024 17:00,14.69,17.94
1654,8/8/2024 17:15,15.38,18.24
1655,8/8/2024 17:30,15.64,18.5
1656,8/8/2024 17:45,14.37,17.06
1657,8/8/2024 18:00,13.92,17.12
1658,8/8/2024 18:15,14.27,17.58
1659,8/8/2024 18:30,14.18,17.46
1660,8/8/2024 18:45,13.07,16.84
1661,8/8/2024 19:00,13.95,16.94
1662,8/8/2024 19:15,13.12,17
1663,8/8/2024 19:30,12.23,16.52
1664,8/8/2024 19:45,11.8,16.18
1665,8/8/2024 20:00,11.11,16.3
1666,8/8/2024 20:15,11.96,16.36
1667,8/8/2024 20:30,12.13,16.32
1668,8/8/2024 20:45,12.95,16.62
1669,8/8/2024 21:00,12.92,16.8
1670,8/8/2024 21:15,12.52,16.68
1671,8/8/2024 21:30,12.34,16.6
1672,8/8/2024 21:45,12.15,16.44
1673,8/8/2024 22:00,12.19,16.26
1674,8/8/2024 22:15,12.14,16.18
1675,8/8/2024 22:30,12.11,16.14
1676,8/8/2024 22:45,12.17,16.1
1677,8/8/2024 23:00,12.12,16.08
1678,8/8/2024 23:15,12.21,16.12
1679,8/8/2024 23:30,12.05,16.1
1680,8/8/2024 23:45,11.9,16.06
1681,8/9/2024 0:00,11.81,16.04
1682,8/9/2024 0:15,11.76,15.98
1683,8/9/2024 0:30,11.7,15.98
1684,8/9/2024 0:45,11.67,15.94
1685,8/9/2024 1:00,11.49,15.96
1686,8/9/2024 1:15,11.43,15.94
1687,8/9/2024 1:30,11.26,15.94
1688,8/9/2024 1:45,11.23,15.94
1689,8/9/2024 2:00,11.61,16.78
1690,8/9/2024 2:15,11.72,17.68
1691,8/9/2024 2:30,11.55,18.26
1692,8/9/2024 2:45,11.33,18.34
1693,8/9/2024 3:00,11.25,18.48
1694,8/9/2024 3:15,11.16,18.5
1695,8/9/2024 3:30,10.69,18.5
1696,8/9/2024 3:45,10.49,18.42
1697,8/9/2024 4:00,9.49,18.48
1698,8/9/2024 4:15,9.47,18.46
1699,8/9/2024 4:30,9.48,18.32
1700,8/9/2024 4:45,9.12,18.2
1701,8/9/2024 5:00,8.61,17.82
1702,8/9/2024 5:15,9.04,17.32
1703,8/9/2024 5:30,9.98,16.94
1704,8/9/2024 5:45,9.83,16.76
1705,8/9/2024 6:00,10.09,16.54
1706,8/9/2024 6:15,9.48,16.42
1707,8/9/2024 6:30,9.11,16.42
1708,8/9/2024 6:45,9.41,16.2
1709,8/9/2024 7:00,9.37,15.92
1710,8/9/2024 7:15,9.05,15.84
1711,8/9/2024 7:30,7.16,15.82
1712,8/9/2024 7:45,6.38,15.84
1713,8/9/2024 8:00,8.79,15.88
1714,8/9/2024 8:15,10.15,15.94
1715,8/9/2024 8:30,10.1,15.96
1716,8/9/2024 8:45,10.25,15.98
1717,8/9/2024 9:00,10.65,16
1718,8/9/2024 9:15,10.81,15.98
1719,8/9/2024 9:30,10.95,16
1720,8/9/2024 9:45,11.16,16.02
1721,8/9/2024 10:00,11.46,16.08
1722,8/9/2024 10:15,11.72,16.14
1723,8/9/2024 10:30,11.92,16.14
1724,8/9/2024 10:45,12.07,16.18
1725,8/9/2024 11:00,12.64,16.18
1726,8/9/2024 11:15,12.71,16.18
1727,8/9/2024 11:30,12.18,17.22
1728,8/9/2024 11:45,12.04,17.84
1729,8/9/2024 12:00,12.17,18.16
1730,8/9/2024 12:15,12.21,18.46
1731,8/9/2024 12:30,12.13,18.66
1732,8/9/2024 12:45,12.21,18.76
1733,8/9/2024 13:00,12.29,18.8
1734,8/9/2024 13:15,12.37,18.78
1735,8/9/2024 13:30,12.29,18.84
1736,8/9/2024 13:45,12.24,19.4
1737,8/9/2024 14:00,12.22,19.62
1738,8/9/2024 14:15,12.14,19.78
1739,8/9/2024 14:30,11.61,19.9
1740,8/9/2024 14:45,13.01,20.14
1741,8/9/2024 15:00,13.39,20.18
1742,8/9/2024 15:15,14.86,19.84
1743,8/9/2024 15:30,13.56,19.44
1744,8/9/2024 15:45,13.22,19.26
1745,8/9/2024 16:00,13.07,19.22
1746,8/9/2024 16:15,13.55,18.94
1747,8/9/2024 16:30,14.12,18.76
1748,8/9/2024 16:45,14.1,18.86
1749,8/9/2024 17:00,14.56,18.54
1750,8/9/2024 17:15,14.22,17.6
1751,8/9/2024 17:30,13.86,17.18
1752,8/9/2024 17:45,13.75,16.98
1753,8/9/2024 18:00,13.31,16.78
1754,8/9/2024 18:15,13.24,16.64
1755,8/9/2024 18:30,13.08,16.46
1756,8/9/2024 18:45,13.2,16.42
1757,8/9/2024 19:00,12.91,16.4
1758,8/9/2024 19:15,12.77,16.42
1759,8/9/2024 19:30,12.51,16.44
1760,8/9/2024 19:45,12.37,16.36
1761,8/9/2024 20:00,12.41,16.38
1762,8/9/2024 20:15,12.1,16.32
1763,8/9/2024 20:30,11.76,16.18
1764,8/9/2024 20:45,11.8,16.28
1765,8/9/2024 21:00,12.39,16.34
1766,8/9/2024 21:15,12.1,16.32
1767,8/9/2024 21:30,12.37,16.34
1768,8/9/2024 21:45,12.31,16.28
1769,8/9/2024 22:00,12.11,16.2
1770,8/9/2024 22:15,11.9,16.14
1771,8/9/2024 22:30,11.79,16.08
1772,8/9/2024 22:45,11.87,16.1
1773,8/9/2024 23:00,11.86,16.16
1774,8/9/2024 23:15,12.19,16.22
1775,8/9/2024 23:30,12.01,16.2
1776,8/9/2024 23:45,12.03,16.16
1777,8/10/2024 0:00,11.95,16.14
1778,8/10/2024 0:15,11.98,16.14
1779,8/10/2024 0:30,11.92,16.14
1780,8/10/2024 0:45,11.85,16.18
1781,8/10/2024 1:00,12,16.28
1782,8/10/2024 1:15,12.32,16.38
1783,8/10/2024 1:30,12.39,16.44
1784,8/10/2024 1:45,12.52,16.5
1785,8/10/2024 2:00,12.54,16.7
1786,8/10/2024 2:15,12.4,17.16
1787,8/10/2024 2:30,12.32,17.54
1788,8/10/2024 2:45,12.23,17.66
1789,8/10/2024 3:00,12.11,17.68
1790,8/10/2024 3:15,11.95,17.7
1791,8/10/2024 3:30,11.75,17.7
1792,8/10/2024 3:45,11.68,17.72
1793,8/10/2024 4:00,11.41,17.72
1794,8/10/2024 4:15,11.42,17.76
1795,8/10/2024 4:30,11.33,17.94
1796,8/10/2024 4:45,11.43,18.34
1797,8/10/2024 5:00,10.92,18.48
1798,8/10/2024 5:15,9.9,18.42
1799,8/10/2024 5:30,9.51,18.04
1800,8/10/2024 5:45,9.5,17.86
1801,8/10/2024 6:00,10.21,17.74
1802,8/10/2024 6:15,10.17,17.58
1803,8/10/2024 6:30,9.95,17.36
1804,8/10/2024 6:45,10.32,17.1
1805,8/10/2024 7:00,10.18,17.06
1806,8/10/2024 7:15,10.22,16.3
1807,8/10/2024 7:30,10.41,15.98
1808,8/10/2024 7:45,10.28,15.9
1809,8/10/2024 8:00,10.07,15.96
1810,8/10/2024 8:15,9.49,16.06
1811,8/10/2024 8:30,8.5,16.1
1812,8/10/2024 8:45,9.47,16.14
1813,8/10/2024 9:00,9.44,16.28
1814,8/10/2024 9:15,9.37,16.3
1815,8/10/2024 9:30,9.23,16.32
1816,8/10/2024 9:45,9.01,16.3
1817,8/10/2024 10:00,9.5,16.32
1818,8/10/2024 10:15,9.88,16.34
1819,8/10/2024 10:30,10.47,16.34
1820,8/10/2024 10:45,10.19,16.18
1821,8/10/2024 11:00,10.59,16.24
1822,8/10/2024 11:15,10.77,16.22
1823,8/10/2024 11:30,10.82,16.28
1824,8/10/2024 11:45,11.68,16.54
1825,8/10/2024 12:00,11.89,16.82
1826,8/10/2024 12:15,12.18,17.08
1827,8/10/2024 12:30,12.57,17.26
1828,8/10/2024 12:45,13.04,17.46
1829,8/10/2024 13:00,13.06,17.62
1830,8/10/2024 13:15,13.21,17.72
1831,8/10/2024 13:30,13.31,17.8
1832,8/10/2024 13:45,13.54,17.88
1833,8/10/2024 14:00,13.56,17.98
1834,8/10/2024 14:15,13.47,18.12
1835,8/10/2024 14:30,13.26,18.34
1836,8/10/2024 14:45,13.37,18.66
1837,8/10/2024 15:00,13.23,18.9
1838,8/10/2024 15:15,13.17,18.94
1839,8/10/2024 15:30,13.5,19
1840,8/10/2024 15:45,13.72,19.12
1841,8/10/2024 16:00,15.63,18.88
1842,8/10/2024 16:15,14.86,18.36
1843,8/10/2024 16:30,14.54,17.84
1844,8/10/2024 16:45,14.92,17.7
1845,8/10/2024 17:00,14.97,17.66
1846,8/10/2024 17:15,14.57,17.66
1847,8/10/2024 17:30,14.12,17.3
1848,8/10/2024 17:45,13.83,16.68
1849,8/10/2024 18:00,13.73,16.5
1850,8/10/2024 18:15,13.55,16.44
1851,8/10/2024 18:30,12.84,16.32
1852,8/10/2024 18:45,11.87,16.14
1853,8/10/2024 19:00,11.54,16.04
1854,8/10/2024 19:15,11.29,16
1855,8/10/2024 19:30,11.04,15.96
1856,8/10/2024 19:45,10.64,15.88
1857,8/10/2024 20:00,10.41,15.88
1858,8/10/2024 20:15,10.64,15.98
1859,8/10/2024 20:30,10.74,16.04
1860,8/10/2024 20:45,10.87,16.08
1861,8/10/2024 21:00,10.5,15.94
1862,8/10/2024 21:15,10.31,15.74
1863,8/10/2024 21:30,10.21,15.7
1864,8/10/2024 21:45,10.04,15.68
1865,8/10/2024 22:00,9.73,15.82
1866,8/10/2024 22:15,10.21,15.84
1867,8/10/2024 22:30,10.18,15.8
1868,8/10/2024 22:45,10.17,15.84
1869,8/10/2024 23:00,10.52,15.9
1870,8/10/2024 23:15,10.5,15.84
1871,8/10/2024 23:30,10.51,15.82
1872,8/10/2024 23:45,10.59,15.82
1873,8/11/2024 0:00,10.7,15.84
1874,8/11/2024 0:15,10.69,15.88
1875,8/11/2024 0:30,10.69,15.9
1876,8/11/2024 0:45,10.73,15.94
1877,8/11/2024 1:00,10.84,15.96
1878,8/11/2024 1:15,10.96,15.98
1879,8/11/2024 1:30,10.93,15.98
1880,8/11/2024 1:45,10.79,15.98
1881,8/11/2024 2:00,10.58,15.96
1882,8/11/2024 2:15,10.94,16.02
1883,8/11/2024 2:30,11.27,16.18
1884,8/11/2024 2:45,11.46,16.32
1885,8/11/2024 3:00,11.64,16.4
1886,8/11/2024 3:15,11.52,16.42
1887,8/11/2024 3:30,11.26,16.48
1888,8/11/2024 3:45,11.76,16.84
1889,8/11/2024 4:00,11.76,17.18
1890,8/11/2024 4:15,11.78,17.46
1891,8/11/2024 4:30,11.1,17.42
1892,8/11/2024 4:45,10.84,17.36
1893,8/11/2024 5:00,11.16,17.36
1894,8/11/2024 5:15,11.23,17.48
1895,8/11/2024 5:30,11.13,17.52
1896,8/11/2024 5:45,10.28,17.66
1897,8/11/2024 6:00,10.85,17.62
1898,8/11/2024 6:15,10.77,17.62
1899,8/11/2024 6:30,10.66,17.56
1900,8/11/2024 6:45,10.84,17.6
1901,8/11/2024 7:00,10.33,17.56
1902,8/11/2024 7:15,8.61,17.36
1903,8/11/2024 7:30,9.81,17.06
1904,8/11/2024 7:45,9.9,16.64
1905,8/11/2024 8:00,10.07,16.42
1906,8/11/2024 8:15,9.96,16.34
1907,8/11/2024 8:30,10.09,16
1908,8/11/2024 8:45,10.28,16.04
1909,8/11/2024 9:00,10.4,16.2
1910,8/11/2024 9:15,9.5,16.2
1911,8/11/2024 9:30,10.17,16.22
1912,8/11/2024 9:45,10.57,16.28
1913,8/11/2024 10:00,10.53,16.3
1914,8/11/2024 10:15,10.36,16.3
1915,8/11/2024 10:30,10.09,16.3
1916,8/11/2024 10:45,10.28,16.22
1917,8/11/2024 11:00,10.68,16.04
1918,8/11/2024 11:15,10.84,16.04
1919,8/11/2024 11:30,10.72,16.06
1920,8/11/2024 11:45,10.91,16.12
1921,8/11/2024 12:00,11.17,16.22
1922,8/11/2024 12:15,11.13,16.2
1923,8/11/2024 12:30,11.09,16.18
1924,8/11/2024 12:45,11.47,16.22
1925,8/11/2024 13:00,11.71,16.32
1926,8/11/2024 13:15,12.02,16.4
1927,8/11/2024 13:30,12.23,16.46
1928,8/11/2024 13:45,12.38,16.5
1929,8/11/2024 14:00,12.52,16.56
1930,8/11/2024 14:15,12.62,16.58
1931,8/11/2024 14:30,12.96,16.88
1932,8/11/2024 14:45,12.7,16.86
1933,8/11/2024 15:00,12.47,16.74
1934,8/11/2024 15:15,12.98,16.92
1935,8/11/2024 15:30,12.77,17.08
1936,8/11/2024 15:45,11.46,16.34
1937,8/11/2024 16:00,11.23,16.24
1938,8/11/2024 16:15,11.15,16.24
1939,8/11/2024 16:30,11.38,16.28
1940,8/11/2024 16:45,11.69,16.32
1941,8/11/2024 17:00,12.06,16.34
1942,8/11/2024 17:15,12.34,16.34
1943,8/11/2024 17:30,12.37,16.36
1944,8/11/2024 17:45,12.27,16.38
1945,8/11/2024 18:00,12.35,16.24
1946,8/11/2024 18:15,12.18,16.18
1947,8/11/2024 18:30,11.89,16.12
1948,8/11/2024 18:45,11.76,16.1
1949,8/11/2024 19:00,11.68,16.06
1950,8/11/2024 19:15,11.43,16.04
1951,8/11/2024 19:30,11.27,16.02
1952,8/11/2024 19:45,10.96,16.02
1953,8/11/2024 20:00,10.65,15.96
1954,8/11/2024 20:15,10.45,15.92
1955,8/11/2024 20:30,10.06,15.9
1956,8/11/2024 20:45,9.9,15.88
1957,8/11/2024 21:00,9.56,15.86
1958,8/11/2024 21:15,9.61,15.82
1959,8/11/2024 21:30,9.44,15.78
1960,8/11/2024 21:45,9.31,15.76
1961,8/11/2024 22:00,9.21,15.7
1962,8/11/2024 22:15,9.56,15.72
1963,8/11/2024 22:30,10.38,15.82
1964,8/11/2024 22:45,10.12,15.78
1965,8/11/2024 23:00,9.96,15.74
1966,8/11/2024 23:15,9.97,15.72
1967,8/11/2024 23:30,9.8,15.7
1968,8/11/2024 23:45,10,15.72
1969,8/12/2024 0:00,10.19,15.76
1970,8/12/2024 0:15,10.09,15.76
1971,8/12/2024 0:30,10.25,15.82
1972,8/12/2024 0:45,11.03,15.94
1973,8/12/2024 1:00,11.24,16.06
1974,8/12/2024 1:15,11.56,16.14
1975,8/12/2024 1:30,11.68,16.26
1976,8/12/2024 1:45,11.77,16.34
1977,8/12/2024 2:00,11.97,16.38
1978,8/12/2024 2:15,11.89,16.38
1979,8/12/2024 2:30,12.02,16.38
1980,8/12/2024 2:45,11.89,16.36
1981,8/12/2024 3:00,11.83,16.34
1982,8/12/2024 3:15,11.68,16.3
1983,8/12/2024 3:30,11.55,16.28
1984,8/12/2024 3:45,11.36,16.26
1985,8/12/2024 4:00,11.09,16.24
1986,8/12/2024 4:15,10.45,16.22
1987,8/12/2024 4:30,10.32,16.2
1988,8/12/2024 4:45,9.75,16.16
1989,8/12/2024 5:00,9.17,16.14
1990,8/12/2024 5:15,8.85,16.1
1991,8/12/2024 5:30,8.22,16.04
1992,8/12/2024 5:45,8.19,15.94
1993,8/12/2024 6:00,7.06,15.88
1994,8/12/2024 6:15,7.44,15.86
1995,8/12/2024 6:30,8.06,15.94
1996,8/12/2024 6:45,10.1,16.02
1997,8/12/2024 7:00,9.93,16.04
1998,8/12/2024 7:15,10.08,16.04
1999,8/12/2024 7:30,10.23,16.34
2000,8/12/2024 7:45,11.47,16.52
2001,8/12/2024 8:00,10.5,16.56
2002,8/12/2024 8:15,8.52,16.14
2003,8/12/2024 8:30,8.18,16.02
2004,8/12/2024 8:45,8.56,16.12
2005,8/12/2024 9:00,10.28,16.24
2006,8/12/2024 9:15,10.16,16.22
2007,8/12/2024 9:30,9.72,16.24
2008,8/12/2024 9:45,9.41,16.24
2009,8/12/2024 10:00,10.13,16.28
2010,8/12/2024 10:15,10.24,16.34
2011,8/12/2024 10:30,11.01,16.42
2012,8/12/2024 10:45,11.19,16.48
2013,8/12/2024 11:00,11.54,16.58
2014,8/12/2024 11:15,11.96,16.64
2015,8/12/2024 11:30,10.7,16.32
2016,8/12/2024 11:45,10.95,16.3
2017,8/12/2024 12:00,10.98,16.38
2018,8/12/2024 12:15,11.17,16.46
2019,8/12/2024 12:30,11.93,16.58
2020,8/12/2024 12:45,12.29,16.68
2021,8/12/2024 13:00,12.49,16.66
2022,8/12/2024 13:15,12.13,16.6
2023,8/12/2024 13:30,12.3,16.64
2024,8/12/2024 13:45,12.7,16.68
2025,8/12/2024 14:00,12.61,16.78
2026,8/12/2024 14:15,12.68,16.8
2027,8/12/2024 14:30,12.65,16.8
2028,8/12/2024 14:45,12.89,16.86
2029,8/12/2024 15:00,13.08,16.92
2030,8/12/2024 15:15,13.13,16.94
2031,8/12/2024 15:30,13.39,16.94
2032,8/12/2024 15:45,13.35,17.02
2033,8/12/2024 16:00,13.41,17.04
2034,8/12/2024 16:15,13.38,17.06
2035,8/12/2024 16:30,13.41,17.14
2036,8/12/2024 16:45,13.42,17.16
2037,8/12/2024 17:00,13.56,17.24
2038,8/12/2024 17:15,11.83,16.38
2039,8/12/2024 17:30,11.68,16.28
2040,8/12/2024 17:45,11.87,16.38
2041,8/12/2024 18:00,11.45,16.64
2042,8/12/2024 18:15,11.88,16.5
2043,8/12/2024 18:30,11.88,16.3
2044,8/12/2024 18:45,10.91,16.04
2045,8/12/2024 19:00,10.56,15.92
2046,8/12/2024 19:15,10.75,15.86
2047,8/12/2024 19:30,10.56,15.84
2048,8/12/2024 19:45,10.49,15.8
2049,8/12/2024 20:00,10.34,15.76
2050,8/12/2024 20:15,10.26,15.74
2051,8/12/2024 20:30,9.98,15.72
2052,8/12/2024 20:45,9.66,15.68
2053,8/12/2024 21:00,9.47,15.68
2054,8/12/2024 21:15,9.51,15.68
2055,8/12/2024 21:30,8.99,15.66
2056,8/12/2024 21:45,9.12,15.66
2057,8/12/2024 22:00,9.05,15.66
2058,8/12/2024 22:15,8.81,15.64
2059,8/12/2024 22:30,8.45,15.64
2060,8/12/2024 22:45,8.97,15.64
2061,8/12/2024 23:00,8.78,15.68
2062,8/12/2024 23:15,9.23,15.68
2063,8/12/2024 23:30,9.57,15.68
2064,8/12/2024 23:45,9.65,15.66
2065,8/13/2024 0:00,9.67,15.64
2066,8/13/2024 0:15,9.56,15.62
2067,8/13/2024 0:30,9.58,15.62
2068,8/13/2024 0:45,9.7,15.6
2069,8/13/2024 1:00,9.74,15.6
2070,8/13/2024 1:15,10,15.62
2071,8/13/2024 1:30,10.64,15.7
2072,8/13/2024 1:45,10.66,15.78
2073,8/13/2024 2:00,10.92,15.88
2074,8/13/2024 2:15,11.4,16
2075,8/13/2024 2:30,11.43,16.02
2076,8/13/2024 2:45,11.76,16.02
2077,8/13/2024 3:00,11.88,16.08
2078,8/13/2024 3:15,12.11,16.24
2079,8/13/2024 3:30,12.47,16.38
2080,8/13/2024 3:45,12.51,16.44
2081,8/13/2024 4:00,12.31,16.44
2082,8/13/2024 4:15,12.13,16.42
2083,8/13/2024 4:30,10.14,16.38
2084,8/13/2024 4:45,10.92,16.36
2085,8/13/2024 5:00,10.57,16.32
2086,8/13/2024 5:15,10.07,16.26
2087,8/13/2024 5:30,8.65,16.26
2088,8/13/2024 5:45,7.17,16.24
2089,8/13/2024 6:00,8.97,16.2
2090,8/13/2024 6:15,7.37,16.18
2091,8/13/2024 6:30,7.25,16.04
2092,8/13/2024 6:45,8.09,15.98
2093,8/13/2024 7:00,8.89,16.06
2094,8/13/2024 7:15,9.91,16.16
2095,8/13/2024 7:30,10.73,16.22
2096,8/13/2024 7:45,11.26,16.26
2097,8/13/2024 8:00,11.18,16.26
2098,8/13/2024 8:15,10.96,16.28
2099,8/13/2024 8:30,11.32,16.32
2100,8/13/2024 8:45,11.58,16.36
2101,8/13/2024 9:00,11.55,16.4
2102,8/13/2024 9:15,11.19,16.42
2103,8/13/2024 9:30,10.69,16.42
2104,8/13/2024 9:45,11.94,16.44
2105,8/13/2024 10:00,11.51,16.32
2106,8/13/2024 10:15,11.41,16.32
2107,8/13/2024 10:30,11.43,16.36
2108,8/13/2024 10:45,11.8,16.42
2109,8/13/2024 11:00,12.02,16.46
2110,8/13/2024 11:15,12.22,16.5
2111,8/13/2024 11:30,12.19,16.48
2112,8/13/2024 11:45,12.36,16.52
2113,8/13/2024 12:00,12.12,16.46
2114,8/13/2024 12:15,12.36,16.42
2115,8/13/2024 12:30,11.93,16.44
2116,8/13/2024 12:45,12.32,16.5
2117,8/13/2024 13:00,12.19,16.5
2118,8/13/2024 13:15,12.39,16.54
2119,8/13/2024 13:30,12.58,16.56
2120,8/13/2024 13:45,12.75,16.56
2121,8/13/2024 14:00,12.82,16.56
2122,8/13/2024 14:15,13,16.56
2123,8/13/2024 14:30,12.95,16.58
2124,8/13/2024 14:45,13.12,16.58
2125,8/13/2024 15:00,12.88,16.58
2126,8/13/2024 15:15,13.09,16.56
2127,8/13/2024 15:30,13.13,16.58
2128,8/13/2024 15:45,13.18,16.58
2129,8/13/2024 16:00,12.88,16.56
2130,8/13/2024 16:15,12.91,16.54
2131,8/13/2024 16:30,13.06,16.5
2132,8/13/2024 16:45,12.73,16.48
2133,8/13/2024 17:00,12.83,16.44
2134,8/13/2024 17:15,12.51,16.42
2135,8/13/2024 17:30,12.45,16.38
2136,8/13/2024 17:45,10.73,16.32
2137,8/13/2024 18:00,10.39,16.22
2138,8/13/2024 18:15,10.26,16.16
2139,8/13/2024 18:30,9.99,16.14
2140,8/13/2024 18:45,10.09,16.14
2141,8/13/2024 19:00,10.21,16.02
2142,8/13/2024 19:15,10.36,15.92
2143,8/13/2024 19:30,10.35,15.9
2144,8/13/2024 19:45,10.39,15.9
2145,8/13/2024 20:00,10,15.86
2146,8/13/2024 20:15,9.68,15.82
2147,8/13/2024 20:30,9.62,15.9
2148,8/13/2024 20:45,9.66,16
2149,8/13/2024 21:00,10.43,16.18
2150,8/13/2024 21:15,9.9,16.16
2151,8/13/2024 21:30,8.51,16.02
2152,8/13/2024 21:45,8.97,15.9
2153,8/13/2024 22:00,8.47,15.8
2154,8/13/2024 22:15,8.86,15.74
2155,8/13/2024 22:30,8.95,15.7
2156,8/13/2024 22:45,8.43,15.7
2157,8/13/2024 23:00,8.85,15.7
2158,8/13/2024 23:15,6.49,15.72
2159,8/13/2024 23:30,7.53,15.74
2160,8/13/2024 23:45,7.39,15.72
2161,8/14/2024 0:00,7.57,15.7
2162,8/14/2024 0:15,7.56,15.64
2163,8/14/2024 0:30,7.66,15.66
2164,8/14/2024 0:45,7.09,15.6
2165,8/14/2024 1:00,7.27,15.58
2166,8/14/2024 1:15,9.04,15.58
2167,8/14/2024 1:30,9.07,15.6
2168,8/14/2024 1:45,9.2,15.64
2169,8/14/2024 2:00,9.29,15.66
2170,8/14/2024 2:15,9.66,15.68
2171,8/14/2024 2:30,9.89,15.68
2172,8/14/2024 2:45,9.97,15.72
2173,8/14/2024 3:00,9.95,15.76
2174,8/14/2024 3:15,10.04,15.8
2175,8/14/2024 3:30,10.38,15.9
2176,8/14/2024 3:45,11.28,16.08
2177,8/14/2024 4:00,11.98,16.34
2178,8/14/2024 4:15,12.39,16.5
2179,8/14/2024 4:30,12.51,16.56
2180,8/14/2024 4:45,12.4,16.56
2181,8/14/2024 5:00,12.32,16.56
2182,8/14/2024 5:15,12.14,16.54
2183,8/14/2024 5:30,11.87,16.54
2184,8/14/2024 5:45,11.44,16.5
2185,8/14/2024 6:00,10.87,16.44
2186,8/14/2024 6:15,9.96,16.36
2187,8/14/2024 6:30,8.63,16.22
2188,8/14/2024 6:45,7.71,16.22
2189,8/14/2024 7:00,7.78,16.24
2190,8/14/2024 7:15,7.52,16.2
2191,8/14/2024 7:30,6.28,16.12
2192,8/14/2024 7:45,4.89,16.08
2193,8/14/2024 8:00,4.8,16.08
2194,8/14/2024 8:15,6.9,16.16
2195,8/14/2024 8:30,8.85,16.3
2196,8/14/2024 8:45,9.71,16.42
2197,8/14/2024 9:00,11,16.52
2198,8/14/2024 9:15,11.59,16.56
2199,8/14/2024 9:30,11.87,16.6
2200,8/14/2024 9:45,11.93,16.6
2201,8/14/2024 10:00,12.02,16.6
2202,8/14/2024 10:15,12.27,16.64
2203,8/14/2024 10:30,12.41,16.7
2204,8/14/2024 10:45,12.56,16.72
2205,8/14/2024 11:00,11.88,16.56
2206,8/14/2024 11:15,11.61,16.28
2207,8/14/2024 11:30,11.98,16.38
2208,8/14/2024 11:45,11.97,16.46
2209,8/14/2024 12:00,12.21,16.5
2210,8/14/2024 12:15,12.31,16.52
2211,8/14/2024 12:30,12.43,16.58
2212,8/14/2024 12:45,12.78,16.56
2213,8/14/2024 13:00,12.66,16.58
2214,8/14/2024 13:15,12.69,16.62
2215,8/14/2024 13:30,12.98,16.64
2216,8/14/2024 13:45,12.95,16.66
2217,8/14/2024 14:00,13.31,16.74
2218,8/14/2024 14:15,13.74,16.8
2219,8/14/2024 14:30,13.75,16.84
2220,8/14/2024 14:45,13.77,16.82
2221,8/14/2024 15:00,13.71,16.8
2222,8/14/2024 15:15,13.68,16.72
2223,8/14/2024 15:30,13.75,16.62
2224,8/14/2024 15:45,13.69,16.6
2225,8/14/2024 16:00,13.68,16.58
2226,8/14/2024 16:15,13.69,16.54
2227,8/14/2024 16:30,12.51,16.38
2228,8/14/2024 16:45,13.25,16.4
2229,8/14/2024 17:00,12.95,16.36
2230,8/14/2024 17:15,12.71,16.3
2231,8/14/2024 17:30,12.58,16.26
2232,8/14/2024 17:45,12.35,16.22
2233,8/14/2024 18:00,12.29,16.18
2234,8/14/2024 18:15,12.01,16.1
2235,8/14/2024 18:30,11.86,16.08
2236,8/14/2024 18:45,11.73,16.02
2237,8/14/2024 19:00,11.46,16.02
2238,8/14/2024 19:15,11.63,16
2239,8/14/2024 19:30,11.3,16.06
2240,8/14/2024 19:45,11.24,16.1
2241,8/14/2024 20:00,10.61,16.06
2242,8/14/2024 20:15,10.06,15.98
2243,8/14/2024 20:30,9.96,15.92
2244,8/14/2024 20:45,9.57,15.96
2245,8/14/2024 21:00,9.46,15.98
2246,8/14/2024 21:15,9.42,15.9
2247,8/14/2024 21:30,9.83,15.82
2248,8/14/2024 21:45,9.67,15.74
2249,8/14/2024 22:00,9.55,15.7
2250,8/14/2024 22:15,9.4,15.68
2251,8/14/2024 22:30,9.51,15.68
2252,8/14/2024 22:45,9.42,15.7
2253,8/14/2024 23:00,8.48,15.7
2254,8/14/2024 23:15,8.51,15.7
2255,8/14/2024 23:30,8.47,15.72
2256,8/14/2024 23:45,8.97,15.72
2257,8/15/2024 0:00,8.57,15.72
2258,8/15/2024 0:15,7.89,15.76
2259,8/15/2024 0:30,8.47,15.78
2260,8/15/2024 0:45,8.35,15.78
2261,8/15/2024 1:00,8.46,15.8
2262,8/15/2024 1:15,9.5,15.8
2263,8/15/2024 1:30,8.99,15.78
2264,8/15/2024 1:45,8.39,15.72
2265,8/15/2024 2:00,8.34,15.68
2266,8/15/2024 2:15,8.57,15.68
2267,8/15/2024 2:30,9.38,15.68
2268,8/15/2024 2:45,9.37,15.66
2269,8/15/2024 3:00,9.42,15.66
2270,8/15/2024 3:15,9.24,15.66
2271,8/15/2024 3:30,9.16,15.66
2272,8/15/2024 3:45,9.32,15.68
2273,8/15/2024 4:00,9.72,15.74
2274,8/15/2024 4:15,10.01,15.76
2275,8/15/2024 4:30,10.13,15.78
2276,8/15/2024 4:45,9.89,15.78
2277,8/15/2024 5:00,10.84,15.88
2278,8/15/2024 5:15,11.83,16.24
2279,8/15/2024 5:30,12.09,16.56
2280,8/15/2024 5:45,12.21,16.68
2281,8/15/2024 6:00,12.41,16.74
2282,8/15/2024 6:15,12.19,16.72
2283,8/15/2024 6:30,11.38,16.64
2284,8/15/2024 6:45,11.25,16.6
2285,8/15/2024 7:00,9.13,16.4
2286,8/15/2024 7:15,6.91,16.22
2287,8/15/2024 7:30,6.03,16.04
2288,8/15/2024 7:45,10,15.52
2289,8/15/2024 8:00,10.25,15.08
2290,8/15/2024 8:15,10.22,15.2
2291,8/15/2024 8:30,10.16,15.44
2292,8/15/2024 8:45,10.15,15.68
2293,8/15/2024 9:00,10.04,16.24
2294,8/15/2024 9:15,9.96,16.58
2295,8/15/2024 9:30,9.82,16.98
2296,8/15/2024 9:45,9.39,17.22
2297,8/15/2024 10:00,10.65,17.04
2298,8/15/2024 10:15,11.67,17.12
2299,8/15/2024 10:30,12.09,17.18
2300,8/15/2024 10:45,11.85,17.2
2301,8/15/2024 11:00,12.07,17.24
2302,8/15/2024 11:15,12.41,17.26
2303,8/15/2024 11:30,12.19,16.98
2304,8/15/2024 11:45,12.19,16.92
2305,8/15/2024 12:00,11.71,16.54
2306,8/15/2024 12:15,11.62,16.38
2307,8/15/2024 12:30,11.6,16.22
2308,8/15/2024 12:45,11.61,16.24
2309,8/15/2024 13:00,11.97,16.42
2310,8/15/2024 13:15,12.2,16.58
2311,8/15/2024 13:30,12.31,16.7
2312,8/15/2024 13:45,12.32,16.7
2313,8/15/2024 14:00,12.36,16.64
2314,8/15/2024 14:15,11.78,16.62
2315,8/15/2024 14:30,12.04,16.62
2316,8/15/2024 14:45,12.19,16.62
2317,8/15/2024 15:00,12.14,16.66
2318,8/15/2024 15:15,12.2,16.56
2319,8/15/2024 15:30,11.79,16.4
2320,8/15/2024 15:45,12.21,16.38
2321,8/15/2024 16:00,12.34,16.42
2322,8/15/2024 16:15,12.35,16.3
2323,8/15/2024 16:30,12.32,16.24
2324,8/15/2024 16:45,12.07,16.18
2325,8/15/2024 17:00,11.87,16.08
2326,8/15/2024 17:15,11.77,16.06
2327,8/15/2024 17:30,11.69,16.04
2328,8/15/2024 17:45,11.58,16
2329,8/15/2024 18:00,11.4,15.98
2330,8/15/2024 18:15,11.28,15.94
2331,8/15/2024 18:30,11.25,15.92
2332,8/15/2024 18:45,11.08,15.92
2333,8/15/2024 19:00,11.04,15.9
2334,8/15/2024 19:15,10.75,15.9
2335,8/15/2024 19:30,10.86,15.9
2336,8/15/2024 19:45,10.66,15.88
2337,8/15/2024 20:00,10.58,15.88
2338,8/15/2024 20:15,10.53,15.88
2339,8/15/2024 20:30,10.53,15.86
2340,8/15/2024 20:45,10.31,15.86
2341,8/15/2024 21:00,10.35,15.86
2342,8/15/2024 21:15,8.94,15.74
2343,8/15/2024 21:30,8.87,15.66
2344,8/15/2024 21:45,8.94,15.62
2345,8/15/2024 22:00,8.86,15.64
2346,8/15/2024 22:15,8.96,15.6
2347,8/15/2024 22:30,8.39,15.62
2348,8/15/2024 22:45,8.71,15.58
2349,8/15/2024 23:00,8.76,15.6
2350,8/15/2024 23:15,9.32,15.62
2351,8/15/2024 23:30,9.46,15.64
2352,8/15/2024 23:45,8.91,15.64
2353,8/16/2024 0:00,9.12,15.48
2354,8/16/2024 0:15,9.34,15.44
2355,8/16/2024 0:30,8.3,15.44
2356,8/16/2024 0:45,7.91,15.44
2357,8/16/2024 1:00,7.35,15.42
2358,8/16/2024 1:15,6.95,15.42
2359,8/16/2024 1:30,7.45,15.42
2360,8/16/2024 1:45,7.43,15.44
2361,8/16/2024 2:00,8.57,15.44
2362,8/16/2024 2:15,8.08,15.48
2363,8/16/2024 2:30,6.94,15.5
2364,8/16/2024 2:45,7.62,15.54
2365,8/16/2024 3:00,8.71,15.56
2366,8/16/2024 3:15,8.98,15.56
2367,8/16/2024 3:30,9.19,15.56
2368,8/16/2024 3:45,9.47,15.66
2369,8/16/2024 4:00,10.08,15.76
2370,8/16/2024 4:15,10.61,15.86
2371,8/16/2024 4:30,11.07,15.98
2372,8/16/2024 4:45,11.68,16.2
2373,8/16/2024 5:00,12.14,16.42
2374,8/16/2024 5:15,11.41,16.42
2375,8/16/2024 5:30,11.58,16.4
2376,8/16/2024 5:45,11.81,16.36
2377,8/16/2024 6:00,11.51,16.3
2378,8/16/2024 6:15,11.28,16.28
2379,8/16/2024 6:30,11.15,16.24
2380,8/16/2024 6:45,10.99,16.2
2381,8/16/2024 7:00,10.92,16.18
2382,8/16/2024 7:15,10.55,16.16
2383,8/16/2024 7:30,9.76,16.06
2384,8/16/2024 7:45,8.16,15.8
2385,8/16/2024 8:00,8.27,15.74
2386,8/16/2024 8:15,8.39,15.48
2387,8/16/2024 8:30,10.42,14.24
2388,8/16/2024 8:45,10.51,14.28
2389,8/16/2024 9:00,10.44,14.6
2390,8/16/2024 9:15,10.3,15.12
2391,8/16/2024 9:30,10.22,15.62
2392,8/16/2024 9:45,10.04,16.12
2393,8/16/2024 10:00,9.93,16.56
2394,8/16/2024 10:15,9.89,16.9
2395,8/16/2024 10:30,9.83,17.36
2396,8/16/2024 10:45,9.74,17.9
2397,8/16/2024 11:00,9.68,18.2
2398,8/16/2024 11:15,10.64,17.94
2399,8/16/2024 11:30,11.36,16.98
2400,8/16/2024 11:45,11.71,16.76
2401,8/16/2024 12:00,11.61,16.7
2402,8/16/2024 12:15,12.32,16.52
2403,8/16/2024 12:30,12.06,16.32
2404,8/16/2024 12:45,12.24,16.22
2405,8/16/2024 13:00,11.98,16.16
2406,8/16/2024 13:15,12.1,16.2
2407,8/16/2024 13:30,12.35,16.4
2408,8/16/2024 13:45,11.93,16.5
2409,8/16/2024 14:00,12.26,16.66
2410,8/16/2024 14:15,12.7,16.72
2411,8/16/2024 14:30,12.4,16.48
2412,8/16/2024 14:45,11.8,16.3
2413,8/16/2024 15:00,12.22,16.46
2414,8/16/2024 15:15,12.03,16.62
2415,8/16/2024 15:30,12.4,16.66
2416,8/16/2024 15:45,12.31,16.62
2417,8/16/2024 16:00,12.3,16.64
2418,8/16/2024 16:15,12.61,16.64
2419,8/16/2024 16:30,12.71,16.64
2420,8/16/2024 16:45,12.6,16.6
2421,8/16/2024 17:00,12.3,16.5
2422,8/16/2024 17:15,12.38,16.4
2423,8/16/2024 17:30,12.23,16.34
2424,8/16/2024 17:45,12.11,16.28
2425,8/16/2024 18:00,12.15,16.18
2426,8/16/2024 18:15,12.01,16.08
2427,8/16/2024 18:30,11.61,15.98
2428,8/16/2024 18:45,11.24,15.92
2429,8/16/2024 19:00,11.01,15.86
2430,8/16/2024 19:15,11.02,15.84
2431,8/16/2024 19:30,10.93,15.8
2432,8/16/2024 19:45,10.78,15.76
2433,8/16/2024 20:00,10.77,15.76
2434,8/16/2024 20:15,10.65,15.74
2435,8/16/2024 20:30,10.35,15.74
2436,8/16/2024 20:45,10.1,15.74
2437,8/16/2024 21:00,10.18,15.74
2438,8/16/2024 21:15,10.47,15.72
2439,8/16/2024 21:30,10.31,15.72
2440,8/16/2024 21:45,9.05,15.72
2441,8/16/2024 22:00,8.64,15.72
2442,8/16/2024 22:15,9.25,15.72
2443,8/16/2024 22:30,8.95,15.72
2444,8/16/2024 22:45,9.27,15.72
2445,8/16/2024 23:00,8.47,15.68
2446,8/16/2024 23:15,8.17,15.52
2447,8/16/2024 23:30,8.4,15.48
2448,8/16/2024 23:45,8.53,15.46
2449,8/17/2024 0:00,7.97,15.46
2450,8/17/2024 0:15,8.25,15.48
2451,8/17/2024 0:30,8.27,15.46
2452,8/17/2024 0:45,7.6,15.44
2453,8/17/2024 1:00,7.77,15.44
2454,8/17/2024 1:15,7.83,15.42
2455,8/17/2024 1:30,8.6,15.42
2456,8/17/2024 1:45,8.34,15.44
2457,8/17/2024 2:00,8.7,15.46
2458,8/17/2024 2:15,8.55,15.48
2459,8/17/2024 2:30,7.49,15.46
2460,8/17/2024 2:45,7.61,15.46
2461,8/17/2024 3:00,8.17,15.52
2462,8/17/2024 3:15,8.04,15.54
2463,8/17/2024 3:30,7.1,15.56
2464,8/17/2024 3:45,8.18,15.56
2465,8/17/2024 4:00,7.31,15.58
2466,8/17/2024 4:15,6.93,15.58
2467,8/17/2024 4:30,6.37,15.58
2468,8/17/2024 4:45,8.18,15.56
2469,8/17/2024 5:00,8.59,15.52
2470,8/17/2024 5:15,8.79,15.48
2471,8/17/2024 5:30,9.06,15.5
2472,8/17/2024 5:45,9.15,15.54
2473,8/17/2024 6:00,9.07,15.58
2474,8/17/2024 6:15,9.16,15.58
2475,8/17/2024 6:30,9.65,15.58
2476,8/17/2024 6:45,9.61,15.56
2477,8/17/2024 7:00,9.79,15.56
2478,8/17/2024 7:15,9.81,15.56
2479,8/17/2024 7:30,9.61,15.54
2480,8/17/2024 7:45,9.38,15.54
2481,8/17/2024 8:00,9.2,15.56
2482,8/17/2024 8:15,9.27,15.6
2483,8/17/2024 8:30,9.1,15.72
2484,8/17/2024 8:45,9.22,15.98
2485,8/17/2024 9:00,8.5,16.08
2486,8/17/2024 9:15,9.68,17.14
2487,8/17/2024 9:30,9.61,17.98
2488,8/17/2024 9:45,9.32,19.86
2489,8/17/2024 10:00,9.07,20.28
2490,8/17/2024 10:15,8.95,21.76
2491,8/17/2024 10:30,8.54,22.2
2492,8/17/2024 10:45,8.55,22.58
2493,8/17/2024 11:00,8.39,23.88
2494,8/17/2024 11:15,8.38,25.64
2495,8/17/2024 11:30,8.09,26.76
2496,8/17/2024 11:45,8.06,26.16
2497,8/17/2024 12:00,8.21,24.9
2498,8/17/2024 12:15,11.07,21.14
2499,8/17/2024 12:30,11.7,18.22
2500,8/17/2024 12:45,11.92,17.5
2501,8/17/2024 13:00,12.05,17.42
2502,8/17/2024 13:15,11.92,16.6
2503,8/17/2024 13:30,11.97,16.38
2504,8/17/2024 13:45,11.98,16.32
2505,8/17/2024 14:00,12.11,16.16
2506,8/17/2024 14:15,12.2,16.28
2507,8/17/2024 14:30,12.26,16.44
2508,8/17/2024 14:45,12.52,16.56
2509,8/17/2024 15:00,12.37,16.68
2510,8/17/2024 15:15,12.38,16.32
2511,8/17/2024 15:30,12.03,16.28
2512,8/17/2024 15:45,11.95,16.42
2513,8/17/2024 16:00,12.17,16.4
2514,8/17/2024 16:15,12.22,16.38
2515,8/17/2024 16:30,11.87,16.42
2516,8/17/2024 16:45,11.8,16.4
2517,8/17/2024 17:00,11.76,16.32
2518,8/17/2024 17:15,11.79,16.26
2519,8/17/2024 17:30,11.68,16.12
2520,8/17/2024 17:45,11.59,16.04
2521,8/17/2024 18:00,11.29,15.98
2522,8/17/2024 18:15,11.29,15.94
2523,8/17/2024 18:30,11.25,15.88
2524,8/17/2024 18:45,11.25,15.86
2525,8/17/2024 19:00,10.94,15.8
2526,8/17/2024 19:15,10.76,15.76
2527,8/17/2024 19:30,10.67,15.7
2528,8/17/2024 19:45,10.43,15.7
2529,8/17/2024 20:00,10.26,15.7
2530,8/17/2024 20:15,10.1,15.68
2531,8/17/2024 20:30,10.32,15.72
2532,8/17/2024 20:45,10.1,15.74
2533,8/17/2024 21:00,10.15,15.72
2534,8/17/2024 21:15,9.92,15.72
2535,8/17/2024 21:30,9.87,15.74
2536,8/17/2024 21:45,9.47,15.76
2537,8/17/2024 22:00,9.58,15.76
2538,8/17/2024 22:15,9.33,15.74
2539,8/17/2024 22:30,8.77,15.74
2540,8/17/2024 22:45,8.06,15.76
2541,8/17/2024 23:00,8.71,15.76
2542,8/17/2024 23:15,8.98,15.66
2543,8/17/2024 23:30,9.21,15.62
2544,8/17/2024 23:45,8.61,15.68
2545,8/18/2024 0:00,7.88,15.78
2546,8/18/2024 0:15,9.53,15.76
2547,8/18/2024 0:30,8.76,15.78
2548,8/18/2024 0:45,9.15,16
2549,8/18/2024 1:00,9.47,16.02
2550,8/18/2024 1:15,10.41,16.12
2551,8/18/2024 1:30,8.8,16
2552,8/18/2024 1:45,8.69,15.62
2553,8/18/2024 2:00,8.08,15.56
2554,8/18/2024 2:15,8.26,15.54
2555,8/18/2024 2:30,9.04,15.52
2556,8/18/2024 2:45,7.8,15.5
2557,8/18/2024 3:00,8.86,15.46
2558,8/18/2024 3:15,7.58,15.42
2559,8/18/2024 3:30,6.49,15.4
2560,8/18/2024 3:45,6.52,15.4
2561,8/18/2024 4:00,6.68,15.4
2562,8/18/2024 4:15,6.69,15.4
2563,8/18/2024 4:30,4.96,15.42
2564,8/18/2024 4:45,8.23,15.4
2565,8/18/2024 5:00,7.16,15.46
2566,8/18/2024 5:15,9.25,15.44
2567,8/18/2024 5:30,9.68,15.42
2568,8/18/2024 5:45,9.55,15.42
2569,8/18/2024 6:00,9.47,15.44
2570,8/18/2024 6:15,9.24,15.44
2571,8/18/2024 6:30,9.37,15.44
2572,8/18/2024 6:45,9.4,15.46
2573,8/18/2024 7:00,9.49,15.54
2574,8/18/2024 7:15,9.54,15.74
2575,8/18/2024 7:30,10.42,15.94
2576,8/18/2024 7:45,10.92,16.06
2577,8/18/2024 8:00,10.86,16.06
2578,8/18/2024 8:15,10.89,16.1
2579,8/18/2024 8:30,11.11,16.16
2580,8/18/2024 8:45,10.96,16.22
2581,8/18/2024 9:00,10.83,16.24
2582,8/18/2024 9:15,11.02,16.52
2583,8/18/2024 9:30,10.43,17.46
2584,8/18/2024 9:45,9.93,17.98
2585,8/18/2024 10:00,9.19,19.84
2586,8/18/2024 10:15,8.86,21.34
2587,8/18/2024 10:30,8.85,22
2588,8/18/2024 10:45,8.78,22.42
2589,8/18/2024 11:00,8.71,22.82
2590,8/18/2024 11:15,8.57,23.74
2591,8/18/2024 11:30,8.71,22.9
2592,8/18/2024 11:45,9.01,21.96
2593,8/18/2024 12:00,8.9,23.56
2594,8/18/2024 12:15,8.47,25.16
2595,8/18/2024 12:30,8.56,24.3
2596,8/18/2024 12:45,8.59,24.3
2597,8/18/2024 13:00,8.62,24.46
2598,8/18/2024 13:15,8.31,21.42
2599,8/18/2024 13:30,10.04,19.74
2600,8/18/2024 13:45,10.24,19.04
2601,8/18/2024 14:00,11.88,17.78
2602,8/18/2024 14:15,12.03,16.58
2603,8/18/2024 14:30,9.22,16.52
2604,8/18/2024 14:45,7.83,16.42
2605,8/18/2024 15:00,10.27,16.52
2606,8/18/2024 15:15,8.76,16.78
2607,8/18/2024 15:30,8.14,16.76
2608,8/18/2024 15:45,7.92,16.54
2609,8/18/2024 16:00,7.32,16.08
2610,8/18/2024 16:15,8.2,16.14
2611,8/18/2024 16:30,8.13,16.4
2612,8/18/2024 16:45,8.88,16.46
2613,8/18/2024 17:00,8.97,16.32
2614,8/18/2024 17:15,7.36,16.22
2615,8/18/2024 17:30,6.52,16
2616,8/18/2024 17:45,7.2,15.9
2617,8/18/2024 18:00,6.39,15.84
2618,8/18/2024 18:15,6.65,15.78
2619,8/18/2024 18:30,6.28,15.78
2620,8/18/2024 18:45,8.61,15.9
2621,8/18/2024 19:00,8.23,15.9
2622,8/18/2024 19:15,7.87,15.8
2623,8/18/2024 19:30,8.26,15.76
2624,8/18/2024 19:45,9.48,15.72
2625,8/18/2024 20:00,9.29,15.7
2626,8/18/2024 20:15,8.48,15.7
2627,8/18/2024 20:30,10.47,15.7
2628,8/18/2024 20:45,10.32,15.72
2629,8/18/2024 21:00,10.27,15.74
2630,8/18/2024 21:15,10.23,15.78
2631,8/18/2024 21:30,10.4,15.84
2632,8/18/2024 21:45,10.68,15.9
2633,8/18/2024 22:00,10.7,15.94
2634,8/18/2024 22:15,10.49,15.92
2635,8/18/2024 22:30,10.33,15.9
2636,8/18/2024 22:45,10.33,15.88
2637,8/18/2024 23:00,10.23,15.86
2638,8/18/2024 23:15,10.07,15.84
2639,8/18/2024 23:30,9.1,15.84
2640,8/18/2024 23:45,9.72,15.82
2641,8/19/2024 0:00,9.49,15.8
2642,8/19/2024 0:15,9.29,15.78
2643,8/19/2024 0:30,9.67,15.78
2644,8/19/2024 0:45,9.34,15.96
2645,8/19/2024 1:00,9.23,16.04
2646,8/19/2024 1:15,8.93,16.16
2647,8/19/2024 1:30,8.57,16.26
2648,8/19/2024 1:45,8.94,16.28
2649,8/19/2024 2:00,8.57,16.12
2650,8/19/2024 2:15,9.03,16.04
2651,8/19/2024 2:30,8.67,15.94
2652,8/19/2024 2:45,9.01,15.74
2653,8/19/2024 3:00,8.73,15.6
2654,8/19/2024 3:15,8.53,15.56
2655,8/19/2024 3:30,8.61,15.58
2656,8/19/2024 3:45,8.46,15.54
2657,8/19/2024 4:00,8.72,15.52
2658,8/19/2024 4:15,8.46,15.52
2659,8/19/2024 4:30,8.91,15.54
2660,8/19/2024 4:45,9.03,15.58
2661,8/19/2024 5:00,9.31,15.56
2662,8/19/2024 5:15,9.3,15.52
2663,8/19/2024 5:30,9.51,15.52
2664,8/19/2024 5:45,9.22,15.5
2665,8/19/2024 6:00,9.45,15.46
2666,8/19/2024 6:15,9.47,15.46
2667,8/19/2024 6:30,9.62,15.46
2668,8/19/2024 6:45,9.62,15.48
2669,8/19/2024 7:00,9.73,15.5
2670,8/19/2024 7:15,9.71,15.52
2671,8/19/2024 7:30,9.66,15.56
2672,8/19/2024 7:45,9.83,15.64
2673,8/19/2024 8:00,10.15,15.74
2674,8/19/2024 8:15,10.7,15.9
2675,8/19/2024 8:30,11.28,16.2
2676,8/19/2024 8:45,11.53,16.34
2677,8/19/2024 9:00,11.47,16.32
2678,8/19/2024 9:15,11.34,16.32
2679,8/19/2024 9:30,11.4,16.32
2680,8/19/2024 9:45,11.42,16.38
2681,8/19/2024 10:00,11.51,16.58
2682,8/19/2024 10:15,11.79,16.9
2683,8/19/2024 10:30,11.56,17.28
2684,8/19/2024 10:45,9.62,18.54
2685,8/19/2024 11:00,9.34,20.42
2686,8/19/2024 11:15,8.79,22.94
2687,8/19/2024 11:30,8.54,23.98
2688,8/19/2024 11:45,8.67,23.02
2689,8/19/2024 12:00,8.7,24.42
