Plot Title: Chel_DO_Aug24_Deploy,,,
#,"Date Time, GMT-07:00",DO_mgL,Temp_C
1,8/19/2024 13:00,8.29,25.96
2,8/19/2024 13:15,8.38,25.98
3,8/19/2024 13:30,8.39,26.14
4,8/19/2024 13:45,8.01,26.42
5,8/19/2024 14:00,12.52,21.12
6,8/19/2024 14:15,12.06,19.22
7,8/19/2024 14:30,12.07,18.2
8,8/19/2024 14:45,12.36,17.28
9,8/19/2024 15:00,12.37,17.16
10,8/19/2024 15:15,12.63,16.98
11,8/19/2024 15:30,12.49,16.64
12,8/19/2024 15:45,12.24,16.74
13,8/19/2024 16:00,12.09,16.72
14,8/19/2024 16:15,11.63,16.5
15,8/19/2024 16:30,10.93,16.14
16,8/19/2024 16:45,10.68,15.98
17,8/19/2024 17:00,10.89,15.96
18,8/19/2024 17:15,11.38,16.22
19,8/19/2024 17:30,11.52,16.26
20,8/19/2024 17:45,10.68,16.24
21,8/19/2024 18:00,10.22,15.94
22,8/19/2024 18:15,10.01,15.88
23,8/19/2024 18:30,9.98,15.8
24,8/19/2024 18:45,10.06,15.78
25,8/19/2024 19:00,10.01,15.8
26,8/19/2024 19:15,10.48,15.9
27,8/19/2024 19:30,10.44,15.84
28,8/19/2024 19:45,10.4,15.8
29,8/19/2024 20:00,10.32,15.74
30,8/19/2024 20:15,10.27,15.6
31,8/19/2024 20:30,10.23,15.56
32,8/19/2024 20:45,10.19,15.54
33,8/19/2024 21:00,10.14,15.54
34,8/19/2024 21:15,10.21,15.56
35,8/19/2024 21:30,10.15,15.56
36,8/19/2024 21:45,10.21,15.6
37,8/19/2024 22:00,10.24,15.62
38,8/19/2024 22:15,10.16,15.64
39,8/19/2024 22:30,10.21,15.64
40,8/19/2024 22:45,10.18,15.64
41,8/19/2024 23:00,10.15,15.64
42,8/19/2024 23:15,10.09,15.64
43,8/19/2024 23:30,10,15.64
44,8/19/2024 23:45,10.02,15.64
45,8/20/2024 0:00,9.95,15.62
46,8/20/2024 0:15,9.84,15.66
47,8/20/2024 0:30,10.78,15.94
48,8/20/2024 0:45,10.1,15.96
49,8/20/2024 1:00,9.25,15.9
50,8/20/2024 1:15,8.45,15.9
51,8/20/2024 1:30,10.48,16.04
52,8/20/2024 1:45,11.4,16.72
53,8/20/2024 2:00,11.55,17.02
54,8/20/2024 2:15,10.3,16.86
55,8/20/2024 2:30,10.19,16.62
56,8/20/2024 2:45,9.73,16.42
57,8/20/2024 3:00,8.82,16.12
58,8/20/2024 3:15,8.84,15.98
59,8/20/2024 3:30,9.13,15.76
60,8/20/2024 3:45,9.16,15.64
61,8/20/2024 4:00,9.37,15.52
62,8/20/2024 4:15,9.42,15.46
63,8/20/2024 4:30,9.11,15.46
64,8/20/2024 4:45,8.71,15.46
65,8/20/2024 5:00,8.91,15.48
66,8/20/2024 5:15,8.74,15.48
67,8/20/2024 5:30,9.12,15.5
68,8/20/2024 5:45,9.14,15.54
69,8/20/2024 6:00,9.55,15.56
70,8/20/2024 6:15,9.78,15.5
71,8/20/2024 6:30,9.76,15.48
72,8/20/2024 6:45,9.7,15.46
73,8/20/2024 7:00,9.82,15.42
74,8/20/2024 7:15,9.79,15.42
75,8/20/2024 7:30,9.79,15.42
76,8/20/2024 7:45,9.98,15.48
77,8/20/2024 8:00,10.08,15.54
78,8/20/2024 8:15,10.1,15.58
79,8/20/2024 8:30,10.06,15.68
80,8/20/2024 8:45,10.27,15.8
81,8/20/2024 9:00,10.86,16.04
82,8/20/2024 9:15,10.9,16.14
83,8/20/2024 9:30,10.77,16.06
84,8/20/2024 9:45,10.74,16.06
85,8/20/2024 10:00,10.82,16.08
86,8/20/2024 10:15,10.84,16.1
87,8/20/2024 10:30,10.86,16.14
88,8/20/2024 10:45,10.87,16.18
89,8/20/2024 11:00,9.95,16.14
90,8/20/2024 11:15,9.08,16.14
91,8/20/2024 11:30,9.99,16.16
92,8/20/2024 11:45,9.98,16.3
93,8/20/2024 12:00,9.99,16.44
94,8/20/2024 12:15,9.76,17.36
95,8/20/2024 12:30,9.64,17.84
96,8/20/2024 12:45,9.48,18.64
97,8/20/2024 13:00,9.17,20
98,8/20/2024 13:15,9.14,20.42
99,8/20/2024 13:30,8.77,22.48
100,8/20/2024 13:45,8.77,21.74
101,8/20/2024 14:00,8.93,21.36
102,8/20/2024 14:15,8.82,21.74
103,8/20/2024 14:30,11.07,20.16
104,8/20/2024 14:45,11.63,17.98
105,8/20/2024 15:00,11.84,17.2
106,8/20/2024 15:15,11.84,16.98
107,8/20/2024 15:30,11.47,16.62
108,8/20/2024 15:45,10.94,16.2
109,8/20/2024 16:00,10.69,16.08
110,8/20/2024 16:15,10.7,16.08
111,8/20/2024 16:30,10.64,16.14
112,8/20/2024 16:45,10.96,16.3
113,8/20/2024 17:00,10.93,16.22
114,8/20/2024 17:15,10.61,16.12
115,8/20/2024 17:30,10.14,15.86
116,8/20/2024 17:45,10.08,15.78
117,8/20/2024 18:00,10.35,15.84
118,8/20/2024 18:15,9.99,15.92
119,8/20/2024 18:30,9.99,15.84
120,8/20/2024 18:45,10.18,15.72
121,8/20/2024 19:00,10.02,15.66
122,8/20/2024 19:15,10.13,15.64
123,8/20/2024 19:30,10.15,15.62
124,8/20/2024 19:45,10.02,15.62
125,8/20/2024 20:00,10.01,15.64
126,8/20/2024 20:15,10.14,15.66
127,8/20/2024 20:30,10.08,15.66
128,8/20/2024 20:45,10.19,15.62
129,8/20/2024 21:00,10.12,15.56
130,8/20/2024 21:15,10.17,15.52
131,8/20/2024 21:30,10.23,15.52
132,8/20/2024 21:45,10.19,15.52
133,8/20/2024 22:00,10.14,15.54
134,8/20/2024 22:15,10.08,15.56
135,8/20/2024 22:30,10.07,15.56
136,8/20/2024 22:45,10.04,15.6
137,8/20/2024 23:00,9.99,15.64
138,8/20/2024 23:15,9.9,15.66
139,8/20/2024 23:30,9.96,15.68
140,8/20/2024 23:45,9.93,15.68
141,8/21/2024 0:00,9.9,15.68
142,8/21/2024 0:15,9.74,15.7
143,8/21/2024 0:30,9.66,15.7
144,8/21/2024 0:45,9.65,15.7
145,8/21/2024 1:00,9.38,15.7
146,8/21/2024 1:15,8.79,15.68
147,8/21/2024 1:30,8.99,15.68
148,8/21/2024 1:45,8.77,15.68
149,8/21/2024 2:00,8.65,15.68
150,8/21/2024 2:15,8.67,15.62
151,8/21/2024 2:30,8.82,15.58
152,8/21/2024 2:45,10.82,16.02
153,8/21/2024 3:00,10.92,16.32
154,8/21/2024 3:15,10.75,16.4
155,8/21/2024 3:30,10.15,16.22
156,8/21/2024 3:45,9.9,16.1
157,8/21/2024 4:00,9.46,15.94
158,8/21/2024 4:15,9.42,15.68
159,8/21/2024 4:30,9.38,15.54
160,8/21/2024 4:45,9.37,15.52
161,8/21/2024 5:00,9.42,15.48
162,8/21/2024 5:15,8.69,15.48
163,8/21/2024 5:30,7.18,15.5
164,8/21/2024 5:45,8.1,15.52
165,8/21/2024 6:00,8.1,15.52
166,8/21/2024 6:15,8.42,15.52
167,8/21/2024 6:30,9.37,15.56
168,8/21/2024 6:45,9.61,15.52
169,8/21/2024 7:00,9.66,15.5
170,8/21/2024 7:15,9.72,15.46
171,8/21/2024 7:30,9.73,15.42
172,8/21/2024 7:45,9.76,15.4
173,8/21/2024 8:00,9.93,15.4
174,8/21/2024 8:15,9.98,15.4
175,8/21/2024 8:30,10.06,15.42
176,8/21/2024 8:45,10.09,15.46
177,8/21/2024 9:00,10.12,15.52
178,8/21/2024 9:15,10.16,15.58
179,8/21/2024 9:30,10.21,15.62
180,8/21/2024 9:45,10.16,15.64
181,8/21/2024 10:00,10.23,15.68
182,8/21/2024 10:15,10.64,15.88
183,8/21/2024 10:30,11.07,16.04
184,8/21/2024 10:45,11.08,16.06
185,8/21/2024 11:00,11.33,16.1
186,8/21/2024 11:15,11.46,16.14
187,8/21/2024 11:30,11.44,16.18
188,8/21/2024 11:45,11.55,16.3
189,8/21/2024 12:00,10.47,16.74
190,8/21/2024 12:15,11.15,17.9
191,8/21/2024 12:30,9.72,17.74
192,8/21/2024 12:45,9.75,17.46
193,8/21/2024 13:00,9.67,18.3
194,8/21/2024 13:15,9.21,20.08
195,8/21/2024 13:30,9.24,19.92
196,8/21/2024 13:45,9.24,19.76
197,8/21/2024 14:00,9.28,19.6
198,8/21/2024 14:15,9.15,20.44
199,8/21/2024 14:30,9.12,20.82
200,8/21/2024 14:45,9.12,20.98
201,8/21/2024 15:00,9.4,19.4
202,8/21/2024 15:15,10.47,17.28
203,8/21/2024 15:30,11.02,16.76
204,8/21/2024 15:45,11.43,16.56
205,8/21/2024 16:00,11.78,16.5
206,8/21/2024 16:15,12.05,16.48
207,8/21/2024 16:30,12.3,15.98
208,8/21/2024 16:45,12.44,16.14
209,8/21/2024 17:00,12.6,16.24
210,8/21/2024 17:15,12.72,15.96
211,8/21/2024 17:30,12.82,15.86
212,8/21/2024 17:45,12.88,15.86
213,8/21/2024 18:00,12.87,15.84
214,8/21/2024 18:15,13.05,15.82
215,8/21/2024 18:30,12.9,15.82
216,8/21/2024 18:45,12.83,15.86
217,8/21/2024 19:00,12.88,15.9
218,8/21/2024 19:15,12.8,15.86
219,8/21/2024 19:30,12.49,15.64
220,8/21/2024 19:45,12.51,15.48
221,8/21/2024 20:00,12.46,15.44
222,8/21/2024 20:15,12.07,15.44
223,8/21/2024 20:30,11.88,15.44
224,8/21/2024 20:45,11.66,15.44
225,8/21/2024 21:00,11.53,15.44
226,8/21/2024 21:15,11.08,15.46
227,8/21/2024 21:30,10.77,15.48
228,8/21/2024 21:45,10.38,15.52
229,8/21/2024 22:00,10.32,15.54
230,8/21/2024 22:15,10.36,15.56
231,8/21/2024 22:30,10.18,15.56
232,8/21/2024 22:45,10.08,15.56
233,8/21/2024 23:00,10.09,15.54
234,8/21/2024 23:15,10.12,15.54
235,8/21/2024 23:30,10.09,15.54
236,8/21/2024 23:45,10.01,15.54
237,8/22/2024 0:00,9.98,15.52
238,8/22/2024 0:15,9.96,15.54
239,8/22/2024 0:30,9.79,15.56
240,8/22/2024 0:45,9.68,15.58
241,8/22/2024 1:00,9.56,15.58
242,8/22/2024 1:15,9.54,15.6
243,8/22/2024 1:30,9.63,15.62
244,8/22/2024 1:45,8.28,15.66
245,8/22/2024 2:00,8.98,15.66
246,8/22/2024 2:15,8.55,15.62
247,8/22/2024 2:30,8.37,15.6
248,8/22/2024 2:45,8.42,15.6
249,8/22/2024 3:00,8.47,15.6
250,8/22/2024 3:15,8.9,15.6
251,8/22/2024 3:30,8.86,15.56
252,8/22/2024 3:45,8.96,15.54
253,8/22/2024 4:00,10.68,16.12
254,8/22/2024 4:15,10.01,16.12
255,8/22/2024 4:30,9.72,15.98
256,8/22/2024 4:45,8.86,15.8
257,8/22/2024 5:00,8.93,15.74
258,8/22/2024 5:15,8.91,15.66
259,8/22/2024 5:30,8.76,15.6
260,8/22/2024 5:45,8.95,15.56
261,8/22/2024 6:00,7.68,15.48
262,8/22/2024 6:15,6.67,15.46
263,8/22/2024 6:30,5.87,15.46
264,8/22/2024 6:45,5.8,15.48
265,8/22/2024 7:00,6.97,15.54
266,8/22/2024 7:15,7.06,15.54
267,8/22/2024 7:30,8.38,15.52
268,8/22/2024 7:45,9.02,15.52
269,8/22/2024 8:00,9.25,15.48
270,8/22/2024 8:15,9.55,15.44
271,8/22/2024 8:30,9.57,15.4
272,8/22/2024 8:45,9.9,15.38
273,8/22/2024 9:00,9.9,15.38
274,8/22/2024 9:15,9.9,15.36
275,8/22/2024 9:30,9.88,15.36
276,8/22/2024 9:45,9.9,15.36
277,8/22/2024 10:00,9.93,15.4
278,8/22/2024 10:15,9.91,15.44
279,8/22/2024 10:30,9.9,15.5
280,8/22/2024 10:45,9.85,15.5
281,8/22/2024 11:00,9.72,15.54
282,8/22/2024 11:15,10.22,15.74
283,8/22/2024 11:30,10.43,15.86
284,8/22/2024 11:45,10.94,16.02
285,8/22/2024 12:00,10.98,16.08
286,8/22/2024 12:15,10.95,16.08
287,8/22/2024 12:30,10.84,16.12
288,8/22/2024 12:45,10.93,16.14
289,8/22/2024 13:00,10.39,16.22
290,8/22/2024 13:15,9.37,16.32
291,8/22/2024 13:30,9.74,16.44
292,8/22/2024 13:45,8.86,16.76
293,8/22/2024 14:00,10.75,17.56
294,8/22/2024 14:15,9.25,18.42
295,8/22/2024 14:30,8.93,20.02
296,8/22/2024 14:45,9.98,20.84
297,8/22/2024 15:00,12.98,19.08
298,8/22/2024 15:15,11.18,17.32
299,8/22/2024 15:30,11.37,16.7
300,8/22/2024 15:45,11.16,16.42
301,8/22/2024 16:00,10.6,16.52
302,8/22/2024 16:15,10.18,16.56
303,8/22/2024 16:30,10.77,16.72
304,8/22/2024 16:45,8.6,16.22
305,8/22/2024 17:00,8.68,15.9
306,8/22/2024 17:15,7.54,15.74
307,8/22/2024 17:30,9.65,15.7
308,8/22/2024 17:45,9.14,15.84
309,8/22/2024 18:00,8.44,15.84
310,8/22/2024 18:15,8.93,15.86
311,8/22/2024 18:30,8.54,15.68
312,8/22/2024 18:45,8.64,15.68
313,8/22/2024 19:00,8.04,15.74
314,8/22/2024 19:15,7.92,15.74
315,8/22/2024 19:30,7.6,15.76
316,8/22/2024 19:45,8.21,15.82
317,8/22/2024 20:00,8.27,15.8
318,8/22/2024 20:15,9.1,15.72
319,8/22/2024 20:30,9.57,15.56
320,8/22/2024 20:45,9.53,15.48
321,8/22/2024 21:00,9.33,15.46
322,8/22/2024 21:15,9.58,15.44
323,8/22/2024 21:30,9.31,15.46
324,8/22/2024 21:45,9.75,15.46
325,8/22/2024 22:00,9.87,15.44
326,8/22/2024 22:15,9.88,15.44
327,8/22/2024 22:30,9.87,15.46
328,8/22/2024 22:45,10.13,15.54
329,8/22/2024 23:00,10.13,15.54
330,8/22/2024 23:15,10.06,15.48
331,8/22/2024 23:30,10.04,15.46
332,8/22/2024 23:45,10.02,15.48
333,8/23/2024 0:00,9.96,15.54
334,8/23/2024 0:15,9.85,15.56
335,8/23/2024 0:30,10.09,15.64
336,8/23/2024 0:45,10.17,15.68
337,8/23/2024 1:00,10.14,15.7
338,8/23/2024 1:15,10.02,15.68
339,8/23/2024 1:30,9.93,15.68
340,8/23/2024 1:45,9.65,15.68
341,8/23/2024 2:00,9.38,15.66
342,8/23/2024 2:15,9.2,15.64
343,8/23/2024 2:30,8.54,15.6
344,8/23/2024 2:45,8.02,15.62
345,8/23/2024 3:00,7.93,15.6
346,8/23/2024 3:15,7.06,15.58
347,8/23/2024 3:30,6.89,15.58
348,8/23/2024 3:45,7.11,15.56
349,8/23/2024 4:00,7.6,15.54
350,8/23/2024 4:15,8.62,15.46
351,8/23/2024 4:30,8.77,15.44
352,8/23/2024 4:45,8.91,15.42
353,8/23/2024 5:00,8.68,15.4
354,8/23/2024 5:15,8.7,15.42
355,8/23/2024 5:30,8.35,15.44
356,8/23/2024 5:45,8.06,15.42
357,8/23/2024 6:00,7.71,15.44
358,8/23/2024 6:15,8.08,15.44
359,8/23/2024 6:30,9.05,15.46
360,8/23/2024 6:45,9.16,15.46
361,8/23/2024 7:00,9.11,15.44
362,8/23/2024 7:15,8.82,15.46
363,8/23/2024 7:30,7.93,15.46
364,8/23/2024 7:45,8.88,15.48
365,8/23/2024 8:00,9.07,15.5
366,8/23/2024 8:15,9.55,15.46
367,8/23/2024 8:30,9.71,15.46
368,8/23/2024 8:45,9.63,15.4
369,8/23/2024 9:00,9.68,15.36
370,8/23/2024 9:15,9.73,15.34
371,8/23/2024 9:30,9.79,15.32
372,8/23/2024 9:45,9.79,15.32
373,8/23/2024 10:00,9.72,15.32
374,8/23/2024 10:15,9.8,15.32
375,8/23/2024 10:30,9.8,15.32
376,8/23/2024 10:45,9.78,15.34
377,8/23/2024 11:00,9.73,15.34
378,8/23/2024 11:15,9.74,15.36
379,8/23/2024 11:30,9.78,15.36
380,8/23/2024 11:45,9.8,15.36
381,8/23/2024 12:00,9.79,15.38
382,8/23/2024 12:15,9.87,15.38
383,8/23/2024 12:30,10.08,15.48
384,8/23/2024 12:45,10.13,15.54
385,8/23/2024 13:00,10.16,15.58
386,8/23/2024 13:15,10.17,15.62
387,8/23/2024 13:30,10.22,15.64
388,8/23/2024 13:45,10.28,15.66
389,8/23/2024 14:00,9.74,15.68
390,8/23/2024 14:15,10.1,15.7
391,8/23/2024 14:30,10,15.7
392,8/23/2024 14:45,10.13,15.72
393,8/23/2024 15:00,9.55,15.74
394,8/23/2024 15:15,9.89,15.76
395,8/23/2024 15:30,8.65,15.76
396,8/23/2024 15:45,8.45,15.74
397,8/23/2024 16:00,8.28,15.68
398,8/23/2024 16:15,8.52,15.62
399,8/23/2024 16:30,7.49,15.58
400,8/23/2024 16:45,7.77,15.54
401,8/23/2024 17:00,7.06,15.52
402,8/23/2024 17:15,6.86,15.54
403,8/23/2024 17:30,6.18,15.56
404,8/23/2024 17:45,6.49,15.52
405,8/23/2024 18:00,6.65,15.38
406,8/23/2024 18:15,6.57,15.32
407,8/23/2024 18:30,6.43,15.28
408,8/23/2024 18:45,6.62,15.28
409,8/23/2024 19:00,6.92,15.3
410,8/23/2024 19:15,7.03,15.36
411,8/23/2024 19:30,6.6,15.38
412,8/23/2024 19:45,6.23,15.36
413,8/23/2024 20:00,7.31,15.38
414,8/23/2024 20:15,6.77,15.34
415,8/23/2024 20:30,7.19,15.36
416,8/23/2024 20:45,6.89,15.38
417,8/23/2024 21:00,8.05,15.36
418,8/23/2024 21:15,8.08,15.36
419,8/23/2024 21:30,9.62,15.3
420,8/23/2024 21:45,9.57,15.26
421,8/23/2024 22:00,9.66,15.24
422,8/23/2024 22:15,9.59,15.24
423,8/23/2024 22:30,9.58,15.24
424,8/23/2024 22:45,9.7,15.26
425,8/23/2024 23:00,9.89,15.32
426,8/23/2024 23:15,9.96,15.36
427,8/23/2024 23:30,10.01,15.38
428,8/23/2024 23:45,9.87,15.38
429,8/24/2024 0:00,9.74,15.36
430,8/24/2024 0:15,9.75,15.36
431,8/24/2024 0:30,9.78,15.36
432,8/24/2024 0:45,9.82,15.36
433,8/24/2024 1:00,9.79,15.38
434,8/24/2024 1:15,9.84,15.42
435,8/24/2024 1:30,9.76,15.42
436,8/24/2024 1:45,9.61,15.42
437,8/24/2024 2:00,9.47,15.4
438,8/24/2024 2:15,9.29,15.38
439,8/24/2024 2:30,9.08,15.36
440,8/24/2024 2:45,8.59,15.34
441,8/24/2024 3:00,7.66,15.28
442,8/24/2024 3:15,5.96,15.18
443,8/24/2024 3:30,6.85,15.16
444,8/24/2024 3:45,5.91,15.06
445,8/24/2024 4:00,5.46,15
446,8/24/2024 4:15,5.23,14.92
447,8/24/2024 4:30,4.98,14.84
448,8/24/2024 4:45,4.61,14.9
449,8/24/2024 5:00,5.8,15.04
450,8/24/2024 5:15,6.58,15.12
451,8/24/2024 5:30,7.42,15.16
452,8/24/2024 5:45,7.65,15.18
453,8/24/2024 6:00,7.52,15.18
454,8/24/2024 6:15,7.35,15.18
455,8/24/2024 6:30,7.35,15.18
456,8/24/2024 6:45,6.5,15.16
457,8/24/2024 7:00,7.05,15.14
458,8/24/2024 7:15,6.58,15.12
459,8/24/2024 7:30,5.62,15.12
460,8/24/2024 7:45,7.46,15.16
461,8/24/2024 8:00,5.98,15.18
462,8/24/2024 8:15,8.54,15.2
463,8/24/2024 8:30,9.03,15.22
464,8/24/2024 8:45,9.01,15.22
465,8/24/2024 9:00,8.89,15.24
466,8/24/2024 9:15,9.11,15.24
467,8/24/2024 9:30,9.3,15.24
468,8/24/2024 9:45,9.34,15.24
469,8/24/2024 10:00,9.42,15.24
470,8/24/2024 10:15,9.46,15.24
471,8/24/2024 10:30,9.5,15.24
472,8/24/2024 10:45,9.45,15.22
473,8/24/2024 11:00,9.47,15.18
474,8/24/2024 11:15,9.58,15.2
475,8/24/2024 11:30,9.67,15.24
476,8/24/2024 11:45,9.85,15.26
477,8/24/2024 12:00,9.97,15.28
478,8/24/2024 12:15,9.93,15.28
479,8/24/2024 12:30,9.88,15.3
480,8/24/2024 12:45,9.83,15.28
481,8/24/2024 13:00,9.78,15.28
482,8/24/2024 13:15,9.85,15.28
483,8/24/2024 13:30,9.81,15.28
484,8/24/2024 13:45,9.82,15.3
485,8/24/2024 14:00,9.89,15.3
486,8/24/2024 14:15,9.91,15.34
487,8/24/2024 14:30,9.97,15.4
488,8/24/2024 14:45,9.61,15.42
489,8/24/2024 15:00,9.81,15.46
490,8/24/2024 15:15,8.84,15.52
491,8/24/2024 15:30,9.38,15.54
492,8/24/2024 15:45,8.84,15.56
493,8/24/2024 16:00,8.13,15.56
494,8/24/2024 16:15,7.66,15.56
495,8/24/2024 16:30,7.73,15.44
496,8/24/2024 16:45,7.51,15.36
497,8/24/2024 17:00,7.94,15.32
498,8/24/2024 17:15,8.03,15.34
499,8/24/2024 17:30,7.58,15.44
500,8/24/2024 17:45,7.74,15.48
501,8/24/2024 18:00,7.92,15.54
502,8/24/2024 18:15,7.65,15.54
503,8/24/2024 18:30,7.2,15.32
504,8/24/2024 18:45,6.41,15.16
505,8/24/2024 19:00,6.77,15.12
506,8/24/2024 19:15,6.69,15.12
507,8/24/2024 19:30,6.94,15.14
508,8/24/2024 19:45,6.12,15.16
509,8/24/2024 20:00,6.77,15.16
510,8/24/2024 20:15,6.4,15.2
511,8/24/2024 20:30,6.5,15.2
512,8/24/2024 20:45,8.25,15.2
513,8/24/2024 21:00,8.53,15.18
514,8/24/2024 21:15,8.51,15.2
515,8/24/2024 21:30,8.2,15.2
516,8/24/2024 21:45,8.95,15.22
517,8/24/2024 22:00,9.15,15.22
518,8/24/2024 22:15,9.36,15.22
519,8/24/2024 22:30,9.36,15.16
520,8/24/2024 22:45,9.42,15.14
521,8/24/2024 23:00,9.58,15.16
522,8/24/2024 23:15,9.63,15.2
523,8/24/2024 23:30,9.87,15.2
524,8/24/2024 23:45,9.99,15.22
525,8/25/2024 0:00,9.99,15.22
526,8/25/2024 0:15,10.08,15.22
527,8/25/2024 0:30,10.04,15.2
528,8/25/2024 0:45,9.95,15.2
529,8/25/2024 1:00,9.91,15.2
530,8/25/2024 1:15,9.85,15.22
531,8/25/2024 1:30,9.8,15.22
532,8/25/2024 1:45,9.72,15.22
533,8/25/2024 2:00,9.68,15.22
534,8/25/2024 2:15,9.71,15.26
535,8/25/2024 2:30,9.61,15.26
536,8/25/2024 2:45,9.41,15.24
537,8/25/2024 3:00,8.95,15.22
538,8/25/2024 3:15,8.39,15.16
539,8/25/2024 3:30,6.86,15.08
540,8/25/2024 3:45,6.51,15.06
541,8/25/2024 4:00,5.12,14.64
542,8/25/2024 4:15,9.03,13.76
543,8/25/2024 4:30,8.97,13.62
544,8/25/2024 4:45,7.93,13.6
545,8/25/2024 5:00,8.37,13.6
546,8/25/2024 5:15,9.44,13.62
547,8/25/2024 5:30,8.91,13.56
548,8/25/2024 5:45,3.77,13.62
549,8/25/2024 6:00,4.67,14.7
550,8/25/2024 6:15,5.95,14.98
551,8/25/2024 6:30,6.71,15.06
552,8/25/2024 6:45,7.82,15.34
553,8/25/2024 7:00,8.64,15.52
554,8/25/2024 7:15,8.77,15.6
555,8/25/2024 7:30,5.91,15.24
556,8/25/2024 7:45,4.76,15.08
557,8/25/2024 8:00,6.51,15.18
558,8/25/2024 8:15,5.3,15.16
559,8/25/2024 8:30,7.59,15.26
560,8/25/2024 8:45,7.39,15.24
561,8/25/2024 9:00,7.7,15.24
562,8/25/2024 9:15,7.48,15.32
563,8/25/2024 9:30,7.77,15.34
564,8/25/2024 9:45,7.79,15.32
565,8/25/2024 10:00,7.96,15.34
566,8/25/2024 10:15,8.9,15.36
567,8/25/2024 10:30,9.34,15.38
568,8/25/2024 10:45,9.3,15.34
569,8/25/2024 11:00,9.39,15.36
570,8/25/2024 11:15,9.41,15.36
571,8/25/2024 11:30,9.06,15.36
572,8/25/2024 11:45,9.21,15.32
573,8/25/2024 12:00,9.47,15.28
574,8/25/2024 12:15,9.64,15.26
575,8/25/2024 12:30,9.61,15.26
576,8/25/2024 12:45,9.73,15.22
577,8/25/2024 13:00,9.98,15.28
578,8/25/2024 13:15,10.32,15.42
579,8/25/2024 13:30,10.41,15.52
580,8/25/2024 13:45,10.48,15.58
581,8/25/2024 14:00,10.65,15.62
582,8/25/2024 14:15,10.86,15.64
583,8/25/2024 14:30,10.59,15.68
584,8/25/2024 14:45,10.44,15.84
585,8/25/2024 15:00,10.65,16
586,8/25/2024 15:15,10.35,16.08
587,8/25/2024 15:30,9.76,16.02
588,8/25/2024 15:45,10.62,15.84
589,8/25/2024 16:00,10.19,16.04
590,8/25/2024 16:15,9.62,16.22
591,8/25/2024 16:30,10.14,16.1
592,8/25/2024 16:45,10.82,15.8
593,8/25/2024 17:00,11.17,15.66
594,8/25/2024 17:15,11.21,15.74
595,8/25/2024 17:30,10.9,16
596,8/25/2024 17:45,9.5,16.28
597,8/25/2024 18:00,9.96,16.08
598,8/25/2024 18:15,10.27,15.92
599,8/25/2024 18:30,10.58,15.68
600,8/25/2024 18:45,10.57,15.52
601,8/25/2024 19:00,9.72,15.36
602,8/25/2024 19:15,8.26,15.2
603,8/25/2024 19:30,8.31,15.14
604,8/25/2024 19:45,8.56,15.1
605,8/25/2024 20:00,8.52,15.08
606,8/25/2024 20:15,7.8,15.1
607,8/25/2024 20:30,7.87,15.16
608,8/25/2024 20:45,7.56,15.08
609,8/25/2024 21:00,7.52,15.22
610,8/25/2024 21:15,7.02,15.16
611,8/25/2024 21:30,6.48,15.08
612,8/25/2024 21:45,7.58,15.24
613,8/25/2024 22:00,7.74,15.14
614,8/25/2024 22:15,8.55,15.24
615,8/25/2024 22:30,8.47,15.22
616,8/25/2024 22:45,8,15.24
617,8/25/2024 23:00,8.23,15.26
618,8/25/2024 23:15,7.68,15.22
619,8/25/2024 23:30,7.61,15.26
620,8/25/2024 23:45,7.14,15.34
621,8/26/2024 0:00,8.08,15.18
622,8/26/2024 0:15,3.05,15.06
623,8/26/2024 0:30,8.39,15.04
624,8/26/2024 0:45,8.71,15.08
625,8/26/2024 1:00,9.41,15.26
626,8/26/2024 1:15,9.57,15.32
627,8/26/2024 1:30,9.92,15.34
628,8/26/2024 1:45,10.23,15.48
629,8/26/2024 2:00,9.79,15.76
630,8/26/2024 2:15,9.89,15.98
631,8/26/2024 2:30,9.72,15.92
632,8/26/2024 2:45,9.59,15.78
633,8/26/2024 3:00,9.22,15.76
634,8/26/2024 3:15,8.94,15.76
635,8/26/2024 3:30,8.72,15.78
636,8/26/2024 3:45,8.61,15.78
637,8/26/2024 4:00,7.95,15.72
638,8/26/2024 4:15,6.29,15.72
639,8/26/2024 4:30,7.02,15.66
640,8/26/2024 4:45,5.46,14.48
641,8/26/2024 5:00,10.5,12.58
642,8/26/2024 5:15,10.86,12.04
643,8/26/2024 5:30,1.73,11.76
644,8/26/2024 5:45,3.01,11.56
645,8/26/2024 6:00,3.28,11.44
646,8/26/2024 6:15,2.25,11.4
647,8/26/2024 6:30,1.9,11.34
648,8/26/2024 6:45,2.21,11.54
649,8/26/2024 7:00,4.63,14.76
650,8/26/2024 7:15,8.36,15.74
651,8/26/2024 7:30,8.52,15.92
652,8/26/2024 7:45,9.07,15.94
653,8/26/2024 8:00,9.02,15.98
654,8/26/2024 8:15,9.65,16.1
655,8/26/2024 8:30,8.82,16
656,8/26/2024 8:45,7.45,15.94
657,8/26/2024 9:00,5.36,15.92
658,8/26/2024 9:15,6.93,15.92
659,8/26/2024 9:30,7.18,15.94
660,8/26/2024 9:45,7.51,15.9
661,8/26/2024 10:00,8.36,15.96
662,8/26/2024 10:15,8.48,15.94
663,8/26/2024 10:30,6.73,15.9
664,8/26/2024 10:45,6.52,15.56
665,8/26/2024 11:00,7.46,15.54
666,8/26/2024 11:15,8.67,15.56
667,8/26/2024 11:30,8.71,15.62
668,8/26/2024 11:45,8.23,15.68
669,8/26/2024 12:00,9.57,15.7
670,8/26/2024 12:15,9.87,15.64
671,8/26/2024 12:30,7.27,15.62
672,8/26/2024 12:45,7.31,15.64
673,8/26/2024 13:00,6.75,15.78
674,8/26/2024 13:15,7.57,15.92
675,8/26/2024 13:30,7.91,15.9
676,8/26/2024 13:45,9.32,15.72
677,8/26/2024 14:00,9.29,15.62
678,8/26/2024 14:15,9.9,15.68
679,8/26/2024 14:30,9.71,15.7
680,8/26/2024 14:45,9.49,15.68
681,8/26/2024 15:00,9.36,15.64
682,8/26/2024 15:15,9.5,15.56
683,8/26/2024 15:30,8.28,15.56
684,8/26/2024 15:45,8.09,15.62
685,8/26/2024 16:00,7.5,15.64
686,8/26/2024 16:15,7.28,15.64
687,8/26/2024 16:30,7.12,15.64
688,8/26/2024 16:45,8.04,15.64
689,8/26/2024 17:00,7.73,15.64
690,8/26/2024 17:15,8.7,15.66
691,8/26/2024 17:30,7.84,15.58
692,8/26/2024 17:45,8.03,15.46
693,8/26/2024 18:00,8.6,15.4
694,8/26/2024 18:15,9.36,15.38
695,8/26/2024 18:30,9.31,15.32
696,8/26/2024 18:45,8.86,15.24
697,8/26/2024 19:00,8.97,15.22
698,8/26/2024 19:15,9.02,15.22
699,8/26/2024 19:30,8.51,15.22
700,8/26/2024 19:45,8.97,15.22
701,8/26/2024 20:00,8.88,15.22
702,8/26/2024 20:15,8.94,15.22
703,8/26/2024 20:30,8.91,15.22
704,8/26/2024 20:45,8.62,15.2
705,8/26/2024 21:00,8.55,15.18
706,8/26/2024 21:15,7.99,15.16
707,8/26/2024 21:30,8,15.14
708,8/26/2024 21:45,8.13,15.14
709,8/26/2024 22:00,7.83,15.14
710,8/26/2024 22:15,7.82,15.14
711,8/26/2024 22:30,7.5,15.08
712,8/26/2024 22:45,6.35,15.08
713,8/26/2024 23:00,6.54,15.08
714,8/26/2024 23:15,7.83,15.06
715,8/26/2024 23:30,7.53,15.06
716,8/26/2024 23:45,7.65,15.06
717,8/27/2024 0:00,6.93,15.06
718,8/27/2024 0:15,7.52,15.06
719,8/27/2024 0:30,8.67,15.08
720,8/27/2024 0:45,8.59,15.1
721,8/27/2024 1:00,8.63,15.08
722,8/27/2024 1:15,8.42,15.08
723,8/27/2024 1:30,8.9,15.08
724,8/27/2024 1:45,8.88,15.08
725,8/27/2024 2:00,9.03,15.08
726,8/27/2024 2:15,8.3,15.12
727,8/27/2024 2:30,8.48,15.12
728,8/27/2024 2:45,8.43,15.2
729,8/27/2024 3:00,9.78,15.44
730,8/27/2024 3:15,9.98,15.54
731,8/27/2024 3:30,10.24,15.66
732,8/27/2024 3:45,10.22,15.66
733,8/27/2024 4:00,9.99,15.64
734,8/27/2024 4:15,9.57,15.6
735,8/27/2024 4:30,9.41,15.54
736,8/27/2024 4:45,8.73,15.36
737,8/27/2024 5:00,8.1,15.08
738,8/27/2024 5:15,7.87,15.14
739,8/27/2024 5:30,7.28,15.1
740,8/27/2024 5:45,6.26,14.66
741,8/27/2024 6:00,10.15,12.26
742,8/27/2024 6:15,10.92,11.76
743,8/27/2024 6:30,11.04,11.66
744,8/27/2024 6:45,10.95,11.68
745,8/27/2024 7:00,11.07,11.74
746,8/27/2024 7:15,10.32,11.84
747,8/27/2024 7:30,9.15,12.56
748,8/27/2024 7:45,7.37,14.36
749,8/27/2024 8:00,7.29,15.24
750,8/27/2024 8:15,7.75,15.66
751,8/27/2024 8:30,7.51,15.88
752,8/27/2024 8:45,7.67,15.82
753,8/27/2024 9:00,8.22,15.86
754,8/27/2024 9:15,7.8,15.78
755,8/27/2024 9:30,5.22,15.66
756,8/27/2024 9:45,5.94,15.56
757,8/27/2024 10:00,6.25,15.42
758,8/27/2024 10:15,5.91,15.36
759,8/27/2024 10:30,6.52,15.36
760,8/27/2024 10:45,5.75,15.46
761,8/27/2024 11:00,5.63,15.46
762,8/27/2024 11:15,6.75,15.5
763,8/27/2024 11:30,5.96,15.56
764,8/27/2024 11:45,9.03,15.6
765,8/27/2024 12:00,7.42,15.62
766,8/27/2024 12:15,7.91,15.66
767,8/27/2024 12:30,8.52,15.5
768,8/27/2024 12:45,8.51,15.42
769,8/27/2024 13:00,8.11,15.36
770,8/27/2024 13:15,7.18,15.36
771,8/27/2024 13:30,7.63,15.42
772,8/27/2024 13:45,9.1,15.52
773,8/27/2024 14:00,8.86,15.44
774,8/27/2024 14:15,7.74,15.36
775,8/27/2024 14:30,8.06,15.52
776,8/27/2024 14:45,7.97,15.5
777,8/27/2024 15:00,8.03,15.48
778,8/27/2024 15:15,7.8,15.4
779,8/27/2024 15:30,7.76,15.4
780,8/27/2024 15:45,7.71,15.4
781,8/27/2024 16:00,8.09,15.38
782,8/27/2024 16:15,8.05,15.36
783,8/27/2024 16:30,7.76,15.34
784,8/27/2024 16:45,7.78,15.34
785,8/27/2024 17:00,7.63,15.32
786,8/27/2024 17:15,7.32,15.34
787,8/27/2024 17:30,7.93,15.32
788,8/27/2024 17:45,7.48,15.34
789,8/27/2024 18:00,7.63,15.34
790,8/27/2024 18:15,6.69,15.32
791,8/27/2024 18:30,7.22,15.32
792,8/27/2024 18:45,7.31,15.3
793,8/27/2024 19:00,7.09,15.3
794,8/27/2024 19:15,6.91,15.18
795,8/27/2024 19:30,7.31,15.14
796,8/27/2024 19:45,8,15.38
797,8/27/2024 20:00,7.94,15.46
798,8/27/2024 20:15,7.46,15.44
799,8/27/2024 20:30,7.5,15.6
800,8/27/2024 20:45,7.87,15.76
801,8/27/2024 21:00,6.82,15.76
802,8/27/2024 21:15,7.44,15.34
803,8/27/2024 21:30,7.09,15.26
804,8/27/2024 21:45,6.8,15.24
805,8/27/2024 22:00,8.05,15.2
806,8/27/2024 22:15,8.36,15.16
807,8/27/2024 22:30,7.06,15.12
808,8/27/2024 22:45,6.89,15.1
809,8/27/2024 23:00,7.7,15.1
810,8/27/2024 23:15,7.91,15.14
811,8/27/2024 23:30,7.5,15.18
812,8/27/2024 23:45,6.73,15.2
813,8/28/2024 0:00,7.33,15.22
814,8/28/2024 0:15,7.39,15.22
815,8/28/2024 0:30,8.35,15.22
816,8/28/2024 0:45,8.61,15.22
817,8/28/2024 1:00,8.63,15.28
818,8/28/2024 1:15,6.69,15.36
819,8/28/2024 1:30,7.82,15.46
820,8/28/2024 1:45,10.38,15.56
821,8/28/2024 2:00,10.62,15.58
822,8/28/2024 2:15,10.69,15.66
823,8/28/2024 2:30,10.78,15.7
824,8/28/2024 2:45,10.92,15.7
825,8/28/2024 3:00,10.79,15.68
826,8/28/2024 3:15,10.57,15.72
827,8/28/2024 3:30,10.52,15.82
828,8/28/2024 3:45,10.42,15.9
829,8/28/2024 4:00,10.42,15.9
830,8/28/2024 4:15,10.34,15.86
831,8/28/2024 4:30,10.22,15.82
832,8/28/2024 4:45,10.09,15.78
833,8/28/2024 5:00,9.99,15.72
834,8/28/2024 5:15,9.66,15.66
835,8/28/2024 5:30,9.14,15.52
836,8/28/2024 5:45,8.61,15.32
837,8/28/2024 6:00,8.52,15
838,8/28/2024 6:15,7.48,15
839,8/28/2024 6:30,7.43,14.68
840,8/28/2024 6:45,10.91,9.96
841,8/28/2024 7:00,11.42,9.56
842,8/28/2024 7:15,11.49,9.76
843,8/28/2024 7:30,11.16,10.7
844,8/28/2024 7:45,10.92,12.04
845,8/28/2024 8:00,10.49,13.56
846,8/28/2024 8:15,10.09,15.68
847,8/28/2024 8:30,9.64,17.62
848,8/28/2024 8:45,9.58,17.74
849,8/28/2024 9:00,9.3,19.28
850,8/28/2024 9:15,8.55,17.02
851,8/28/2024 9:30,9.16,15.84
852,8/28/2024 9:45,9.84,15.78
853,8/28/2024 10:00,10.17,15.9
854,8/28/2024 10:15,10.42,15.94
855,8/28/2024 10:30,8.22,16.02
856,8/28/2024 10:45,10.05,16.02
857,8/28/2024 11:00,8.4,16.08
858,8/28/2024 11:15,9.22,16.14
859,8/28/2024 11:30,8.57,16.18
860,8/28/2024 11:45,9.9,16.3
861,8/28/2024 12:00,9.61,16.42
862,8/28/2024 12:15,9.58,16.48
863,8/28/2024 12:30,9.93,16.42
864,8/28/2024 12:45,9.85,16.34
865,8/28/2024 13:00,9.83,16.26
866,8/28/2024 13:15,10.26,16.24
867,8/28/2024 13:30,10.32,16.32
868,8/28/2024 13:45,8.54,16.36
869,8/28/2024 14:00,10.31,16.34
870,8/28/2024 14:15,10.64,16.14
871,8/28/2024 14:30,9.38,16.04
872,8/28/2024 14:45,9.9,16.1
873,8/28/2024 15:00,9.39,16.16
874,8/28/2024 15:15,9.95,15.98
875,8/28/2024 15:30,9.38,15.96
876,8/28/2024 15:45,10.77,15.96
877,8/28/2024 16:00,10.58,15.92
878,8/28/2024 16:15,10.94,15.92
879,8/28/2024 16:30,11.03,15.92
880,8/28/2024 16:45,10.92,15.86
881,8/28/2024 17:00,10.36,15.78
882,8/28/2024 17:15,10.57,15.72
883,8/28/2024 17:30,10.47,15.7
884,8/28/2024 17:45,10.43,15.7
885,8/28/2024 18:00,10.47,15.7
886,8/28/2024 18:15,10.57,15.72
887,8/28/2024 18:30,10.43,15.74
888,8/28/2024 18:45,10.16,15.74
889,8/28/2024 19:00,9.93,15.74
890,8/28/2024 19:15,9.64,15.76
891,8/28/2024 19:30,8.5,15.92
892,8/28/2024 19:45,9.55,16.3
893,8/28/2024 20:00,9.62,16.48
894,8/28/2024 20:15,10.65,16.6
895,8/28/2024 20:30,8.61,16.58
896,8/28/2024 20:45,8.39,16.54
897,8/28/2024 21:00,10.67,16.52
898,8/28/2024 21:15,9.23,16.56
899,8/28/2024 21:30,8.62,16.56
900,8/28/2024 21:45,7.78,16.6
901,8/28/2024 22:00,9.02,16.52
902,8/28/2024 22:15,9.3,16.48
903,8/28/2024 22:30,9.33,16.46
904,8/28/2024 22:45,9.03,16.48
905,8/28/2024 23:00,8.26,16.36
906,8/28/2024 23:15,9.27,16.36
907,8/28/2024 23:30,8.44,16.4
908,8/28/2024 23:45,8.74,16.38
909,8/29/2024 0:00,9.12,16.38
910,8/29/2024 0:15,8.91,16.42
911,8/29/2024 0:30,9.78,16.44
912,8/29/2024 0:45,10.27,16.44
913,8/29/2024 1:00,10.13,16.44
914,8/29/2024 1:15,10.02,16.3
915,8/29/2024 1:30,9.81,16.28
916,8/29/2024 1:45,9.76,16.26
917,8/29/2024 2:00,9.47,16.24
918,8/29/2024 2:15,9.71,16.22
919,8/29/2024 2:30,9.37,16.2
920,8/29/2024 2:45,7.88,16.18
921,8/29/2024 3:00,9.29,16.16
922,8/29/2024 3:15,9.24,16.16
923,8/29/2024 3:30,9.33,16.14
924,8/29/2024 3:45,9.38,16.18
925,8/29/2024 4:00,9.12,16.06
926,8/29/2024 4:15,9.08,15.94
927,8/29/2024 4:30,9.14,16
928,8/29/2024 4:45,9.59,16.02
929,8/29/2024 5:00,8.76,16.04
930,8/29/2024 5:15,9.14,16.06
931,8/29/2024 5:30,9.25,16.06
932,8/29/2024 5:45,9.4,16.04
933,8/29/2024 6:00,8.56,16.02
934,8/29/2024 6:15,8.54,15.98
935,8/29/2024 6:30,7.59,15.92
936,8/29/2024 6:45,7.36,15.84
937,8/29/2024 7:00,6.35,15.66
938,8/29/2024 7:15,5.52,15.36
939,8/29/2024 7:30,3.5,15.32
940,8/29/2024 7:45,5.37,15.24
941,8/29/2024 8:00,8.61,14.5
942,8/29/2024 8:15,7.67,15.62
943,8/29/2024 8:30,9.14,17.4
944,8/29/2024 8:45,8.85,20.24
945,8/29/2024 9:00,7.7,21.36
946,8/29/2024 9:15,8.67,22.46
947,8/29/2024 9:30,8.7,22.72
948,8/29/2024 9:45,8.52,23.98
949,8/29/2024 10:00,8.39,24.58
950,8/29/2024 10:15,6.66,24.82
951,8/29/2024 10:30,8.97,18.24
952,8/29/2024 10:45,8.93,17.22
953,8/29/2024 11:00,9.7,16.94
954,8/29/2024 11:15,6.2,16.78
955,8/29/2024 11:30,10.68,16.68
956,8/29/2024 11:45,10.04,16.46
957,8/29/2024 12:00,9.67,16.32
958,8/29/2024 12:15,10.04,16.36
959,8/29/2024 12:30,9.58,16.24
960,8/29/2024 12:45,9.1,16.26
961,8/29/2024 13:00,9.82,16.44
962,8/29/2024 13:15,10.64,16.5
963,8/29/2024 13:30,10.41,16.36
964,8/29/2024 13:45,8.87,15.96
965,8/29/2024 14:00,9.55,15.86
966,8/29/2024 14:15,9.32,15.82
967,8/29/2024 14:30,8.26,15.76
968,8/29/2024 14:45,8.61,15.7
969,8/29/2024 15:00,9.44,15.8
970,8/29/2024 15:15,9.64,15.9
971,8/29/2024 15:30,9.79,15.84
972,8/29/2024 15:45,10.19,15.74
973,8/29/2024 16:00,10.09,15.7
974,8/29/2024 16:15,10,15.72
975,8/29/2024 16:30,10.15,15.78
976,8/29/2024 16:45,10.17,15.8
977,8/29/2024 17:00,9.89,15.82
978,8/29/2024 17:15,10.69,15.84
979,8/29/2024 17:30,10.39,15.78
980,8/29/2024 17:45,10.28,15.7
981,8/29/2024 18:00,10.28,15.6
982,8/29/2024 18:15,10.23,15.56
983,8/29/2024 18:30,10.18,15.52
984,8/29/2024 18:45,10.09,15.52
985,8/29/2024 19:00,10.12,15.5
986,8/29/2024 19:15,10.01,15.5
987,8/29/2024 19:30,10.01,15.52
988,8/29/2024 19:45,10.06,15.54
989,8/29/2024 20:00,10.09,15.54
990,8/29/2024 20:15,9.91,15.54
991,8/29/2024 20:30,9.87,15.52
992,8/29/2024 20:45,9.72,15.54
993,8/29/2024 21:00,9.24,15.54
994,8/29/2024 21:15,9.48,15.54
995,8/29/2024 21:30,9.46,15.54
996,8/29/2024 21:45,8.81,15.56
997,8/29/2024 22:00,6.67,15.58
998,8/29/2024 22:15,7.71,15.58
999,8/29/2024 22:30,8.86,15.56
1000,8/29/2024 22:45,8.28,15.66
1001,8/29/2024 23:00,8.29,15.78
1002,8/29/2024 23:15,8.5,15.98
1003,8/29/2024 23:30,9.14,16.06
1004,8/29/2024 23:45,7.88,15.62
1005,8/30/2024 0:00,8.43,15.48
1006,8/30/2024 0:15,7.93,15.52
1007,8/30/2024 0:30,8.18,15.58
1008,8/30/2024 0:45,7.71,15.66
1009,8/30/2024 1:00,7.69,15.56
1010,8/30/2024 1:15,8.69,15.46
1011,8/30/2024 1:30,8.69,15.38
1012,8/30/2024 1:45,8.63,15.34
1013,8/30/2024 2:00,7.89,15.32
1014,8/30/2024 2:15,7.92,15.32
1015,8/30/2024 2:30,8.72,15.34
1016,8/30/2024 2:45,7.84,15.32
1017,8/30/2024 3:00,8.14,15.34
1018,8/30/2024 3:15,8.74,15.36
1019,8/30/2024 3:30,8.81,15.36
1020,8/30/2024 3:45,8.99,15.34
1021,8/30/2024 4:00,9.29,15.32
1022,8/30/2024 4:15,9.34,15.3
1023,8/30/2024 4:30,9.32,15.3
1024,8/30/2024 4:45,9.3,15.3
1025,8/30/2024 5:00,9.27,15.3
1026,8/30/2024 5:15,9.23,15.3
1027,8/30/2024 5:30,9.25,15.3
1028,8/30/2024 5:45,9.12,15.32
1029,8/30/2024 6:00,9.05,15.32
1030,8/30/2024 6:15,9.17,15.32
1031,8/30/2024 6:30,9.16,15.28
1032,8/30/2024 6:45,8.97,15.28
1033,8/30/2024 7:00,8.88,15.26
1034,8/30/2024 7:15,8.8,15.24
1035,8/30/2024 7:30,8.29,15.24
1036,8/30/2024 7:45,8,15.22
1037,8/30/2024 8:00,7.89,15.22
1038,8/30/2024 8:15,7.28,15.2
1039,8/30/2024 8:30,7.68,15.3
1040,8/30/2024 8:45,7.44,15.52
1041,8/30/2024 9:00,8.96,19.24
1042,8/30/2024 9:15,7.48,21.7
1043,8/30/2024 9:30,7.62,23.64
1044,8/30/2024 9:45,8,24.56
1045,8/30/2024 10:00,8.13,25.5
1046,8/30/2024 10:15,8.02,26.52
1047,8/30/2024 10:30,7.84,27.14
1048,8/30/2024 10:45,7.75,27.46
1049,8/30/2024 11:00,7.7,27.96
1050,8/30/2024 11:15,7.65,27.8
1051,8/30/2024 11:30,10.21,21
1052,8/30/2024 11:45,12.09,18.66
1053,8/30/2024 12:00,12.4,18.28
1054,8/30/2024 12:15,12.04,17.66
1055,8/30/2024 12:30,8.79,16.84
1056,8/30/2024 12:45,8.67,16.52
1057,8/30/2024 13:00,7.43,16.34
1058,8/30/2024 13:15,6.89,16.22
1059,8/30/2024 13:30,6.57,16.16
1060,8/30/2024 13:45,7.73,16.28
1061,8/30/2024 14:00,10.92,16.5
1062,8/30/2024 14:15,11.03,16.52
1063,8/30/2024 14:30,10.22,16.46
1064,8/30/2024 14:45,9.01,15.92
1065,8/30/2024 15:00,9.4,15.82
1066,8/30/2024 15:15,9.37,15.78
1067,8/30/2024 15:30,11.23,16.08
1068,8/30/2024 15:45,10.49,16.58
1069,8/30/2024 16:00,9.84,16.58
1070,8/30/2024 16:15,9.23,16.28
1071,8/30/2024 16:30,9.27,15.98
1072,8/30/2024 16:45,9.14,15.9
1073,8/30/2024 17:00,9.15,15.86
1074,8/30/2024 17:15,10.12,15.92
1075,8/30/2024 17:30,9.95,16.18
1076,8/30/2024 17:45,10.69,16.16
1077,8/30/2024 18:00,10.24,16.1
1078,8/30/2024 18:15,9.75,15.92
1079,8/30/2024 18:30,8.96,15.78
1080,8/30/2024 18:45,8.81,15.68
1081,8/30/2024 19:00,8.79,15.62
1082,8/30/2024 19:15,8.79,15.62
1083,8/30/2024 19:30,8.8,15.6
1084,8/30/2024 19:45,8.7,15.6
1085,8/30/2024 20:00,8.91,15.6
1086,8/30/2024 20:15,9.3,15.58
1087,8/30/2024 20:30,9.41,15.58
1088,8/30/2024 20:45,9.78,15.58
1089,8/30/2024 21:00,9.79,15.58
1090,8/30/2024 21:15,9.73,15.58
1091,8/30/2024 21:30,9.71,15.58
1092,8/30/2024 21:45,9.67,15.58
1093,8/30/2024 22:00,9.61,15.58
1094,8/30/2024 22:15,9.46,15.58
1095,8/30/2024 22:30,9.31,15.58
1096,8/30/2024 22:45,8,15.56
1097,8/30/2024 23:00,9.42,15.66
1098,8/30/2024 23:15,7.65,15.78
1099,8/30/2024 23:30,7.79,16
1100,8/30/2024 23:45,8.67,16.72
1101,8/31/2024 0:00,6.35,16.74
1102,8/31/2024 0:15,5.1,16.12
1103,8/31/2024 0:30,5.87,15.68
1104,8/31/2024 0:45,5.23,15.56
1105,8/31/2024 1:00,4.93,15.56
1106,8/31/2024 1:15,4.81,15.58
1107,8/31/2024 1:30,5.07,15.72
1108,8/31/2024 1:45,5.7,15.72
1109,8/31/2024 2:00,5.45,15.5
1110,8/31/2024 2:15,5.06,15.44
1111,8/31/2024 2:30,4.77,15.42
1112,8/31/2024 2:45,4.79,15.4
1113,8/31/2024 3:00,3.75,15.36
1114,8/31/2024 3:15,5.4,15.34
1115,8/31/2024 3:30,5.06,15.34
1116,8/31/2024 3:45,4.02,15.32
1117,8/31/2024 4:00,4.26,15.34
1118,8/31/2024 4:15,7.75,15.38
1119,8/31/2024 4:30,8.68,15.4
1120,8/31/2024 4:45,8.67,15.38
1121,8/31/2024 5:00,7.46,15.38
1122,8/31/2024 5:15,7.37,15.36
1123,8/31/2024 5:30,7.18,15.34
1124,8/31/2024 5:45,8.13,15.32
1125,8/31/2024 6:00,8.51,15.32
1126,8/31/2024 6:15,8.74,15.34
1127,8/31/2024 6:30,8.98,15.36
1128,8/31/2024 6:45,8.95,15.38
1129,8/31/2024 7:00,9.03,15.36
1130,8/31/2024 7:15,8.95,15.36
1131,8/31/2024 7:30,9.29,15.42
1132,8/31/2024 7:45,9.93,15.56
1133,8/31/2024 8:00,10.23,15.66
1134,8/31/2024 8:15,10.3,15.7
1135,8/31/2024 8:30,10.21,15.7
1136,8/31/2024 8:45,9.7,15.72
1137,8/31/2024 9:00,9.16,15.78
1138,8/31/2024 9:15,8.25,16.06
1139,8/31/2024 9:30,7.22,16.18
1140,8/31/2024 9:45,8.3,17.48
1141,8/31/2024 10:00,7.89,21.84
1142,8/31/2024 10:15,7.78,24.5
1143,8/31/2024 10:30,7.49,27.18
1144,8/31/2024 10:45,7.54,28
1145,8/31/2024 11:00,7.59,28.84
1146,8/31/2024 11:15,7.59,28.84
1147,8/31/2024 11:30,8,26.34
1148,8/31/2024 11:45,7.99,28.08
1149,8/31/2024 12:00,7.77,30.2
1150,8/31/2024 12:15,10.59,25.72
1151,8/31/2024 12:30,12.35,20.64
1152,8/31/2024 12:45,13.58,19.1
1153,8/31/2024 13:00,12.92,17.68
1154,8/31/2024 13:15,12.37,16.94
1155,8/31/2024 13:30,11.98,16.6
1156,8/31/2024 13:45,11.94,16.48
1157,8/31/2024 14:00,11.89,16.42
1158,8/31/2024 14:15,11.44,16.28
1159,8/31/2024 14:30,11.37,16.52
1160,8/31/2024 14:45,10.89,16.62
1161,8/31/2024 15:00,11.08,16.6
1162,8/31/2024 15:15,10.66,16.24
1163,8/31/2024 15:30,9.99,16.04
1164,8/31/2024 15:45,9.56,15.82
1165,8/31/2024 16:00,11.75,16.18
1166,8/31/2024 16:15,12.37,16.52
1167,8/31/2024 16:30,11.83,16.68
1168,8/31/2024 16:45,10.76,16.64
1169,8/31/2024 17:00,10.84,16.66
1170,8/31/2024 17:15,9.99,16.42
1171,8/31/2024 17:30,9.33,16.1
1172,8/31/2024 17:45,9.81,15.98
1173,8/31/2024 18:00,9.58,15.96
1174,8/31/2024 18:15,10.04,15.94
1175,8/31/2024 18:30,10.4,15.96
1176,8/31/2024 18:45,10.38,15.94
1177,8/31/2024 19:00,10.47,15.86
1178,8/31/2024 19:15,10.33,15.82
1179,8/31/2024 19:30,10.27,15.78
1180,8/31/2024 19:45,10.15,15.78
1181,8/31/2024 20:00,10.02,15.74
1182,8/31/2024 20:15,9.96,15.72
1183,8/31/2024 20:30,9.97,15.72
1184,8/31/2024 20:45,9.49,15.7
1185,8/31/2024 21:00,9.34,15.68
1186,8/31/2024 21:15,9.66,15.66
1187,8/31/2024 21:30,8.8,15.66
1188,8/31/2024 21:45,8.45,15.66
1189,8/31/2024 22:00,8.11,15.66
1190,8/31/2024 22:15,7.69,15.68
1191,8/31/2024 22:30,6.99,15.68
1192,8/31/2024 22:45,7.32,15.7
1193,8/31/2024 23:00,8.36,15.7
1194,8/31/2024 23:15,9.05,15.82
1195,8/31/2024 23:30,10.07,16.7
1196,8/31/2024 23:45,10.31,17
1197,9/1/2024 0:00,10.81,17.26
1198,9/1/2024 0:15,10.83,17.34
1199,9/1/2024 0:30,10,17.16
1200,9/1/2024 0:45,8.48,16.98
1201,9/1/2024 1:00,7.25,16.28
1202,9/1/2024 1:15,6.74,16.34
1203,9/1/2024 1:30,6.37,16.5
1204,9/1/2024 1:45,7.14,16.06
1205,9/1/2024 2:00,6.64,15.8
1206,9/1/2024 2:15,6.58,15.6
1207,9/1/2024 2:30,5.55,15.56
1208,9/1/2024 2:45,5.46,15.56
1209,9/1/2024 3:00,5.49,15.52
1210,9/1/2024 3:15,6.85,15.48
1211,9/1/2024 3:30,6.45,15.56
1212,9/1/2024 3:45,6.64,15.52
1213,9/1/2024 4:00,6.35,15.52
1214,9/1/2024 4:15,6.52,15.54
1215,9/1/2024 4:30,6.54,15.54
1216,9/1/2024 4:45,5.91,15.54
1217,9/1/2024 5:00,6.13,15.54
1218,9/1/2024 5:15,6.48,15.52
1219,9/1/2024 5:30,6.5,15.52
1220,9/1/2024 5:45,6.93,15.56
1221,9/1/2024 6:00,7.46,15.54
1222,9/1/2024 6:15,7.84,15.54
1223,9/1/2024 6:30,7.5,15.58
1224,9/1/2024 6:45,7.08,15.64
1225,9/1/2024 7:00,7.35,15.66
1226,9/1/2024 7:15,8.13,15.64
1227,9/1/2024 7:30,8.31,15.64
1228,9/1/2024 7:45,7.29,15.7
1229,9/1/2024 8:00,7.89,15.82
1230,9/1/2024 8:15,9.11,16.08
1231,9/1/2024 8:30,8.82,16.18
1232,9/1/2024 8:45,8.87,16.26
1233,9/1/2024 9:00,10.77,16.4
1234,9/1/2024 9:15,11.53,16.54
1235,9/1/2024 9:30,11.56,16.64
1236,9/1/2024 9:45,11.37,16.74
1237,9/1/2024 10:00,10.91,16.92
1238,9/1/2024 10:15,11.19,17.08
1239,9/1/2024 10:30,11.23,17.58
1240,9/1/2024 10:45,9.15,20.02
1241,9/1/2024 11:00,8.61,21.26
1242,9/1/2024 11:15,8.55,21.92
1243,9/1/2024 11:30,8.59,22.12
1244,9/1/2024 11:45,8.5,22.78
1245,9/1/2024 12:00,8.51,23.58
1246,9/1/2024 12:15,8.36,24.4
1247,9/1/2024 12:30,8.34,25.66
1248,9/1/2024 12:45,10.26,23.94
1249,9/1/2024 13:00,12.84,20.04
1250,9/1/2024 13:15,14.84,19.5
1251,9/1/2024 13:30,14.97,18.26
1252,9/1/2024 13:45,14.06,17.74
1253,9/1/2024 14:00,12.14,16.94
1254,9/1/2024 14:15,12.03,16.9
1255,9/1/2024 14:30,11.29,16.58
1256,9/1/2024 14:45,9.27,16.52
1257,9/1/2024 15:00,9.38,16.6
1258,9/1/2024 15:15,8.16,16.78
1259,9/1/2024 15:30,8.29,16.88
1260,9/1/2024 15:45,6.14,16.4
1261,9/1/2024 16:00,6.74,16.12
1262,9/1/2024 16:15,5.9,15.94
1263,9/1/2024 16:30,6.42,15.8
1264,9/1/2024 16:45,5.9,15.72
1265,9/1/2024 17:00,6.82,15.68
1266,9/1/2024 17:15,5.72,15.7
1267,9/1/2024 17:30,6.34,15.86
1268,9/1/2024 17:45,6.29,15.84
1269,9/1/2024 18:00,6.86,15.78
1270,9/1/2024 18:15,6.72,15.72
1271,9/1/2024 18:30,6.95,15.7
1272,9/1/2024 18:45,6.89,15.68
1273,9/1/2024 19:00,6.93,15.66
1274,9/1/2024 19:15,6.82,15.64
1275,9/1/2024 19:30,6.66,15.62
1276,9/1/2024 19:45,7.53,15.6
1277,9/1/2024 20:00,6.45,15.58
1278,9/1/2024 20:15,7.34,15.58
1279,9/1/2024 20:30,7.46,15.56
1280,9/1/2024 20:45,7.87,15.54
1281,9/1/2024 21:00,7.66,15.54
1282,9/1/2024 21:15,7.88,15.56
1283,9/1/2024 21:30,7.82,15.56
1284,9/1/2024 21:45,7.57,15.56
1285,9/1/2024 22:00,7.53,15.56
1286,9/1/2024 22:15,7.61,15.54
1287,9/1/2024 22:30,7.06,15.52
1288,9/1/2024 22:45,7.61,15.5
1289,9/1/2024 23:00,7.76,15.48
1290,9/1/2024 23:15,9.05,15.9
1291,9/1/2024 23:30,9.21,16.18
1292,9/1/2024 23:45,10.65,16.46
1293,9/2/2024 0:00,10.85,16.66
1294,9/2/2024 0:15,12.55,16.74
1295,9/2/2024 0:30,12.66,16.8
1296,9/2/2024 0:45,12.34,16.82
1297,9/2/2024 1:00,12.6,16.88
1298,9/2/2024 1:15,12.78,16.96
1299,9/2/2024 1:30,12.62,17.02
1300,9/2/2024 1:45,11.1,17.14
1301,9/2/2024 2:00,9.36,17.04
1302,9/2/2024 2:15,6.51,16.16
1303,9/2/2024 2:30,6.24,15.86
1304,9/2/2024 2:45,7.03,15.7
1305,9/2/2024 3:00,5.94,15.52
1306,9/2/2024 3:15,5.82,15.44
1307,9/2/2024 3:30,5.71,15.42
1308,9/2/2024 3:45,5.74,15.44
1309,9/2/2024 4:00,5.95,15.44
1310,9/2/2024 4:15,5.82,15.44
1311,9/2/2024 4:30,5.38,15.42
1312,9/2/2024 4:45,5.96,15.46
1313,9/2/2024 5:00,7.23,15.46
1314,9/2/2024 5:15,7.32,15.46
1315,9/2/2024 5:30,7.5,15.44
1316,9/2/2024 5:45,7.54,15.44
1317,9/2/2024 6:00,7.96,15.4
1318,9/2/2024 6:15,8.35,15.4
1319,9/2/2024 6:30,8.03,15.46
1320,9/2/2024 6:45,8.77,15.62
1321,9/2/2024 7:00,8.23,15.72
1322,9/2/2024 7:15,9.16,15.76
1323,9/2/2024 7:30,9.58,15.88
1324,9/2/2024 7:45,9.58,16.02
1325,9/2/2024 8:00,9.79,16.24
1326,9/2/2024 8:15,11.52,16.58
1327,9/2/2024 8:30,11.86,16.76
1328,9/2/2024 8:45,12.04,16.8
1329,9/2/2024 9:00,11.78,16.78
1330,9/2/2024 9:15,12.13,16.8
1331,9/2/2024 9:30,11.37,16.8
1332,9/2/2024 9:45,11.32,16.76
1333,9/2/2024 10:00,12.09,16.78
1334,9/2/2024 10:15,11.71,16.78
1335,9/2/2024 10:30,11.33,16.74
1336,9/2/2024 10:45,10.82,16.72
1337,9/2/2024 11:00,11.01,16.86
1338,9/2/2024 11:15,10.65,17.32
1339,9/2/2024 11:30,9.65,17.16
1340,9/2/2024 11:45,6.16,17.5
1341,9/2/2024 12:00,6.33,18.22
1342,9/2/2024 12:15,6.91,19.16
1343,9/2/2024 12:30,7.95,19.1
1344,9/2/2024 12:45,8,19.18
1345,9/2/2024 13:00,8.11,19.74
1346,9/2/2024 13:15,9.96,19.36
1347,9/2/2024 13:30,11.4,17.68
1348,9/2/2024 13:45,11.13,17.36
1349,9/2/2024 14:00,11.6,17.14
1350,9/2/2024 14:15,11.33,17.06
1351,9/2/2024 14:30,10.84,16.9
1352,9/2/2024 14:45,10.57,16.76
1353,9/2/2024 15:00,9.79,16.36
1354,9/2/2024 15:15,9.46,16.06
1355,9/2/2024 15:30,8.71,16.06
1356,9/2/2024 15:45,9.07,15.92
1357,9/2/2024 16:00,9.67,16.18
1358,9/2/2024 16:15,8.36,16.16
1359,9/2/2024 16:30,8.8,16.06
1360,9/2/2024 16:45,8.87,15.78
1361,9/2/2024 17:00,8.19,15.74
1362,9/2/2024 17:15,8.74,15.72
1363,9/2/2024 17:30,8.55,15.8
1364,9/2/2024 17:45,7.97,15.66
1365,9/2/2024 18:00,8.59,15.68
1366,9/2/2024 18:15,8.48,15.68
1367,9/2/2024 18:30,8.79,15.64
1368,9/2/2024 18:45,8.89,15.62
1369,9/2/2024 19:00,8.93,15.56
1370,9/2/2024 19:15,9.11,15.5
1371,9/2/2024 19:30,8.97,15.48
1372,9/2/2024 19:45,8.8,15.5
1373,9/2/2024 20:00,8.89,15.54
1374,9/2/2024 20:15,9.12,15.6
1375,9/2/2024 20:30,9.55,15.7
1376,9/2/2024 20:45,9.62,15.7
1377,9/2/2024 21:00,9.5,15.68
1378,9/2/2024 21:15,9.46,15.66
1379,9/2/2024 21:30,9.34,15.62
1380,9/2/2024 21:45,9.34,15.6
1381,9/2/2024 22:00,9.42,15.62
1382,9/2/2024 22:15,9.39,15.66
1383,9/2/2024 22:30,9.41,15.7
1384,9/2/2024 22:45,9.17,15.74
1385,9/2/2024 23:00,9.33,15.76
1386,9/2/2024 23:15,9.56,15.78
1387,9/2/2024 23:30,9.54,15.84
1388,9/2/2024 23:45,6.78,15.86
1389,9/3/2024 0:00,6.31,15.9
1390,9/3/2024 0:15,6.49,15.96
1391,9/3/2024 0:30,5.15,15.96
1392,9/3/2024 0:45,6.06,15.94
1393,9/3/2024 1:00,6.71,16.12
1394,9/3/2024 1:15,7.27,16.26
1395,9/3/2024 1:30,7.92,16.4
1396,9/3/2024 1:45,7.79,16.44
1397,9/3/2024 2:00,6.24,16.42
1398,9/3/2024 2:15,7.75,16.42
1399,9/3/2024 2:30,8.34,16.36
1400,9/3/2024 2:45,8.71,16.28
1401,9/3/2024 3:00,8.68,16.24
1402,9/3/2024 3:15,6.5,15.82
1403,9/3/2024 3:30,6.05,15.62
1404,9/3/2024 3:45,5.57,15.52
1405,9/3/2024 4:00,6.34,15.44
1406,9/3/2024 4:15,5.37,15.4
1407,9/3/2024 4:30,5.48,15.38
1408,9/3/2024 4:45,4.94,15.36
1409,9/3/2024 5:00,3.98,15.36
1410,9/3/2024 5:15,6.77,15.38
1411,9/3/2024 5:30,7.8,15.46
1412,9/3/2024 5:45,6.88,15.42
1413,9/3/2024 6:00,6.75,15.42
1414,9/3/2024 6:15,7.84,15.4
1415,9/3/2024 6:30,7.52,15.36
1416,9/3/2024 6:45,7.41,15.36
1417,9/3/2024 7:00,7.52,15.36
1418,9/3/2024 7:15,6.68,15.4
1419,9/3/2024 7:30,8.17,15.44
1420,9/3/2024 7:45,7.62,15.48
1421,9/3/2024 8:00,7.66,15.58
1422,9/3/2024 8:15,8.03,15.62
1423,9/3/2024 8:30,8.51,15.66
1424,9/3/2024 8:45,8.13,15.78
1425,9/3/2024 9:00,8.2,15.9
1426,9/3/2024 9:15,8.73,16.02
1427,9/3/2024 9:30,8.99,16.22
1428,9/3/2024 9:45,9.78,16.32
1429,9/3/2024 10:00,9.7,16.34
1430,9/3/2024 10:15,10.17,16.36
1431,9/3/2024 10:30,10.65,16.4
1432,9/3/2024 10:45,10.32,16.46
1433,9/3/2024 11:00,8.63,16.56
1434,9/3/2024 11:15,8.4,16.64
1435,9/3/2024 11:30,6.01,16.74
1436,9/3/2024 11:45,7.14,16.88
1437,9/3/2024 12:00,8.43,17.24
1438,9/3/2024 12:15,10.81,18.24
1439,9/3/2024 12:30,6.6,19.4
1440,9/3/2024 12:45,6.58,21
1441,9/3/2024 13:00,7.29,21.88
1442,9/3/2024 13:15,7.49,23
1443,9/3/2024 13:30,8.5,23.36
1444,9/3/2024 13:45,11.77,20.08
1445,9/3/2024 14:00,11.25,18.42
1446,9/3/2024 14:15,10.98,17.94
1447,9/3/2024 14:30,11.13,17.58
1448,9/3/2024 14:45,10.85,17.48
1449,9/3/2024 15:00,10.14,17.26
1450,9/3/2024 15:15,10.19,17.38
1451,9/3/2024 15:30,9.74,16.66
1452,9/3/2024 15:45,8.82,16.38
1453,9/3/2024 16:00,8.87,16.28
1454,9/3/2024 16:15,9.95,16.42
1455,9/3/2024 16:30,11.1,16.46
1456,9/3/2024 16:45,10.43,16.28
1457,9/3/2024 17:00,11.47,16.64
1458,9/3/2024 17:15,10.81,16.82
1459,9/3/2024 17:30,9.82,16.04
1460,9/3/2024 17:45,9.63,15.82
1461,9/3/2024 18:00,8.67,15.78
1462,9/3/2024 18:15,8.16,15.86
1463,9/3/2024 18:30,9.32,15.82
1464,9/3/2024 18:45,9.44,15.82
1465,9/3/2024 19:00,9.73,15.78
1466,9/3/2024 19:15,9.82,15.78
1467,9/3/2024 19:30,9.67,15.8
1468,9/3/2024 19:45,9.42,15.76
1469,9/3/2024 20:00,9.54,15.7
1470,9/3/2024 20:15,9.22,15.68
1471,9/3/2024 20:30,9.72,15.72
1472,9/3/2024 20:45,8.52,15.74
1473,9/3/2024 21:00,8.26,15.72
1474,9/3/2024 21:15,8.97,15.7
1475,9/3/2024 21:30,8.42,15.64
1476,9/3/2024 21:45,8.71,15.64
1477,9/3/2024 22:00,9.17,15.7
1478,9/3/2024 22:15,9.04,15.78
1479,9/3/2024 22:30,9.34,15.84
1480,9/3/2024 22:45,9.47,15.9
1481,9/3/2024 23:00,9.87,15.92
1482,9/3/2024 23:15,9.67,15.92
1483,9/3/2024 23:30,9.51,15.9
1484,9/3/2024 23:45,9.05,15.86
1485,9/4/2024 0:00,7.43,15.82
1486,9/4/2024 0:15,5.27,15.84
1487,9/4/2024 0:30,3.04,15.82
1488,9/4/2024 0:45,5.7,15.82
1489,9/4/2024 1:00,4.3,15.8
1490,9/4/2024 1:15,4.19,15.72
1491,9/4/2024 1:30,4.39,15.88
1492,9/4/2024 1:45,7.37,16.28
1493,9/4/2024 2:00,8.6,16.48
1494,9/4/2024 2:15,6.66,16.5
1495,9/4/2024 2:30,6.93,16.44
1496,9/4/2024 2:45,5.72,16.52
1497,9/4/2024 3:00,5.49,16.46
1498,9/4/2024 3:15,6.4,16.34
1499,9/4/2024 3:30,6.47,16.1
1500,9/4/2024 3:45,6.94,15.9
1501,9/4/2024 4:00,3.84,15.66
1502,9/4/2024 4:15,6.15,15.6
1503,9/4/2024 4:30,5.64,15.52
1504,9/4/2024 4:45,4.88,15.48
1505,9/4/2024 5:00,6.23,15.46
1506,9/4/2024 5:15,6.14,15.46
1507,9/4/2024 5:30,6.2,15.48
1508,9/4/2024 5:45,4.68,15.52
1509,9/4/2024 6:00,7.02,15.6
1510,9/4/2024 6:15,7.02,15.58
1511,9/4/2024 6:30,6.06,15.54
1512,9/4/2024 6:45,6.09,15.52
1513,9/4/2024 7:00,5.38,15.48
1514,9/4/2024 7:15,6.43,15.46
1515,9/4/2024 7:30,6.07,15.46
1516,9/4/2024 7:45,6.25,15.46
1517,9/4/2024 8:00,6.12,15.5
1518,9/4/2024 8:15,6.74,15.5
1519,9/4/2024 8:30,6.83,15.52
1520,9/4/2024 8:45,6.6,15.54
1521,9/4/2024 9:00,7.09,15.56
1522,9/4/2024 9:15,7.62,15.66
1523,9/4/2024 9:30,7.29,15.72
1524,9/4/2024 9:45,6.97,15.76
1525,9/4/2024 10:00,7.79,15.74
1526,9/4/2024 10:15,9.19,15.78
1527,9/4/2024 10:30,10.27,15.86
1528,9/4/2024 10:45,11.3,16.06
1529,9/4/2024 11:00,12.38,16.28
1530,9/4/2024 11:15,12.44,16.46
1531,9/4/2024 11:30,13.39,16.56
1532,9/4/2024 11:45,13.05,16.74
1533,9/4/2024 12:00,12.88,16.9
1534,9/4/2024 12:15,12.15,16.96
1535,9/4/2024 12:30,12.53,17.18
1536,9/4/2024 12:45,13.89,18.76
1537,9/4/2024 13:00,10.76,19.1
1538,9/4/2024 13:15,13.74,19.18
1539,9/4/2024 13:30,14.74,19.54
1540,9/4/2024 13:45,12.75,19.44
1541,9/4/2024 14:00,10.51,19.3
1542,9/4/2024 14:15,13.18,19.12
1543,9/4/2024 14:30,11.26,18.6
1544,9/4/2024 14:45,9.25,18.04
1545,9/4/2024 15:00,8.61,17.84
1546,9/4/2024 15:15,9.31,17.34
1547,9/4/2024 15:30,8.56,16.76
1548,9/4/2024 15:45,8.37,16.4
1549,9/4/2024 16:00,7.97,16.12
1550,9/4/2024 16:15,7.35,15.98
1551,9/4/2024 16:30,7.02,15.98
1552,9/4/2024 16:45,7.59,16.06
1553,9/4/2024 17:00,7.79,16.2
1554,9/4/2024 17:15,6.98,16.2
1555,9/4/2024 17:30,7.54,16.12
1556,9/4/2024 17:45,7.88,15.96
1557,9/4/2024 18:00,9.48,16.56
1558,9/4/2024 18:15,7.27,16.46
1559,9/4/2024 18:30,6.03,16.02
1560,9/4/2024 18:45,7.22,15.9
1561,9/4/2024 19:00,7.56,15.84
1562,9/4/2024 19:15,6.74,15.84
1563,9/4/2024 19:30,7.14,15.78
1564,9/4/2024 19:45,8.44,15.76
1565,9/4/2024 20:00,8.06,15.74
1566,9/4/2024 20:15,7.85,15.66
1567,9/4/2024 20:30,9.38,15.58
1568,9/4/2024 20:45,9.45,15.56
1569,9/4/2024 21:00,9.63,15.6
1570,9/4/2024 21:15,9.4,15.62
1571,9/4/2024 21:30,9.93,15.72
1572,9/4/2024 21:45,10.09,15.76
1573,9/4/2024 22:00,9.82,15.84
1574,9/4/2024 22:15,10.06,15.9
1575,9/4/2024 22:30,10.05,15.92
1576,9/4/2024 22:45,9.56,15.9
1577,9/4/2024 23:00,10.14,15.9
1578,9/4/2024 23:15,9.57,15.88
1579,9/4/2024 23:30,8.86,15.84
1580,9/4/2024 23:45,8.31,15.8
1581,9/5/2024 0:00,7.31,15.78
1582,9/5/2024 0:15,6.99,15.74
1583,9/5/2024 0:30,6.35,15.68
1584,9/5/2024 0:45,6.82,15.7
1585,9/5/2024 1:00,15.3,17.34
1586,9/5/2024 1:15,9.91,17.72
1587,9/5/2024 1:30,11.03,17.8
1588,9/5/2024 1:45,9.21,17.68
1589,9/5/2024 2:00,9.04,17.24
1590,9/5/2024 2:15,9.39,16.96
1591,9/5/2024 2:30,9.55,16.88
1592,9/5/2024 2:45,9.44,16.78
1593,9/5/2024 3:00,9.19,16.8
1594,9/5/2024 3:15,9.28,16.84
1595,9/5/2024 3:30,6.56,16.8
1596,9/5/2024 3:45,6.29,16.64
1597,9/5/2024 4:00,7.24,16.26
1598,9/5/2024 4:15,4.95,16.06
1599,9/5/2024 4:30,6.14,15.92
1600,9/5/2024 4:45,5.03,15.78
1601,9/5/2024 5:00,3.6,15.64
1602,9/5/2024 5:15,3.72,15.6
1603,9/5/2024 5:30,8.6,15.6
1604,9/5/2024 5:45,6.84,15.56
1605,9/5/2024 6:00,4.94,15.58
1606,9/5/2024 6:15,6.24,15.64
1607,9/5/2024 6:30,4.58,15.84
1608,9/5/2024 6:45,6.93,15.82
1609,9/5/2024 7:00,6.55,15.76
1610,9/5/2024 7:15,5.89,15.72
1611,9/5/2024 7:30,6.08,15.66
1612,9/5/2024 7:45,6.05,15.6
1613,9/5/2024 8:00,6.47,15.6
1614,9/5/2024 8:15,6.23,15.6
1615,9/5/2024 8:30,6.63,15.58
1616,9/5/2024 8:45,8.3,15.64
1617,9/5/2024 9:00,8.26,15.68
1618,9/5/2024 9:15,8.57,15.84
1619,9/5/2024 9:30,8.65,15.96
1620,9/5/2024 9:45,10.1,16.02
1621,9/5/2024 10:00,9.39,16.08
1622,9/5/2024 10:15,10.01,16.2
1623,9/5/2024 10:30,10.08,16.34
1624,9/5/2024 10:45,11.36,16.48
1625,9/5/2024 11:00,10.7,16.68
1626,9/5/2024 11:15,10.94,16.9
1627,9/5/2024 11:30,11.17,17.16
1628,9/5/2024 11:45,9.82,17.34
1629,9/5/2024 12:00,9.5,17.56
1630,9/5/2024 12:15,7.54,18.32
1631,9/5/2024 12:30,12.43,18.06
1632,9/5/2024 12:45,11.53,18.06
1633,9/5/2024 13:00,10.3,18.48
1634,9/5/2024 13:15,13.74,18.72
1635,9/5/2024 13:30,11.86,18.5
1636,9/5/2024 13:45,12.34,17.82
1637,9/5/2024 14:00,12.71,19.76
1638,9/5/2024 14:15,11.41,20.6
1639,9/5/2024 14:30,12.98,21.28
1640,9/5/2024 14:45,12.1,20.32
1641,9/5/2024 15:00,6.72,19.86
1642,9/5/2024 15:15,7.34,19.24
1643,9/5/2024 15:30,11.08,17.88
1644,9/5/2024 15:45,9.64,17.18
1645,9/5/2024 16:00,9.71,16.5
1646,9/5/2024 16:15,8.39,16.32
1647,9/5/2024 16:30,7.89,15.98
1648,9/5/2024 16:45,9.3,15.9
1649,9/5/2024 17:00,7.84,15.98
1650,9/5/2024 17:15,8.52,16.18
1651,9/5/2024 17:30,6.43,16.24
1652,9/5/2024 17:45,7.17,16.22
1653,9/5/2024 18:00,7.4,16.22
1654,9/5/2024 18:15,7.08,16.1
1655,9/5/2024 18:30,7.36,16.04
1656,9/5/2024 18:45,6.77,15.88
1657,9/5/2024 19:00,6.26,15.68
1658,9/5/2024 19:15,6.66,15.6
1659,9/5/2024 19:30,6.12,15.58
1660,9/5/2024 19:45,6.24,15.62
1661,9/5/2024 20:00,7.57,15.68
1662,9/5/2024 20:15,6.97,15.7
1663,9/5/2024 20:30,7.75,15.68
1664,9/5/2024 20:45,7.84,15.68
1665,9/5/2024 21:00,8.17,15.72
1666,9/5/2024 21:15,8.44,15.8
1667,9/5/2024 21:30,8.99,15.9
1668,9/5/2024 21:45,10.01,15.98
1669,9/5/2024 22:00,10.07,16.02
1670,9/5/2024 22:15,8.86,16
1671,9/5/2024 22:30,10.87,16.06
1672,9/5/2024 22:45,11.42,16.24
1673,9/5/2024 23:00,10.82,16.32
1674,9/5/2024 23:15,10.72,16.32
1675,9/5/2024 23:30,10.39,16.28
1676,9/5/2024 23:45,9.38,16.16
1677,9/6/2024 0:00,9.96,16.1
1678,9/6/2024 0:15,9.65,16.04
1679,9/6/2024 0:30,9.01,15.96
1680,9/6/2024 0:45,12.8,16.76
1681,9/6/2024 1:00,17.23,17.22
1682,9/6/2024 1:15,14.82,17.52
1683,9/6/2024 1:30,14.8,17.7
1684,9/6/2024 1:45,13.01,17.8
1685,9/6/2024 2:00,14.5,17.66
1686,9/6/2024 2:15,14.42,17.44
1687,9/6/2024 2:30,13.97,17.2
1688,9/6/2024 2:45,13.85,17.3
1689,9/6/2024 3:00,13.66,17.32
1690,9/6/2024 3:15,13.39,17.04
1691,9/6/2024 3:30,10.05,16.96
1692,9/6/2024 3:45,10.05,17.06
1693,9/6/2024 4:00,13.24,17.52
1694,9/6/2024 4:15,11.09,17.38
1695,9/6/2024 4:30,8.86,16.74
1696,9/6/2024 4:45,9.67,16.72
1697,9/6/2024 5:00,6.91,16.54
1698,9/6/2024 5:15,7.41,16.08
1699,9/6/2024 5:30,8.77,15.9
1700,9/6/2024 5:45,8.42,16.04
1701,9/6/2024 6:00,8.8,16.06
1702,9/6/2024 6:15,6.47,16.06
1703,9/6/2024 6:30,8.7,16.18
1704,9/6/2024 6:45,5.98,16.16
1705,9/6/2024 7:00,6.84,16.26
1706,9/6/2024 7:15,4.02,16.1
1707,9/6/2024 7:30,5.57,15.94
1708,9/6/2024 7:45,6.49,15.84
1709,9/6/2024 8:00,7.65,15.82
1710,9/6/2024 8:15,8.06,15.82
1711,9/6/2024 8:30,7.86,15.8
1712,9/6/2024 8:45,8.5,15.8
1713,9/6/2024 9:00,9.96,15.9
1714,9/6/2024 9:15,10,15.96
1715,9/6/2024 9:30,10.6,16.06
1716,9/6/2024 9:45,11.36,16.16
1717,9/6/2024 10:00,11.41,16.22
1718,9/6/2024 10:15,11.97,16.32
1719,9/6/2024 10:30,12.39,16.44
1720,9/6/2024 10:45,12.99,16.66
1721,9/6/2024 11:00,13.18,16.76
1722,9/6/2024 11:15,13.68,16.96
1723,9/6/2024 11:30,13.71,17.08
1724,9/6/2024 11:45,10.76,16.9
1725,9/6/2024 12:00,12.79,17.34
1726,9/6/2024 12:15,10.33,16.94
1727,9/6/2024 12:30,11.61,16.78
1728,9/6/2024 12:45,13.55,18.12
1729,9/6/2024 13:00,13.4,18.7
1730,9/6/2024 13:15,12.75,18.98
1731,9/6/2024 13:30,13.51,19.02
1732,9/6/2024 13:45,13.01,18.92
1733,9/6/2024 14:00,13.33,18.7
1734,9/6/2024 14:15,12.96,18.44
1735,9/6/2024 14:30,11.4,18.2
1736,9/6/2024 14:45,13.42,18.02
1737,9/6/2024 15:00,13.33,17.82
1738,9/6/2024 15:15,14.24,17.72
1739,9/6/2024 15:30,13.85,17.66
1740,9/6/2024 15:45,15.53,17.42
1741,9/6/2024 16:00,13.3,17.3
1742,9/6/2024 16:15,11.16,17.06
1743,9/6/2024 16:30,9.33,16.5
1744,9/6/2024 16:45,8.08,16.14
1745,9/6/2024 17:00,8.16,16.06
1746,9/6/2024 17:15,7.53,16.14
1747,9/6/2024 17:30,6.86,16.06
1748,9/6/2024 17:45,7.63,16.04
1749,9/6/2024 18:00,6.75,16.12
1750,9/6/2024 18:15,8.99,16.32
1751,9/6/2024 18:30,7.67,16.18
1752,9/6/2024 18:45,8.46,16.22
1753,9/6/2024 19:00,7.05,16.24
1754,9/6/2024 19:15,5.86,16.18
1755,9/6/2024 19:30,7.91,16.04
1756,9/6/2024 19:45,7.31,15.96
1757,9/6/2024 20:00,9.06,15.94
1758,9/6/2024 20:15,9.57,15.9
1759,9/6/2024 20:30,9.72,15.9
1760,9/6/2024 20:45,9.38,15.9
1761,9/6/2024 21:00,8.95,15.86
1762,9/6/2024 21:15,9.74,15.92
1763,9/6/2024 21:30,10.26,16.02
1764,9/6/2024 21:45,10.1,16.04
1765,9/6/2024 22:00,10.13,16.04
1766,9/6/2024 22:15,11.08,16.18
1767,9/6/2024 22:30,11.88,16.32
1768,9/6/2024 22:45,11.83,16.34
1769,9/6/2024 23:00,12.41,16.36
1770,9/6/2024 23:15,12.97,16.4
1771,9/6/2024 23:30,13.15,16.44
1772,9/6/2024 23:45,13.13,16.44
1773,9/7/2024 0:00,14.5,16.56
1774,9/7/2024 0:15,17.44,17.52
1775,9/7/2024 0:30,18.36,17.88
1776,9/7/2024 0:45,19.78,18.16
1777,9/7/2024 1:00,19.65,18.22
1778,9/7/2024 1:15,19.75,18.18
1779,9/7/2024 1:30,20.83,18.54
1780,9/7/2024 1:45,20.48,19.26
1781,9/7/2024 2:00,20.92,19.52
1782,9/7/2024 2:15,19.03,19.78
1783,9/7/2024 2:30,16.84,19.6
1784,9/7/2024 2:45,18.09,19.48
1785,9/7/2024 3:00,15.61,18.92
1786,9/7/2024 3:15,14.74,18.08
1787,9/7/2024 3:30,14.51,18.02
1788,9/7/2024 3:45,13.72,17.96
1789,9/7/2024 4:00,15.57,17.88
1790,9/7/2024 4:15,17.93,18.44
1791,9/7/2024 4:30,17.9,18.46
1792,9/7/2024 4:45,15.35,18.36
1793,9/7/2024 5:00,11.49,17.92
1794,9/7/2024 5:15,8.68,17.58
1795,9/7/2024 5:30,8.39,16.92
1796,9/7/2024 5:45,7.03,16.36
1797,9/7/2024 6:00,6.39,16.32
1798,9/7/2024 6:15,9.7,16.46
1799,9/7/2024 6:30,7.74,16.68
1800,9/7/2024 6:45,7.46,16.64
1801,9/7/2024 7:00,9.47,17.06
1802,9/7/2024 7:15,8.63,16.46
1803,9/7/2024 7:30,8.04,16.22
1804,9/7/2024 7:45,7.77,16.14
1805,9/7/2024 8:00,8.11,16.12
1806,9/7/2024 8:15,5.71,16.08
1807,9/7/2024 8:30,4.97,15.96
1808,9/7/2024 8:45,5.54,15.86
1809,9/7/2024 9:00,5.79,15.84
1810,9/7/2024 9:15,6.43,15.82
1811,9/7/2024 9:30,9.49,15.98
1812,9/7/2024 9:45,10.64,16.08
1813,9/7/2024 10:00,10.6,16.28
1814,9/7/2024 10:15,11.06,16.52
1815,9/7/2024 10:30,11.6,16.66
1816,9/7/2024 10:45,11,16.56
1817,9/7/2024 11:00,11.06,16.48
1818,9/7/2024 11:15,11.89,16.56
1819,9/7/2024 11:30,12.55,16.6
1820,9/7/2024 11:45,13.24,16.7
1821,9/7/2024 12:00,15.33,17
1822,9/7/2024 12:15,16.12,17.52
1823,9/7/2024 12:30,13.55,17.32
1824,9/7/2024 12:45,13.04,16.92
1825,9/7/2024 13:00,12.99,16.74
1826,9/7/2024 13:15,18.75,18.34
1827,9/7/2024 13:30,17.84,18.64
1828,9/7/2024 13:45,23.87,19.16
1829,9/7/2024 14:00,26.3,19.8
1830,9/7/2024 14:15,25.03,20.26
1831,9/7/2024 14:30,23.44,20.52
1832,9/7/2024 14:45,19.82,20.76
1833,9/7/2024 15:00,16.76,19.02
1834,9/7/2024 15:15,12.37,17.8
1835,9/7/2024 15:30,10.08,17.62
1836,9/7/2024 15:45,10.85,17.18
1837,9/7/2024 16:00,10.35,16.98
1838,9/7/2024 16:15,10.12,16.86
1839,9/7/2024 16:30,8.95,16.7
1840,9/7/2024 16:45,9.2,16.7
1841,9/7/2024 17:00,8.29,16.6
1842,9/7/2024 17:15,6.8,16.16
1843,9/7/2024 17:30,7.02,15.98
1844,9/7/2024 17:45,6.26,15.9
1845,9/7/2024 18:00,5.97,15.82
1846,9/7/2024 18:15,5.72,15.8
1847,9/7/2024 18:30,5.62,15.9
1848,9/7/2024 18:45,5.71,15.96
1849,9/7/2024 19:00,6.01,15.94
1850,9/7/2024 19:15,6.33,16.1
1851,9/7/2024 19:30,6.24,16.22
1852,9/7/2024 19:45,6.93,16.22
1853,9/7/2024 20:00,7.23,15.86
1854,9/7/2024 20:15,6.81,15.78
1855,9/7/2024 20:30,8.25,15.8
1856,9/7/2024 20:45,9.9,15.94
1857,9/7/2024 21:00,8.99,15.9
1858,9/7/2024 21:15,9.07,15.9
1859,9/7/2024 21:30,9.21,15.88
1860,9/7/2024 21:45,8.74,15.82
1861,9/7/2024 22:00,8.68,15.78
1862,9/7/2024 22:15,8.59,15.78
1863,9/7/2024 22:30,9.38,15.88
1864,9/7/2024 22:45,11.37,16.16
1865,9/7/2024 23:00,11.36,16.22
1866,9/7/2024 23:15,10.6,16.18
1867,9/7/2024 23:30,10.62,16.12
1868,9/7/2024 23:45,9.78,16.1
1869,9/8/2024 0:00,10.04,16.12
1870,9/8/2024 0:15,10.99,16.26
1871,9/8/2024 0:30,11.61,16.4
1872,9/8/2024 0:45,11.44,16.5
1873,9/8/2024 1:00,12.29,16.62
1874,9/8/2024 1:15,12.26,16.72
1875,9/8/2024 1:30,11.93,16.78
1876,9/8/2024 1:45,11.12,16.9
1877,9/8/2024 2:00,12.17,16.94
1878,9/8/2024 2:15,11.54,16.94
1879,9/8/2024 2:30,11.44,16.88
1880,9/8/2024 2:45,9.97,16.88
1881,9/8/2024 3:00,7.34,16.86
1882,9/8/2024 3:15,8.56,16.82
1883,9/8/2024 3:30,8.87,16.8
1884,9/8/2024 3:45,7.73,16.8
1885,9/8/2024 4:00,9.37,16.8
1886,9/8/2024 4:15,8.05,16.78
1887,9/8/2024 4:30,7.29,16.78
1888,9/8/2024 4:45,8.38,16.82
1889,9/8/2024 5:00,8.56,16.84
1890,9/8/2024 5:15,9.98,16.84
1891,9/8/2024 5:30,10.94,16.82
1892,9/8/2024 5:45,8.34,16.78
1893,9/8/2024 6:00,9.33,16.76
1894,9/8/2024 6:15,9.57,16.62
1895,9/8/2024 6:30,8.8,16.24
1896,9/8/2024 6:45,6.81,16.12
1897,9/8/2024 7:00,7.91,16.06
1898,9/8/2024 7:15,5.63,16.02
1899,9/8/2024 7:30,5.86,16.16
1900,9/8/2024 7:45,5.3,16.32
1901,9/8/2024 8:00,4.52,16.16
1902,9/8/2024 8:15,4.47,16.12
1903,9/8/2024 8:30,3.89,16.1
1904,9/8/2024 8:45,4.33,16.02
1905,9/8/2024 9:00,5.29,15.96
1906,9/8/2024 9:15,6.52,15.94
1907,9/8/2024 9:30,6.86,15.96
1908,9/8/2024 9:45,6.95,15.9
1909,9/8/2024 10:00,7.94,15.86
1910,9/8/2024 10:15,7.76,15.82
1911,9/8/2024 10:30,8,15.72
1912,9/8/2024 10:45,8.27,15.62
1913,9/8/2024 11:00,7.93,15.62
1914,9/8/2024 11:15,7.66,15.66
1915,9/8/2024 11:30,9.46,15.84
1916,9/8/2024 11:45,10.02,16.12
1917,9/8/2024 12:00,9.91,16.28
1918,9/8/2024 12:15,11.3,16.36
1919,9/8/2024 12:30,11.76,16.6
1920,9/8/2024 12:45,11.04,16.9
1921,9/8/2024 13:00,12.02,17.08
1922,9/8/2024 13:15,11.67,17.16
1923,9/8/2024 13:30,14.06,17.16
1924,9/8/2024 13:45,14.08,17.1
1925,9/8/2024 14:00,14.37,17.12
1926,9/8/2024 14:15,13.91,17.02
1927,9/8/2024 14:30,13.01,16.96
1928,9/8/2024 14:45,11.35,16.74
1929,9/8/2024 15:00,9.67,16.32
1930,9/8/2024 15:15,8.36,16.2
1931,9/8/2024 15:30,8.1,16.08
1932,9/8/2024 15:45,6.26,16.04
1933,9/8/2024 16:00,6.92,15.98
1934,9/8/2024 16:15,7.52,15.92
1935,9/8/2024 16:30,7.12,15.9
1936,9/8/2024 16:45,7.23,15.84
1937,9/8/2024 17:00,7.49,15.84
1938,9/8/2024 17:15,6.82,15.8
1939,9/8/2024 17:30,6.9,15.8
1940,9/8/2024 17:45,5.7,15.82
1941,9/8/2024 18:00,6.94,15.82
1942,9/8/2024 18:15,7.78,15.76
1943,9/8/2024 18:30,7.61,15.68
1944,9/8/2024 18:45,7.05,15.62
1945,9/8/2024 19:00,6.32,15.6
1946,9/8/2024 19:15,5.34,15.6
1947,9/8/2024 19:30,5.52,15.58
1948,9/8/2024 19:45,6.59,15.58
1949,9/8/2024 20:00,6.66,15.6
1950,9/8/2024 20:15,4.77,15.64
1951,9/8/2024 20:30,6.68,15.64
1952,9/8/2024 20:45,7.63,15.64
1953,9/8/2024 21:00,8.04,15.62
1954,9/8/2024 21:15,8.27,15.58
1955,9/8/2024 21:30,8.56,15.56
1956,9/8/2024 21:45,7.93,15.54
1957,9/8/2024 22:00,7.87,15.52
1958,9/8/2024 22:15,8.55,15.52
1959,9/8/2024 22:30,8.56,15.52
1960,9/8/2024 22:45,8.6,15.52
1961,9/8/2024 23:00,8.97,15.54
1962,9/8/2024 23:15,8.99,15.54
1963,9/8/2024 23:30,8.96,15.54
1964,9/8/2024 23:45,9.19,15.56
1965,9/9/2024 0:00,9.64,15.72
1966,9/9/2024 0:15,10.83,16.2
1967,9/9/2024 0:30,11.29,16.42
1968,9/9/2024 0:45,11.12,16.44
1969,9/9/2024 1:00,11.03,16.44
1970,9/9/2024 1:15,10.81,16.42
1971,9/9/2024 1:30,10.53,16.38
1972,9/9/2024 1:45,10.6,16.38
1973,9/9/2024 2:00,10.38,16.36
1974,9/9/2024 2:15,10.08,16.32
1975,9/9/2024 2:30,9.88,16.3
1976,9/9/2024 2:45,9.53,16.3
1977,9/9/2024 3:00,8.89,16.3
1978,9/9/2024 3:15,8.78,16.28
1979,9/9/2024 3:30,10.76,17.02
1980,9/9/2024 3:45,11.67,17.44
1981,9/9/2024 4:00,10.08,17.44
1982,9/9/2024 4:15,8.72,17.26
1983,9/9/2024 4:30,9.45,17.08
1984,9/9/2024 4:45,7.92,17.04
1985,9/9/2024 5:00,8.37,17.12
1986,9/9/2024 5:15,8.72,17.14
1987,9/9/2024 5:30,9.01,17.14
1988,9/9/2024 5:45,9.42,17.14
1989,9/9/2024 6:00,8.09,17.12
1990,9/9/2024 6:15,7.27,16.96
1991,9/9/2024 6:30,8.29,16.7
1992,9/9/2024 6:45,6.51,16.3
1993,9/9/2024 7:00,8.39,16.06
1994,9/9/2024 7:15,6.45,15.94
1995,9/9/2024 7:30,7.11,15.86
1996,9/9/2024 7:45,6.84,15.82
1997,9/9/2024 8:00,7.61,15.8
1998,9/9/2024 8:15,6.33,15.82
1999,9/9/2024 8:30,6.24,15.86
2000,9/9/2024 8:45,5.69,15.9
2001,9/9/2024 9:00,5.61,15.94
2002,9/9/2024 9:15,6.01,15.92
2003,9/9/2024 9:30,6.58,15.92
2004,9/9/2024 9:45,6.2,15.86
2005,9/9/2024 10:00,6.54,15.88
2006,9/9/2024 10:15,6.5,15.9
2007,9/9/2024 10:30,8.25,15.92
2008,9/9/2024 10:45,8.63,15.9
2009,9/9/2024 11:00,7.73,15.92
2010,9/9/2024 11:15,6.68,15.94
2011,9/9/2024 11:30,7.69,16.04
2012,9/9/2024 11:45,7.57,16.2
2013,9/9/2024 12:00,8.52,16.26
2014,9/9/2024 12:15,8.34,16.12
2015,9/9/2024 12:30,8.22,16.08
2016,9/9/2024 12:45,8.6,16.12
2017,9/9/2024 13:00,7.91,16.16
2018,9/9/2024 13:15,8.1,16.22
2019,9/9/2024 13:30,7.42,16.22
2020,9/9/2024 13:45,7.74,16.24
2021,9/9/2024 14:00,8.48,16.26
2022,9/9/2024 14:15,8.6,16.26
2023,9/9/2024 14:30,6.77,16.32
2024,9/9/2024 14:45,6.48,16.58
2025,9/9/2024 15:00,7.22,16.86
2026,9/9/2024 15:15,7.58,17.12
2027,9/9/2024 15:30,7.08,17.36
2028,9/9/2024 15:45,8.48,17.42
2029,9/9/2024 16:00,7.27,17.52
2030,9/9/2024 16:15,8.86,17.54
2031,9/9/2024 16:30,8.82,17.5
2032,9/9/2024 16:45,8.88,17.02
2033,9/9/2024 17:00,9.23,16.68
2034,9/9/2024 17:15,9.17,16.42
2035,9/9/2024 17:30,9.15,16.24
2036,9/9/2024 17:45,7.8,16.14
2037,9/9/2024 18:00,7.4,16.1
2038,9/9/2024 18:15,8.95,16.04
2039,9/9/2024 18:30,8.05,15.98
2040,9/9/2024 18:45,3.83,15.96
2041,9/9/2024 19:00,6.4,15.96
2042,9/9/2024 19:15,6.25,15.98
2043,9/9/2024 19:30,5.06,15.82
2044,9/9/2024 19:45,6.09,15.78
2045,9/9/2024 20:00,6.12,15.76
2046,9/9/2024 20:15,6.78,15.74
2047,9/9/2024 20:30,6.76,15.7
2048,9/9/2024 20:45,6.91,15.64
2049,9/9/2024 21:00,6.56,15.64
2050,9/9/2024 21:15,8.93,15.74
2051,9/9/2024 21:30,7.88,15.72
2052,9/9/2024 21:45,8.63,15.66
2053,9/9/2024 22:00,8.76,15.66
2054,9/9/2024 22:15,8.68,15.66
2055,9/9/2024 22:30,8.77,15.68
2056,9/9/2024 22:45,8.97,15.68
2057,9/9/2024 23:00,9.07,15.7
2058,9/9/2024 23:15,9.07,15.7
2059,9/9/2024 23:30,8.29,15.72
2060,9/9/2024 23:45,9.1,15.74
2061,9/10/2024 0:00,8.98,15.74
2062,9/10/2024 0:15,8.97,15.74
2063,9/10/2024 0:30,9.2,15.78
2064,9/10/2024 0:45,8.87,15.88
2065,9/10/2024 1:00,9.66,15.96
2066,9/10/2024 1:15,9.57,16
2067,9/10/2024 1:30,9.53,16
2068,9/10/2024 1:45,9.55,15.98
2069,9/10/2024 2:00,9.2,15.96
2070,9/10/2024 2:15,9.14,15.98
2071,9/10/2024 2:30,8.4,15.98
2072,9/10/2024 2:45,9.25,15.94
2073,9/10/2024 3:00,9.31,16.02
2074,9/10/2024 3:15,9.2,16.16
2075,9/10/2024 3:30,9.07,16.14
2076,9/10/2024 3:45,8.11,16.04
2077,9/10/2024 4:00,3.53,15.92
2078,9/10/2024 4:15,6.46,15.78
2079,9/10/2024 4:30,6.09,15.8
2080,9/10/2024 4:45,1.64,15.76
2081,9/10/2024 5:00,4.46,15.68
2082,9/10/2024 5:15,4.98,15.7
2083,9/10/2024 5:30,5.47,15.9
2084,9/10/2024 5:45,6.98,15.98
2085,9/10/2024 6:00,8.03,16.14
2086,9/10/2024 6:15,8.14,16.3
2087,9/10/2024 6:30,9.05,16.4
2088,9/10/2024 6:45,7.39,16.46
2089,9/10/2024 7:00,7.75,16.5
2090,9/10/2024 7:15,7.99,16.38
2091,9/10/2024 7:30,5.56,16.42
2092,9/10/2024 7:45,4.38,16.2
2093,9/10/2024 8:00,5.32,16.16
2094,9/10/2024 8:15,3.44,16.14
2095,9/10/2024 8:30,2.79,16.12
2096,9/10/2024 8:45,4.56,16.14
2097,9/10/2024 9:00,5.65,16.16
2098,9/10/2024 9:15,5.48,16.24
2099,9/10/2024 9:30,4.39,16.3
2100,9/10/2024 9:45,6.37,16.14
2101,9/10/2024 10:00,5.45,15.98
2102,9/10/2024 10:15,5.13,15.94
2103,9/10/2024 10:30,4.25,15.98
2104,9/10/2024 10:45,5.98,16.04
2105,9/10/2024 11:00,5.37,16.14
2106,9/10/2024 11:15,5,16.18
2107,9/10/2024 11:30,5.3,16.24
2108,9/10/2024 11:45,4.46,16.28
2109,9/10/2024 12:00,7.54,16.26
2110,9/10/2024 12:15,4.63,16.28
2111,9/10/2024 12:30,8.06,16.28
2112,9/10/2024 12:45,6.68,16.26
2113,9/10/2024 13:00,5.06,16.26
2114,9/10/2024 13:15,7.08,16.26
2115,9/10/2024 13:30,7.48,16.18
2116,9/10/2024 13:45,7.1,16.16
2117,9/10/2024 14:00,7.34,16.12
2118,9/10/2024 14:15,6.23,16.12
2119,9/10/2024 14:30,7.48,16.12
2120,9/10/2024 14:45,7.23,16.08
2121,9/10/2024 15:00,8.08,16.06
2122,9/10/2024 15:15,7.26,16.08
2123,9/10/2024 15:30,7.94,16.04
2124,9/10/2024 15:45,7.14,16.02
2125,9/10/2024 16:00,6.83,16.02
2126,9/10/2024 16:15,7.02,16.04
2127,9/10/2024 16:30,7.32,15.98
2128,9/10/2024 16:45,6.6,15.92
2129,9/10/2024 17:00,7.05,15.86
2130,9/10/2024 17:15,5.63,15.8
2131,9/10/2024 17:30,5.4,15.76
2132,9/10/2024 17:45,5.15,15.74
2133,9/10/2024 18:00,5.6,15.72
2134,9/10/2024 18:15,5.48,15.72
2135,9/10/2024 18:30,7.01,15.76
2136,9/10/2024 18:45,5.2,15.72
2137,9/10/2024 19:00,4.55,15.64
2138,9/10/2024 19:15,4.66,15.58
2139,9/10/2024 19:30,5.74,15.56
2140,9/10/2024 19:45,6.99,15.56
2141,9/10/2024 20:00,6.13,15.54
2142,9/10/2024 20:15,7.07,15.52
2143,9/10/2024 20:30,6.08,15.52
2144,9/10/2024 20:45,5.71,15.52
2145,9/10/2024 21:00,5.81,15.52
2146,9/10/2024 21:15,4.28,15.52
2147,9/10/2024 21:30,3.53,15.52
2148,9/10/2024 21:45,3.16,15.52
2149,9/10/2024 22:00,4.59,15.52
2150,9/10/2024 22:15,7.1,15.52
2151,9/10/2024 22:30,5.98,15.52
2152,9/10/2024 22:45,7.26,15.54
2153,9/10/2024 23:00,7.75,15.54
2154,9/10/2024 23:15,6.64,15.54
2155,9/10/2024 23:30,8.19,15.54
2156,9/10/2024 23:45,8.02,15.54
2157,9/11/2024 0:00,7.8,15.54
2158,9/11/2024 0:15,7.92,15.54
2159,9/11/2024 0:30,7.49,15.58
2160,9/11/2024 0:45,7.73,15.66
2161,9/11/2024 1:00,8.55,15.94
2162,9/11/2024 1:15,9.29,16.22
2163,9/11/2024 1:30,9.4,16.58
2164,9/11/2024 1:45,9.3,16.68
2165,9/11/2024 2:00,8.94,16.7
2166,9/11/2024 2:15,8.76,16.74
2167,9/11/2024 2:30,8.39,16.78
2168,9/11/2024 2:45,4.97,16.8
2169,9/11/2024 3:00,6.57,16.78
2170,9/11/2024 3:15,5.94,16.74
2171,9/11/2024 3:30,8.55,16.54
2172,9/11/2024 3:45,8.67,16.34
2173,9/11/2024 4:00,7.87,15.9
2174,9/11/2024 4:15,8.25,16.02
2175,9/11/2024 4:30,7.95,15.72
2176,9/11/2024 4:45,8.19,15.98
2177,9/11/2024 5:00,6.16,16.04
2178,9/11/2024 5:15,6.77,16.1
2179,9/11/2024 5:30,5.98,15.84
2180,9/11/2024 5:45,4.27,15.8
2181,9/11/2024 6:00,5.11,15.9
2182,9/11/2024 6:15,4.96,15.92
2183,9/11/2024 6:30,4.54,16.04
2184,9/11/2024 6:45,4.93,16
2185,9/11/2024 7:00,2.96,16.06
2186,9/11/2024 7:15,3.06,16.4
2187,9/11/2024 7:30,3.38,16.5
2188,9/11/2024 7:45,2.64,16.52
2189,9/11/2024 8:00,1.69,16.56
2190,9/11/2024 8:15,2.64,16.4
2191,9/11/2024 8:30,3.4,16.48
2192,9/11/2024 8:45,2.39,16.52
2193,9/11/2024 9:00,1.38,16.24
2194,9/11/2024 9:15,2.03,16.04
2195,9/11/2024 9:30,2.85,16.06
2196,9/11/2024 9:45,2.47,16.24
2197,9/11/2024 10:00,5.11,16.36
2198,9/11/2024 10:15,5.2,16.46
2199,9/11/2024 10:30,5.35,16.44
2200,9/11/2024 10:45,3.68,16.46
2201,9/11/2024 11:00,2.44,16.02
2202,9/11/2024 11:15,4.07,16.28
2203,9/11/2024 11:30,4.16,16.46
2204,9/11/2024 11:45,4.88,16.46
2205,9/11/2024 12:00,4.41,16.46
2206,9/11/2024 12:15,5.32,16.48
2207,9/11/2024 12:30,4.37,16.46
2208,9/11/2024 12:45,4.69,16.48
2209,9/11/2024 13:00,3.78,16.46
2210,9/11/2024 13:15,6.42,16.44
2211,9/11/2024 13:30,5.31,16.46
2212,9/11/2024 13:45,4.32,16.46
2213,9/11/2024 14:00,4.39,16.4
2214,9/11/2024 14:15,3.61,16.28
2215,9/11/2024 14:30,4.92,16.26
2216,9/11/2024 14:45,5.36,16.28
2217,9/11/2024 15:00,4.81,16.28
2218,9/11/2024 15:15,4.61,16.34
2219,9/11/2024 15:30,4.03,16.44
2220,9/11/2024 15:45,2.32,16.32
2221,9/11/2024 16:00,2.44,16.24
2222,9/11/2024 16:15,2.88,16.16
2223,9/11/2024 16:30,1.96,16.14
2224,9/11/2024 16:45,2.74,16.08
2225,9/11/2024 17:00,3.43,16.12
2226,9/11/2024 17:15,3.82,16.16
2227,9/11/2024 17:30,3.17,16.3
2228,9/11/2024 17:45,2.2,16.36
2229,9/11/2024 18:00,3.57,16.4
2230,9/11/2024 18:15,3.27,16.4
2231,9/11/2024 18:30,2.25,16.38
2232,9/11/2024 18:45,2.67,16.36
2233,9/11/2024 19:00,4.18,16.32
2234,9/11/2024 19:15,3.58,16.3
2235,9/11/2024 19:30,2.16,16.04
2236,9/11/2024 19:45,2.44,15.92
2237,9/11/2024 20:00,2,15.84
2238,9/11/2024 20:15,3.61,16.04
2239,9/11/2024 20:30,4.46,16.26
2240,9/11/2024 20:45,5.15,16.32
2241,9/11/2024 21:00,1.53,15.98
2242,9/11/2024 21:15,2.91,15.88
2243,9/11/2024 21:30,3.22,15.88
2244,9/11/2024 21:45,2.89,15.94
2245,9/11/2024 22:00,3.66,15.86
2246,9/11/2024 22:15,5.11,15.84
2247,9/11/2024 22:30,4.78,15.84
2248,9/11/2024 22:45,3.23,15.9
2249,9/11/2024 23:00,4.38,15.88
2250,9/11/2024 23:15,4.61,16.04
2251,9/11/2024 23:30,3.43,16.24
2252,9/11/2024 23:45,6.07,16.36
2253,9/12/2024 0:00,5.75,16.4
2254,9/12/2024 0:15,5.55,16.4
2255,9/12/2024 0:30,5.47,16.4
2256,9/12/2024 0:45,6.85,16.42
2257,9/12/2024 1:00,7.73,16.44
2258,9/12/2024 1:15,8.05,16.46
2259,9/12/2024 1:30,8.31,16.46
2260,9/12/2024 1:45,7.46,16.48
2261,9/12/2024 2:00,7.49,16.46
2262,9/12/2024 2:15,7.07,16.48
2263,9/12/2024 2:30,7.03,16.44
2264,9/12/2024 2:45,7.97,16.44
2265,9/12/2024 3:00,8.5,16.42
2266,9/12/2024 3:15,8.86,16.38
2267,9/12/2024 3:30,8.43,16.4
2268,9/12/2024 3:45,6.68,16.4
2269,9/12/2024 4:00,6.67,16.38
2270,9/12/2024 4:15,6.95,16.38
2271,9/12/2024 4:30,6.91,16.38
2272,9/12/2024 4:45,7.08,16.38
2273,9/12/2024 5:00,6.78,16.36
2274,9/12/2024 5:15,4.42,16.36
2275,9/12/2024 5:30,4.39,16.34
2276,9/12/2024 5:45,3.36,16.3
2277,9/12/2024 6:00,2.11,16.28
2278,9/12/2024 6:15,0.63,16.28
2279,9/12/2024 6:30,1.25,16.26
2280,9/12/2024 6:45,1.48,16.26
2281,9/12/2024 7:00,2,16.22
2282,9/12/2024 7:15,2.98,16.22
2283,9/12/2024 7:30,1.73,16.24
2284,9/12/2024 7:45,3.13,16.3
2285,9/12/2024 8:00,6.07,16.34
2286,9/12/2024 8:15,4.3,16.38
2287,9/12/2024 8:30,2.38,16.42
2288,9/12/2024 8:45,2.98,16.42
2289,9/12/2024 9:00,1.63,16.44
2290,9/12/2024 9:15,2.2,16.38
2291,9/12/2024 9:30,2.76,16.36
2292,9/12/2024 9:45,3.43,16.34
2293,9/12/2024 10:00,4.17,16.34
2294,9/12/2024 10:15,4.52,16.32
2295,9/12/2024 10:30,4.5,16.42
2296,9/12/2024 10:45,4.51,16.46
2297,9/12/2024 11:00,4.55,16.44
2298,9/12/2024 11:15,4.81,16.54
2299,9/12/2024 11:30,4.34,16.52
2300,9/12/2024 11:45,4.61,16.46
2301,9/12/2024 12:00,4.45,16.4
2302,9/12/2024 12:15,5.04,16.46
2303,9/12/2024 12:30,5.45,16.46
2304,9/12/2024 12:45,3.7,16.4
2305,9/12/2024 13:00,3.81,16.24
2306,9/12/2024 13:15,4.64,16.16
2307,9/12/2024 13:30,4.46,16.06
2308,9/12/2024 13:45,4.56,16.02
2309,9/12/2024 14:00,5.37,16.06
2310,9/12/2024 14:15,5.54,16.06
2311,9/12/2024 14:30,6.08,16.1
2312,9/12/2024 14:45,7.25,16.14
2313,9/12/2024 15:00,6.52,16.04
2314,9/12/2024 15:15,6.94,16.02
2315,9/12/2024 15:30,5.32,15.88
2316,9/12/2024 15:45,5.26,15.84
2317,9/12/2024 16:00,5.9,15.8
2318,9/12/2024 16:15,5.55,15.8
2319,9/12/2024 16:30,5.32,15.78
2320,9/12/2024 16:45,5.77,15.8
2321,9/12/2024 17:00,4.97,15.78
2322,9/12/2024 17:15,5.32,15.76
2323,9/12/2024 17:30,5.45,15.76
2324,9/12/2024 17:45,6.08,15.74
2325,9/12/2024 18:00,5.22,15.74
2326,9/12/2024 18:15,7.91,15.74
2327,9/12/2024 18:30,7.92,15.74
2328,9/12/2024 18:45,7.71,15.74
2329,9/12/2024 19:00,7.97,15.78
2330,9/12/2024 19:15,8.47,16
2331,9/12/2024 19:30,8.64,16.22
2332,9/12/2024 19:45,9.45,16.4
2333,9/12/2024 20:00,9.57,16.48
2334,9/12/2024 20:15,9.53,16.52
2335,9/12/2024 20:30,9.33,16.52
2336,9/12/2024 20:45,8.86,16.54
2337,9/12/2024 21:00,6.56,16.44
2338,9/12/2024 21:15,6.91,16.16
2339,9/12/2024 21:30,4.35,15.78
2340,9/12/2024 21:45,5.46,15.66
2341,9/12/2024 22:00,5.79,15.6
2342,9/12/2024 22:15,5.52,15.56
2343,9/12/2024 22:30,5.34,15.56
2344,9/12/2024 22:45,4.25,15.54
2345,9/12/2024 23:00,4.16,15.46
2346,9/12/2024 23:15,4.41,15.38
2347,9/12/2024 23:30,5.46,15.36
2348,9/12/2024 23:45,5.6,15.38
2349,9/13/2024 0:00,6.26,15.42
2350,9/13/2024 0:15,4.86,15.44
2351,9/13/2024 0:30,4.44,15.42
2352,9/13/2024 0:45,3.6,15.42
2353,9/13/2024 1:00,4.69,15.46
2354,9/13/2024 1:15,4.66,15.46
2355,9/13/2024 1:30,6.01,15.46
2356,9/13/2024 1:45,6.65,15.48
2357,9/13/2024 2:00,6.8,15.5
2358,9/13/2024 2:15,7.74,15.52
2359,9/13/2024 2:30,7.73,15.58
2360,9/13/2024 2:45,8.19,15.64
2361,9/13/2024 3:00,9.02,15.76
2362,9/13/2024 3:15,9.13,15.86
2363,9/13/2024 3:30,9.44,16.1
2364,9/13/2024 3:45,9.41,16.24
2365,9/13/2024 4:00,9.58,16.32
2366,9/13/2024 4:15,9.31,16.34
2367,9/13/2024 4:30,9.16,16.34
2368,9/13/2024 4:45,9.21,16.32
2369,9/13/2024 5:00,7.99,16.28
2370,9/13/2024 5:15,7.58,16.26
2371,9/13/2024 5:30,6.43,16.22
2372,9/13/2024 5:45,6.9,16.14
2373,9/13/2024 6:00,5.99,16.02
2374,9/13/2024 6:15,5.44,15.9
2375,9/13/2024 6:30,7.07,15.84
2376,9/13/2024 6:45,4.43,15.74
2377,9/13/2024 7:00,4.73,15.58
2378,9/13/2024 7:15,4.63,15.38
2379,9/13/2024 7:30,3.95,13.18
2380,9/13/2024 7:45,10.9,12.12
2381,9/13/2024 8:00,10.15,12.56
2382,9/13/2024 8:15,10.74,12.8
2383,9/13/2024 8:30,10.6,13.62
2384,9/13/2024 8:45,6.35,16.86
2385,9/13/2024 9:00,6.89,16.18
2386,9/13/2024 9:15,7.8,15.96
2387,9/13/2024 9:30,8.56,16.12
2388,9/13/2024 9:45,6.9,16.24
2389,9/13/2024 10:00,7.8,16.36
2390,9/13/2024 10:15,6.01,16.36
2391,9/13/2024 10:30,5.39,16.34
2392,9/13/2024 10:45,4.58,16.28
2393,9/13/2024 11:00,3.59,16.26
2394,9/13/2024 11:15,6.17,16.18
2395,9/13/2024 11:30,4.73,16
2396,9/13/2024 11:45,7.02,16.2
2397,9/13/2024 12:00,6.84,16.12
2398,9/13/2024 12:15,7.06,16.1
2399,9/13/2024 12:30,4.42,16.2
2400,9/13/2024 12:45,5.37,16.22
2401,9/13/2024 13:00,5.07,16.16
2402,9/13/2024 13:15,5.5,16.2
2403,9/13/2024 13:30,5.49,16.26
2404,9/13/2024 13:45,6.16,16.26
2405,9/13/2024 14:00,6.48,16.2
2406,9/13/2024 14:15,5.21,16.16
2407,9/13/2024 14:30,5.8,16.1
2408,9/13/2024 14:45,4.73,16.06
2409,9/13/2024 15:00,5.2,16
2410,9/13/2024 15:15,4.32,15.98
2411,9/13/2024 15:30,6.15,15.98
2412,9/13/2024 15:45,5.23,16
2413,9/13/2024 16:00,6.98,15.98
2414,9/13/2024 16:15,6.15,15.98
2415,9/13/2024 16:30,7.06,15.96
2416,9/13/2024 16:45,5.58,15.9
2417,9/13/2024 17:00,6.04,15.82
2418,9/13/2024 17:15,7.12,15.76
2419,9/13/2024 17:30,7.34,15.72
2420,9/13/2024 17:45,7.68,15.68
2421,9/13/2024 18:00,8.14,15.66
2422,9/13/2024 18:15,7.86,15.66
2423,9/13/2024 18:30,8.3,15.66
2424,9/13/2024 18:45,8.44,15.64
2425,9/13/2024 19:00,8.46,15.66
2426,9/13/2024 19:15,7.93,15.66
2427,9/13/2024 19:30,8.9,15.9
2428,9/13/2024 19:45,10.08,16.22
2429,9/13/2024 20:00,9.98,16.36
2430,9/13/2024 20:15,10.65,16.46
2431,9/13/2024 20:30,6.85,16.08
2432,9/13/2024 20:45,7.53,15.92
2433,9/13/2024 21:00,7.65,15.92
2434,9/13/2024 21:15,10.34,16.42
2435,9/13/2024 21:30,8.99,16.5
2436,9/13/2024 21:45,10.53,16.58
2437,9/13/2024 22:00,6.78,16.34
2438,9/13/2024 22:15,4.62,16.1
2439,9/13/2024 22:30,6.14,15.96
2440,9/13/2024 22:45,4.86,15.68
2441,9/13/2024 23:00,5.55,15.54
2442,9/13/2024 23:15,5.36,15.48
2443,9/13/2024 23:30,4.71,15.46
2444,9/13/2024 23:45,4.61,15.46
2445,9/14/2024 0:00,3.91,15.48
2446,9/14/2024 0:15,4.51,15.48
2447,9/14/2024 0:30,3.94,15.48
2448,9/14/2024 0:45,4.3,15.46
2449,9/14/2024 1:00,3.94,15.46
2450,9/14/2024 1:15,5.6,15.5
2451,9/14/2024 1:30,6.64,15.54
2452,9/14/2024 1:45,7.28,15.5
2453,9/14/2024 2:00,7.15,15.46
2454,9/14/2024 2:15,7.44,15.44
2455,9/14/2024 2:30,7.52,15.44
2456,9/14/2024 2:45,7.63,15.42
2457,9/14/2024 3:00,7.46,15.42
2458,9/14/2024 3:15,7.63,15.42
2459,9/14/2024 3:30,7.46,15.4
2460,9/14/2024 3:45,7.49,15.38
2461,9/14/2024 4:00,7.39,15.38
2462,9/14/2024 4:15,7.24,15.4
2463,9/14/2024 4:30,7.67,15.4
2464,9/14/2024 4:45,7.39,15.42
2465,9/14/2024 5:00,7.45,15.44
2466,9/14/2024 5:15,7.7,15.46
2467,9/14/2024 5:30,7.57,15.46
2468,9/14/2024 5:45,7.65,15.44
2469,9/14/2024 6:00,7.63,15.44
2470,9/14/2024 6:15,7.68,15.46
2471,9/14/2024 6:30,7.88,15.46
2472,9/14/2024 6:45,7.48,15.44
2473,9/14/2024 7:00,6.41,15.4
2474,9/14/2024 7:15,6.37,15.34
2475,9/14/2024 7:30,6.6,15.28
2476,9/14/2024 7:45,6.15,15.18
2477,9/14/2024 8:00,6.52,14.98
2478,9/14/2024 8:15,7.17,14.94
2479,9/14/2024 8:30,1.68,14.56
2480,9/14/2024 8:45,2.04,14.72
2481,9/14/2024 9:00,2.48,15.08
2482,9/14/2024 9:15,2.56,15.44
2483,9/14/2024 9:30,2.7,15.78
2484,9/14/2024 9:45,3.41,15.94
2485,9/14/2024 10:00,3.59,16.52
2486,9/14/2024 10:15,6.38,17
2487,9/14/2024 10:30,5.87,16.96
2488,9/14/2024 10:45,5.62,16.3
2489,9/14/2024 11:00,6.13,16.12
2490,9/14/2024 11:15,4.28,16.08
2491,9/14/2024 11:30,6.05,16.08
2492,9/14/2024 11:45,5.29,16.16
2493,9/14/2024 12:00,6.84,16.12
2494,9/14/2024 12:15,6.77,15.84
2495,9/14/2024 12:30,5.65,15.84
2496,9/14/2024 12:45,5.54,15.76
2497,9/14/2024 13:00,5.26,15.76
2498,9/14/2024 13:15,6.98,15.84
2499,9/14/2024 13:30,5.19,15.94
2500,9/14/2024 13:45,6.91,15.88
2501,9/14/2024 14:00,5.62,15.74
2502,9/14/2024 14:15,4.27,15.7
2503,9/14/2024 14:30,4.37,15.54
2504,9/14/2024 14:45,4.75,15.46
2505,9/14/2024 15:00,3.83,15.46
2506,9/14/2024 15:15,4.92,15.46
2507,9/14/2024 15:30,5.97,15.54
2508,9/14/2024 15:45,6.59,15.58
2509,9/14/2024 16:00,6.56,15.58
2510,9/14/2024 16:15,7.91,15.74
2511,9/14/2024 16:30,8.45,15.8
2512,9/14/2024 16:45,8.42,15.84
2513,9/14/2024 17:00,8.76,15.88
2514,9/14/2024 17:15,9.39,15.88
2515,9/14/2024 17:30,9.24,15.8
2516,9/14/2024 17:45,8.37,15.74
2517,9/14/2024 18:00,8.29,15.62
2518,9/14/2024 18:15,7.69,15.48
2519,9/14/2024 18:30,7.33,15.42
2520,9/14/2024 18:45,6.85,15.42
2521,9/14/2024 19:00,6.78,15.42
2522,9/14/2024 19:15,7.5,15.42
2523,9/14/2024 19:30,7.28,15.42
2524,9/14/2024 19:45,7.56,15.44
2525,9/14/2024 20:00,7.76,15.5
2526,9/14/2024 20:15,8.08,15.54
2527,9/14/2024 20:30,8.36,15.54
2528,9/14/2024 20:45,8.62,15.54
2529,9/14/2024 21:00,8.56,15.5
2530,9/14/2024 21:15,7.77,15.48
2531,9/14/2024 21:30,8.36,15.48
2532,9/14/2024 21:45,8.28,15.48
2533,9/14/2024 22:00,6.38,15.48
2534,9/14/2024 22:15,8.02,15.48
2535,9/14/2024 22:30,6.84,15.48
2536,9/14/2024 22:45,4.03,15.46
2537,9/14/2024 23:00,5.09,15.52
2538,9/14/2024 23:15,6.23,15.58
2539,9/14/2024 23:30,6.47,15.6
2540,9/14/2024 23:45,5.99,15.66
2541,9/15/2024 0:00,4.9,15.68
2542,9/15/2024 0:15,6.31,15.7
2543,9/15/2024 0:30,4.69,15.72
2544,9/15/2024 0:45,5.6,15.62
2545,9/15/2024 1:00,3.57,15.6
2546,9/15/2024 1:15,3.6,15.66
2547,9/15/2024 1:30,3.26,15.38
2548,9/15/2024 1:45,3.59,15.32
2549,9/15/2024 2:00,3.5,15.3
2550,9/15/2024 2:15,4.34,15.3
2551,9/15/2024 2:30,4.33,15.3
2552,9/15/2024 2:45,4.89,15.34
2553,9/15/2024 3:00,5.73,15.34
2554,9/15/2024 3:15,4.97,15.3
2555,9/15/2024 3:30,5.41,15.28
2556,9/15/2024 3:45,6.4,15.24
2557,9/15/2024 4:00,6.71,15.24
2558,9/15/2024 4:15,7.1,15.24
2559,9/15/2024 4:30,7.26,15.26
2560,9/15/2024 4:45,7.61,15.3
2561,9/15/2024 5:00,8.29,15.42
2562,9/15/2024 5:15,7.85,15.6
2563,9/15/2024 5:30,8.8,15.74
2564,9/15/2024 5:45,8.69,15.8
2565,9/15/2024 6:00,10.21,15.86
2566,9/15/2024 6:15,10.26,15.88
2567,9/15/2024 6:30,9.84,15.84
2568,9/15/2024 6:45,9.01,15.8
2569,9/15/2024 7:00,9.76,15.78
2570,9/15/2024 7:15,8.98,15.74
2571,9/15/2024 7:30,8.52,15.72
2572,9/15/2024 7:45,9.15,15.7
2573,9/15/2024 8:00,8.77,15.68
2574,9/15/2024 8:15,4.92,15.66
2575,9/15/2024 8:30,7.24,15.66
2576,9/15/2024 8:45,7.66,15.64
2577,9/15/2024 9:00,10.15,14.96
2578,9/15/2024 9:15,10.35,14.3
2579,9/15/2024 9:30,10.39,14.28
2580,9/15/2024 9:45,10.33,14.58
2581,9/15/2024 10:00,10.19,15.2
2582,9/15/2024 10:15,10.07,15.66
2583,9/15/2024 10:30,9.8,16.78
2584,9/15/2024 10:45,9.64,17.6
2585,9/15/2024 11:00,9.48,18.44
2586,9/15/2024 11:15,9.42,18.62
2587,9/15/2024 11:30,9.39,18.38
2588,9/15/2024 11:45,10.41,16.8
2589,9/15/2024 12:00,11.73,16.58
2590,9/15/2024 12:15,9.41,16.62
2591,9/15/2024 12:30,6.89,16.44
2592,9/15/2024 12:45,7.96,16.38
2593,9/15/2024 13:00,6.32,16.08
2594,9/15/2024 13:15,5.38,16.04
2595,9/15/2024 13:30,5.47,16.02
2596,9/15/2024 13:45,5.97,16.3
2597,9/15/2024 14:00,6.51,16.22
2598,9/15/2024 14:15,5.81,16.22
2599,9/15/2024 14:30,6.88,16.26
2600,9/15/2024 14:45,8.09,16.32
2601,9/15/2024 15:00,7.46,16.32
2602,9/15/2024 15:15,8.31,16.52
2603,9/15/2024 15:30,9.23,16.56
2604,9/15/2024 15:45,8.67,16.46
2605,9/15/2024 16:00,5.52,16.04
2606,9/15/2024 16:15,6.49,15.92
2607,9/15/2024 16:30,6.06,15.82
2608,9/15/2024 16:45,5.7,15.76
2609,9/15/2024 17:00,5.75,15.74
2610,9/15/2024 17:15,6.91,15.76
2611,9/15/2024 17:30,7.05,15.74
2612,9/15/2024 17:45,6.88,15.7
2613,9/15/2024 18:00,7.25,15.62
2614,9/15/2024 18:15,7.23,15.54
2615,9/15/2024 18:30,6.94,15.5
2616,9/15/2024 18:45,6.74,15.48
2617,9/15/2024 19:00,6.32,15.48
2618,9/15/2024 19:15,7.05,15.46
2619,9/15/2024 19:30,6.94,15.46
2620,9/15/2024 19:45,7.28,15.46
2621,9/15/2024 20:00,7.39,15.46
2622,9/15/2024 20:15,8.8,15.46
2623,9/15/2024 20:30,8.81,15.44
2624,9/15/2024 20:45,8.81,15.44
2625,9/15/2024 21:00,6.25,15.44
2626,9/15/2024 21:15,5.14,15.44
2627,9/15/2024 21:30,5.88,15.44
2628,9/15/2024 21:45,6.41,15.42
2629,9/15/2024 22:00,5.24,15.4
2630,9/15/2024 22:15,6.01,15.38
2631,9/15/2024 22:30,4.09,15.38
2632,9/15/2024 22:45,4.5,15.36
2633,9/15/2024 23:00,4.9,15.36
2634,9/15/2024 23:15,5.21,15.34
2635,9/15/2024 23:30,6.03,15.34
2636,9/15/2024 23:45,5.77,15.32
2637,9/16/2024 0:00,5.56,15.3
2638,9/16/2024 0:15,5.57,15.3
2639,9/16/2024 0:30,5.34,15.4
2640,9/16/2024 0:45,4.73,15.48
2641,9/16/2024 1:00,4.71,15.46
2642,9/16/2024 1:15,4.84,15.46
2643,9/16/2024 1:30,4.69,15.46
2644,9/16/2024 1:45,3.96,15.36
2645,9/16/2024 2:00,3.77,15.32
2646,9/16/2024 2:15,4.25,15.28
2647,9/16/2024 2:30,4.75,15.26
2648,9/16/2024 2:45,4.92,15.24
2649,9/16/2024 3:00,4,15.2
2650,9/16/2024 3:15,5.72,15.18
2651,9/16/2024 3:30,6.39,15.18
2652,9/16/2024 3:45,7.05,15.2
2653,9/16/2024 4:00,6.9,15.24
2654,9/16/2024 4:15,6.03,15.2
2655,9/16/2024 4:30,6.29,15.2
2656,9/16/2024 4:45,7.62,15.2
2657,9/16/2024 5:00,8.04,15.18
2658,9/16/2024 5:15,7.48,15.18
2659,9/16/2024 5:30,7.6,15.18
2660,9/16/2024 5:45,7.83,15.18
2661,9/16/2024 6:00,8.23,15.16
2662,9/16/2024 6:15,7.71,15.16
2663,9/16/2024 6:30,7.82,15.16
2664,9/16/2024 6:45,7.41,15.16
2665,9/16/2024 7:00,7.57,15.16
2666,9/16/2024 7:15,7.96,15.16
2667,9/16/2024 7:30,8.04,15.14
2668,9/16/2024 7:45,8.03,15.14
2669,9/16/2024 8:00,8.04,15.14
2670,9/16/2024 8:15,8.1,15.14
2671,9/16/2024 8:30,7.35,15.16
2672,9/16/2024 8:45,8.18,15.18
2673,9/16/2024 9:00,8.28,15.22
2674,9/16/2024 9:15,8.7,15.32
2675,9/16/2024 9:30,8.35,15.5
2676,9/16/2024 9:45,7.05,16.38
2677,9/16/2024 10:00,6.21,18.76
2678,9/16/2024 10:15,6.32,20.76
2679,9/16/2024 10:30,7.39,22.1
2680,9/16/2024 10:45,7.56,22.56
2681,9/16/2024 11:00,8.03,21.86
2682,9/16/2024 11:15,8.39,19.8
2683,9/16/2024 11:30,8.55,19.38
2684,9/16/2024 11:45,8.6,22.34
2685,9/16/2024 12:00,8.88,22.28
2686,9/16/2024 12:15,8.19,24.58
