Plot Title: Hood_DO_July_Deploy,,,
#,"Date Time, GMT-07:00",DO_mgL,Temp_C
1,7/15/2024 15:00,9.12,20.48
2,7/15/2024 15:15,9.19,20.28
3,7/15/2024 15:30,9.11,20.48
4,7/15/2024 15:45,9.06,20.62
5,7/15/2024 16:00,9.07,20.56
6,7/15/2024 16:15,9.09,20.58
7,7/15/2024 16:30,9.04,20.98
8,7/15/2024 16:45,7.74,27.24
9,7/15/2024 17:00,8.25,24.38
10,7/15/2024 17:15,8.96,20.64
11,7/15/2024 17:30,13.12,15.88
12,7/15/2024 17:45,13.44,14.74
13,7/15/2024 18:00,13.9,14.6
14,7/15/2024 18:15,14.18,14.76
15,7/15/2024 18:30,14.71,14.84
16,7/15/2024 18:45,14.66,15.04
17,7/15/2024 19:00,14.44,15.06
18,7/15/2024 19:15,14.22,14.94
19,7/15/2024 19:30,14.37,14.94
20,7/15/2024 19:45,14.11,14.84
21,7/15/2024 20:00,13.97,14.72
22,7/15/2024 20:15,13.75,14.66
23,7/15/2024 20:30,13.75,14.56
24,7/15/2024 20:45,14.08,14.74
25,7/15/2024 21:00,14.24,14.76
26,7/15/2024 21:15,14.35,14.74
27,7/15/2024 21:30,14.2,14.7
28,7/15/2024 21:45,14.01,14.64
29,7/15/2024 22:00,13.87,14.6
30,7/15/2024 22:15,13.79,14.58
31,7/15/2024 22:30,13.66,14.54
32,7/15/2024 22:45,13.55,14.52
33,7/15/2024 23:00,13.65,14.52
34,7/15/2024 23:15,13.6,14.5
35,7/15/2024 23:30,13.63,14.48
36,7/15/2024 23:45,13.69,14.5
37,7/16/2024 0:00,13.74,14.5
38,7/16/2024 0:15,13.82,14.5
39,7/16/2024 0:30,13.8,14.5
40,7/16/2024 0:45,14.13,14.56
41,7/16/2024 1:00,14.53,14.76
42,7/16/2024 1:15,14.73,14.96
43,7/16/2024 1:30,14.57,14.98
44,7/16/2024 1:45,14.62,15.04
45,7/16/2024 2:00,14.73,15.14
46,7/16/2024 2:15,14.78,15.24
47,7/16/2024 2:30,13.73,15.34
48,7/16/2024 2:45,13.45,15.08
49,7/16/2024 3:00,13.4,14.92
50,7/16/2024 3:15,13.73,14.9
51,7/16/2024 3:30,13.26,15.72
52,7/16/2024 3:45,12.93,15.94
53,7/16/2024 4:00,12.85,16.28
54,7/16/2024 4:15,12.77,16.18
55,7/16/2024 4:30,12.73,15.98
56,7/16/2024 4:45,12.78,16.28
57,7/16/2024 5:00,12.75,16.98
58,7/16/2024 5:15,12.63,17.24
59,7/16/2024 5:30,12.53,17.14
60,7/16/2024 5:45,12.77,17.16
61,7/16/2024 6:00,12.62,17.3
62,7/16/2024 6:15,12.42,17.08
63,7/16/2024 6:30,12.55,17.2
64,7/16/2024 6:45,12.79,17.58
65,7/16/2024 7:00,12.8,17.54
66,7/16/2024 7:15,12.8,17.46
67,7/16/2024 7:30,12.77,17.38
68,7/16/2024 7:45,12.75,17.4
69,7/16/2024 8:00,12.4,17.32
70,7/16/2024 8:15,12.71,17.28
71,7/16/2024 8:30,12.74,17.18
72,7/16/2024 8:45,13.04,17.08
73,7/16/2024 9:00,13.06,16.96
74,7/16/2024 9:15,12.75,16.36
75,7/16/2024 9:30,13.2,16.32
76,7/16/2024 9:45,13.16,16.96
77,7/16/2024 10:00,13.35,16.8
78,7/16/2024 10:15,13.14,16.48
79,7/16/2024 10:30,13.29,16.44
80,7/16/2024 10:45,13.02,16.48
81,7/16/2024 11:00,13.6,16.28
82,7/16/2024 11:15,13.89,16.2
83,7/16/2024 11:30,13.85,16.08
84,7/16/2024 11:45,14,16.08
85,7/16/2024 12:00,14.04,16.16
86,7/16/2024 12:15,14.01,16.36
87,7/16/2024 12:30,13.96,16.2
88,7/16/2024 12:45,13.94,15.9
89,7/16/2024 13:00,14.03,15.62
90,7/16/2024 13:15,14.1,15.88
91,7/16/2024 13:30,14.74,15.52
92,7/16/2024 13:45,14.26,16.14
93,7/16/2024 14:00,14.28,16.34
94,7/16/2024 14:15,14.67,16.18
95,7/16/2024 14:30,14.59,16.16
96,7/16/2024 14:45,14.54,16.12
97,7/16/2024 15:00,14.84,16.12
98,7/16/2024 15:15,14.77,16.3
99,7/16/2024 15:30,14.82,16.32
100,7/16/2024 15:45,14.36,16.26
101,7/16/2024 16:00,14.48,15.98
102,7/16/2024 16:15,14.71,16
103,7/16/2024 16:30,14.04,15.76
104,7/16/2024 16:45,14.74,16.08
105,7/16/2024 17:00,14.84,16.26
106,7/16/2024 17:15,13.91,16.2
107,7/16/2024 17:30,13.7,16
108,7/16/2024 17:45,13.52,16.32
109,7/16/2024 18:00,13.93,15.84
110,7/16/2024 18:15,14.25,15.82
111,7/16/2024 18:30,14.46,16
112,7/16/2024 18:45,14.58,16.02
113,7/16/2024 19:00,14.77,15.94
114,7/16/2024 19:15,14.79,15.98
115,7/16/2024 19:30,14.43,15.18
116,7/16/2024 19:45,15.1,15.34
117,7/16/2024 20:00,15.39,15.52
118,7/16/2024 20:15,14.96,15.34
119,7/16/2024 20:30,13.53,15.08
120,7/16/2024 20:45,13.36,14.9
121,7/16/2024 21:00,13.08,14.94
122,7/16/2024 21:15,12.94,15.04
123,7/16/2024 21:30,13.12,15.12
124,7/16/2024 21:45,13.14,14.78
125,7/16/2024 22:00,13.06,14.66
126,7/16/2024 22:15,12.91,14.56
127,7/16/2024 22:30,12.95,14.7
128,7/16/2024 22:45,13.34,14.7
129,7/16/2024 23:00,14.05,15.08
130,7/16/2024 23:15,13.98,15.26
131,7/16/2024 23:30,13.98,15.44
132,7/16/2024 23:45,14.18,15.68
133,7/17/2024 0:00,15.2,16.12
134,7/17/2024 0:15,15.03,16.3
135,7/17/2024 0:30,14.45,16.38
136,7/17/2024 0:45,14.48,16.2
137,7/17/2024 1:00,14.31,16.32
138,7/17/2024 1:15,14.38,16.32
139,7/17/2024 1:30,14.17,16.12
140,7/17/2024 1:45,13.89,16.1
141,7/17/2024 2:00,13.85,15.8
142,7/17/2024 2:15,13.89,15.54
143,7/17/2024 2:30,13.87,15.44
144,7/17/2024 2:45,13.74,15.32
145,7/17/2024 3:00,13.74,15.4
146,7/17/2024 3:15,14.02,15.84
147,7/17/2024 3:30,13.77,15.94
148,7/17/2024 3:45,13.34,15.86
149,7/17/2024 4:00,13.12,15.6
150,7/17/2024 4:15,13.15,15.54
151,7/17/2024 4:30,12.88,15.58
152,7/17/2024 4:45,12.17,15.62
153,7/17/2024 5:00,13.34,15.98
154,7/17/2024 5:15,13.16,16.28
155,7/17/2024 5:30,13.1,16.52
156,7/17/2024 5:45,13.11,16.7
157,7/17/2024 6:00,13,16.82
158,7/17/2024 6:15,13.22,16.98
159,7/17/2024 6:30,12.96,17.2
160,7/17/2024 6:45,13.06,17.08
161,7/17/2024 7:00,12.95,17.26
162,7/17/2024 7:15,12.84,17.44
163,7/17/2024 7:30,12.9,17.32
164,7/17/2024 7:45,12.83,17.38
165,7/17/2024 8:00,12.83,17.38
166,7/17/2024 8:15,12.85,16.52
167,7/17/2024 8:30,13.02,16.48
168,7/17/2024 8:45,13.01,16.52
169,7/17/2024 9:00,13.22,16.8
170,7/17/2024 9:15,12.91,16.58
171,7/17/2024 9:30,13.02,16.64
172,7/17/2024 9:45,13.26,16.58
173,7/17/2024 10:00,13.35,16.64
174,7/17/2024 10:15,13.51,16.32
175,7/17/2024 10:30,13.43,16.34
176,7/17/2024 10:45,13.67,16.98
177,7/17/2024 11:00,13.73,17.06
178,7/17/2024 11:15,13.9,16.98
179,7/17/2024 11:30,13.42,17.28
180,7/17/2024 11:45,13.36,16.92
181,7/17/2024 12:00,13.97,16.5
182,7/17/2024 12:15,14.08,16.18
183,7/17/2024 12:30,14.11,15.84
184,7/17/2024 12:45,14.08,16.06
185,7/17/2024 13:00,13.91,15.94
186,7/17/2024 13:15,14.08,15.7
187,7/17/2024 13:30,14.08,15.66
188,7/17/2024 13:45,14.26,15.76
189,7/17/2024 14:00,14.15,15.76
190,7/17/2024 14:15,14.32,15.76
191,7/17/2024 14:30,14.5,15.7
192,7/17/2024 14:45,14.5,15.62
193,7/17/2024 15:00,14.31,15.46
194,7/17/2024 15:15,14.38,15.6
195,7/17/2024 15:30,14.53,15.6
196,7/17/2024 15:45,14.54,15.82
197,7/17/2024 16:00,14.48,15.86
198,7/17/2024 16:15,14.1,15.8
199,7/17/2024 16:30,13.73,15.76
200,7/17/2024 16:45,13.7,15.78
201,7/17/2024 17:00,13.41,15.64
202,7/17/2024 17:15,13.63,15.4
203,7/17/2024 17:30,13.36,15.34
204,7/17/2024 17:45,13.18,15.12
205,7/17/2024 18:00,12.99,14.84
206,7/17/2024 18:15,12.9,14.88
207,7/17/2024 18:30,13.04,14.98
208,7/17/2024 18:45,12.81,14.82
209,7/17/2024 19:00,13.2,14.88
210,7/17/2024 19:15,12.89,14.88
211,7/17/2024 19:30,12.96,14.66
212,7/17/2024 19:45,12.95,14.6
213,7/17/2024 20:00,12.83,14.66
214,7/17/2024 20:15,12.89,14.66
215,7/17/2024 20:30,12.7,14.64
216,7/17/2024 20:45,12.79,14.58
217,7/17/2024 21:00,12.79,14.58
218,7/17/2024 21:15,12.81,14.56
219,7/17/2024 21:30,12.88,14.56
220,7/17/2024 21:45,12.68,14.48
221,7/17/2024 22:00,12.83,14.46
222,7/17/2024 22:15,12.33,14.44
223,7/17/2024 22:30,12.5,14.4
224,7/17/2024 22:45,12.4,14.44
225,7/17/2024 23:00,12.64,14.54
226,7/17/2024 23:15,12.67,14.52
227,7/17/2024 23:30,12.58,14.46
228,7/17/2024 23:45,12.65,14.46
229,7/18/2024 0:00,12.91,14.56
230,7/18/2024 0:15,12.69,14.58
231,7/18/2024 0:30,13.08,14.68
232,7/18/2024 0:45,13.05,14.7
233,7/18/2024 1:00,13.18,14.74
234,7/18/2024 1:15,14.23,14.92
235,7/18/2024 1:30,14.1,15.2
236,7/18/2024 1:45,14.44,15.3
237,7/18/2024 2:00,14.54,15.48
238,7/18/2024 2:15,14.47,15.48
239,7/18/2024 2:30,14.77,15.58
240,7/18/2024 2:45,14.71,15.6
241,7/18/2024 3:00,14.78,15.66
242,7/18/2024 3:15,14.78,15.66
243,7/18/2024 3:30,14.72,15.6
244,7/18/2024 3:45,14.68,15.64
245,7/18/2024 4:00,14.22,15.58
246,7/18/2024 4:15,13.94,15.38
247,7/18/2024 4:30,14.1,15.56
248,7/18/2024 4:45,13.81,15.52
249,7/18/2024 5:00,14.27,15.62
250,7/18/2024 5:15,14.44,15.64
251,7/18/2024 5:30,14.02,15.58
252,7/18/2024 5:45,13.74,15.5
253,7/18/2024 6:00,13.26,15.46
254,7/18/2024 6:15,13.71,15.44
255,7/18/2024 6:30,13.39,15.38
256,7/18/2024 6:45,13.11,15.42
257,7/18/2024 7:00,13.18,15.54
258,7/18/2024 7:15,13.13,15.48
259,7/18/2024 7:30,13.13,15.64
260,7/18/2024 7:45,12.71,15.86
261,7/18/2024 8:00,12.63,15.94
262,7/18/2024 8:15,12.5,16.02
263,7/18/2024 8:30,12.52,16.06
264,7/18/2024 8:45,12.52,16.16
265,7/18/2024 9:00,12.6,16.44
266,7/18/2024 9:15,12.29,17.46
267,7/18/2024 9:30,12.35,17.38
268,7/18/2024 9:45,12.37,17.48
269,7/18/2024 10:00,12.5,17.32
270,7/18/2024 10:15,12.6,17.32
271,7/18/2024 10:30,12.55,17.16
272,7/18/2024 10:45,12.59,17.18
273,7/18/2024 11:00,12.92,16.5
274,7/18/2024 11:15,13.09,16.64
275,7/18/2024 11:30,12.93,16.9
276,7/18/2024 11:45,12.96,17.56
277,7/18/2024 12:00,12.69,17.74
278,7/18/2024 12:15,13.13,16.92
279,7/18/2024 12:30,13.35,16.74
280,7/18/2024 12:45,13.47,16.82
281,7/18/2024 13:00,13.44,16.64
282,7/18/2024 13:15,13.62,16.88
283,7/18/2024 13:30,13.73,17.06
284,7/18/2024 13:45,13.84,17.2
285,7/18/2024 14:00,13.74,17.64
286,7/18/2024 14:15,14.14,17.2
287,7/18/2024 14:30,14.25,16.78
288,7/18/2024 14:45,14.06,16.62
289,7/18/2024 15:00,14.24,16.84
290,7/18/2024 15:15,14.01,17.2
291,7/18/2024 15:30,14.17,17.04
292,7/18/2024 15:45,14.2,16.98
293,7/18/2024 16:00,14.36,16.68
294,7/18/2024 16:15,14.38,16.86
295,7/18/2024 16:30,14.34,16.26
296,7/18/2024 16:45,14.14,16.54
297,7/18/2024 17:00,13.85,16.5
298,7/18/2024 17:15,13.42,15.94
299,7/18/2024 17:30,13.59,15.8
300,7/18/2024 17:45,13.55,15.94
301,7/18/2024 18:00,13.74,15.92
302,7/18/2024 18:15,13.76,15.86
303,7/18/2024 18:30,13.26,15.74
304,7/18/2024 18:45,13.23,15.5
305,7/18/2024 19:00,13.25,15.3
306,7/18/2024 19:15,13.11,15.22
307,7/18/2024 19:30,13.02,15.14
308,7/18/2024 19:45,12.55,14.94
309,7/18/2024 20:00,12.81,14.78
310,7/18/2024 20:15,12.91,14.86
311,7/18/2024 20:30,12.77,14.78
312,7/18/2024 20:45,12.7,14.72
313,7/18/2024 21:00,12.35,14.7
314,7/18/2024 21:15,12.41,14.66
315,7/18/2024 21:30,12.77,14.72
316,7/18/2024 21:45,13.06,14.92
317,7/18/2024 22:00,13.13,15.06
318,7/18/2024 22:15,13.63,15.26
319,7/18/2024 22:30,13.9,15.8
320,7/18/2024 22:45,13.93,15.98
321,7/18/2024 23:00,13.94,16.1
322,7/18/2024 23:15,13.94,16.12
323,7/18/2024 23:30,13.92,16.16
324,7/18/2024 23:45,13.42,16.24
325,7/19/2024 0:00,14.11,16.54
326,7/19/2024 0:15,14.11,16.64
327,7/19/2024 0:30,13.9,16.72
328,7/19/2024 0:45,13.74,16.76
329,7/19/2024 1:00,13.81,16.76
330,7/19/2024 1:15,13.86,16.74
331,7/19/2024 1:30,13.77,16.68
332,7/19/2024 1:45,13.83,16.6
333,7/19/2024 2:00,13.89,16.52
334,7/19/2024 2:15,13.79,16.52
335,7/19/2024 2:30,13.75,16.56
336,7/19/2024 2:45,13.79,16.58
337,7/19/2024 3:00,13.73,16.6
338,7/19/2024 3:15,13.16,16.54
339,7/19/2024 3:30,12.81,16.38
340,7/19/2024 3:45,13.15,16.38
341,7/19/2024 4:00,13.56,16.34
342,7/19/2024 4:15,13.2,16.36
343,7/19/2024 4:30,13.25,16.2
344,7/19/2024 4:45,13.05,16.1
345,7/19/2024 5:00,13.25,16.1
346,7/19/2024 5:15,12.14,15.66
347,7/19/2024 5:30,12.71,15.72
348,7/19/2024 5:45,12.33,15.72
349,7/19/2024 6:00,12.32,15.66
350,7/19/2024 6:15,12.47,15.64
351,7/19/2024 6:30,12.8,15.74
352,7/19/2024 6:45,12.7,16.54
353,7/19/2024 7:00,12.9,16.56
354,7/19/2024 7:15,12.8,16.88
355,7/19/2024 7:30,12.88,16.8
356,7/19/2024 7:45,12.73,17.02
357,7/19/2024 8:00,12.59,16.96
358,7/19/2024 8:15,12.58,17.24
359,7/19/2024 8:30,12.47,17.1
360,7/19/2024 8:45,12.21,17.02
361,7/19/2024 9:00,12.51,17.02
362,7/19/2024 9:15,12.58,17.14
363,7/19/2024 9:30,12.78,17.48
364,7/19/2024 9:45,12.87,18.14
365,7/19/2024 10:00,13,18
366,7/19/2024 10:15,12.95,18.02
367,7/19/2024 10:30,13.06,17.96
368,7/19/2024 10:45,13.06,18
369,7/19/2024 11:00,12.94,17.92
370,7/19/2024 11:15,13.16,17.92
371,7/19/2024 11:30,12.77,17.86
372,7/19/2024 11:45,12.81,17.02
373,7/19/2024 12:00,13.01,17.12
374,7/19/2024 12:15,13.36,17.12
375,7/19/2024 12:30,12.91,17.02
376,7/19/2024 12:45,13.25,16.68
377,7/19/2024 13:00,13.29,16.74
378,7/19/2024 13:15,13.28,16.7
379,7/19/2024 13:30,13.01,16.84
380,7/19/2024 13:45,13.18,16.1
381,7/19/2024 14:00,12.98,16.28
382,7/19/2024 14:15,13.53,16.46
383,7/19/2024 14:30,12.89,16.46
384,7/19/2024 14:45,12.61,16.02
385,7/19/2024 15:00,13.03,15.98
386,7/19/2024 15:15,12.95,16.34
387,7/19/2024 15:30,12.82,16.38
388,7/19/2024 15:45,13.39,16.26
389,7/19/2024 16:00,13.87,16.28
390,7/19/2024 16:15,12.19,16.04
391,7/19/2024 16:30,13.33,15.82
392,7/19/2024 16:45,13.06,16.06
393,7/19/2024 17:00,13.09,16.2
394,7/19/2024 17:15,12.71,15.92
395,7/19/2024 17:30,12.57,15.5
396,7/19/2024 17:45,11.94,15
397,7/19/2024 18:00,12.16,15.06
398,7/19/2024 18:15,12.52,15.26
399,7/19/2024 18:30,12.8,15.36
400,7/19/2024 18:45,12.94,15.34
401,7/19/2024 19:00,13.1,15.44
402,7/19/2024 19:15,13.14,15.46
403,7/19/2024 19:30,13.11,15.44
404,7/19/2024 19:45,14.4,16.16
405,7/19/2024 20:00,14.1,16.46
406,7/19/2024 20:15,13.12,15.9
407,7/19/2024 20:30,13.03,15.48
408,7/19/2024 20:45,13.43,15.58
409,7/19/2024 21:00,13.29,15.56
410,7/19/2024 21:15,13.2,15.48
411,7/19/2024 21:30,13.03,15.38
412,7/19/2024 21:45,13.02,15.42
413,7/19/2024 22:00,12.69,15.6
414,7/19/2024 22:15,12.68,15.32
415,7/19/2024 22:30,12.94,15.3
416,7/19/2024 22:45,13.28,15.54
417,7/19/2024 23:00,12.95,15.52
418,7/19/2024 23:15,13.36,15.64
419,7/19/2024 23:30,13.13,15.72
420,7/19/2024 23:45,12.88,15.68
421,7/20/2024 0:00,12.69,15.7
422,7/20/2024 0:15,12.63,15.44
423,7/20/2024 0:30,13.08,15.6
424,7/20/2024 0:45,13.03,15.58
425,7/20/2024 1:00,12.87,15.56
426,7/20/2024 1:15,13.24,15.62
427,7/20/2024 1:30,13.2,15.72
428,7/20/2024 1:45,13.45,15.78
429,7/20/2024 2:00,13.44,15.84
430,7/20/2024 2:15,13.4,15.76
431,7/20/2024 2:30,13.56,15.88
432,7/20/2024 2:45,13.57,15.9
433,7/20/2024 3:00,13.44,15.82
434,7/20/2024 3:15,13.3,15.68
435,7/20/2024 3:30,13.5,15.68
436,7/20/2024 3:45,12.8,15.76
437,7/20/2024 4:00,12.8,15.7
438,7/20/2024 4:15,12.51,15.52
439,7/20/2024 4:30,12.6,15.6
440,7/20/2024 4:45,12.61,15.68
441,7/20/2024 5:00,12.17,15.36
442,7/20/2024 5:15,12.35,15.24
443,7/20/2024 5:30,12.09,15.38
444,7/20/2024 5:45,11.57,14.96
445,7/20/2024 6:00,12.07,15.06
446,7/20/2024 6:15,12.21,15.56
447,7/20/2024 6:30,12.14,15.72
448,7/20/2024 6:45,12.23,16.34
449,7/20/2024 7:00,12.01,16.22
450,7/20/2024 7:15,12.09,16.2
451,7/20/2024 7:30,12.6,16.46
452,7/20/2024 7:45,12.68,16.58
453,7/20/2024 8:00,12.69,16.52
454,7/20/2024 8:15,12.61,16.24
455,7/20/2024 8:30,12.77,16.54
456,7/20/2024 8:45,12.72,16.64
457,7/20/2024 9:00,12.45,16.56
458,7/20/2024 9:15,12.74,16.66
459,7/20/2024 9:30,12.58,16.62
460,7/20/2024 9:45,12.63,16.8
461,7/20/2024 10:00,12.79,16.9
462,7/20/2024 10:15,13.08,17.34
463,7/20/2024 10:30,12.81,17.5
464,7/20/2024 10:45,12.7,17.26
465,7/20/2024 11:00,12.87,17.22
466,7/20/2024 11:15,13.04,17.2
467,7/20/2024 11:30,13.19,17.26
468,7/20/2024 11:45,13.26,17.38
469,7/20/2024 12:00,13.29,17.28
470,7/20/2024 12:15,13.04,17.14
471,7/20/2024 12:30,12.83,16.54
472,7/20/2024 12:45,13.24,16.62
473,7/20/2024 13:00,13.29,16.92
474,7/20/2024 13:15,12.73,16.54
475,7/20/2024 13:30,12.71,16.42
476,7/20/2024 13:45,11.78,15.68
477,7/20/2024 14:00,11.87,15.22
478,7/20/2024 14:15,12.06,15.12
479,7/20/2024 14:30,12.03,15
480,7/20/2024 14:45,12.1,15.18
481,7/20/2024 15:00,13.23,16.08
482,7/20/2024 15:15,12.18,15.34
483,7/20/2024 15:30,12.57,15.24
484,7/20/2024 15:45,12.6,15.26
485,7/20/2024 16:00,12.62,15.24
486,7/20/2024 16:15,13.13,15.98
487,7/20/2024 16:30,12.95,15.46
488,7/20/2024 16:45,12.88,15.12
489,7/20/2024 17:00,12.16,14.92
490,7/20/2024 17:15,13.05,15.38
491,7/20/2024 17:30,12.83,15.52
492,7/20/2024 17:45,13.14,15.66
493,7/20/2024 18:00,13.03,15.58
494,7/20/2024 18:15,12.07,15.32
495,7/20/2024 18:30,11.81,14.94
496,7/20/2024 18:45,11.9,14.62
497,7/20/2024 19:00,11.49,14.32
498,7/20/2024 19:15,11.48,14.24
499,7/20/2024 19:30,11.16,14.18
500,7/20/2024 19:45,11.22,14.06
501,7/20/2024 20:00,11.47,14.08
502,7/20/2024 20:15,11.22,14.06
503,7/20/2024 20:30,11.16,14
504,7/20/2024 20:45,11.75,14.12
505,7/20/2024 21:00,12.81,15.12
506,7/20/2024 21:15,12.91,15.46
507,7/20/2024 21:30,13.25,15.52
508,7/20/2024 21:45,13.39,15.52
509,7/20/2024 22:00,13.12,15.38
510,7/20/2024 22:15,13.03,15.44
511,7/20/2024 22:30,13.13,15.42
512,7/20/2024 22:45,12.52,15.28
513,7/20/2024 23:00,12.52,15.36
514,7/20/2024 23:15,12.35,15.18
515,7/20/2024 23:30,11.46,14.64
516,7/20/2024 23:45,11.35,14.34
517,7/21/2024 0:00,11.29,14.28
518,7/21/2024 0:15,11.28,14.12
519,7/21/2024 0:30,11.36,14.4
520,7/21/2024 0:45,11.29,14.14
521,7/21/2024 1:00,11.37,14.28
522,7/21/2024 1:15,11.43,14.14
523,7/21/2024 1:30,11.45,14.22
524,7/21/2024 1:45,11.68,14.26
525,7/21/2024 2:00,11.88,14.44
526,7/21/2024 2:15,12.22,14.72
527,7/21/2024 2:30,12.51,14.82
528,7/21/2024 2:45,12.65,14.96
529,7/21/2024 3:00,12.73,15.06
530,7/21/2024 3:15,12.95,15.2
531,7/21/2024 3:30,12.98,15.3
532,7/21/2024 3:45,12.87,15.32
533,7/21/2024 4:00,12.67,15.22
534,7/21/2024 4:15,12.89,15.18
535,7/21/2024 4:30,12.72,15.14
536,7/21/2024 4:45,12.2,15.12
537,7/21/2024 5:00,11.38,14.56
538,7/21/2024 5:15,11.37,14.74
539,7/21/2024 5:30,11.08,14.56
540,7/21/2024 5:45,11.18,14.48
541,7/21/2024 6:00,11.23,14.7
542,7/21/2024 6:15,10.97,14.66
543,7/21/2024 6:30,11.23,14.4
544,7/21/2024 6:45,11.07,14.28
545,7/21/2024 7:00,11.2,14.44
546,7/21/2024 7:15,12.11,14.5
547,7/21/2024 7:30,11.05,14.6
548,7/21/2024 7:45,11.27,14.36
549,7/21/2024 8:00,11.53,14.44
550,7/21/2024 8:15,11.48,14.4
551,7/21/2024 8:30,11.26,14.38
552,7/21/2024 8:45,11.28,14.34
553,7/21/2024 9:00,11.78,14.7
554,7/21/2024 9:15,11.22,14.56
555,7/21/2024 9:30,12.4,15.06
556,7/21/2024 9:45,12,14.96
557,7/21/2024 10:00,12.21,15.1
558,7/21/2024 10:15,12.08,14.98
559,7/21/2024 10:30,11.82,14.82
560,7/21/2024 10:45,11.8,14.84
561,7/21/2024 11:00,11.61,14.82
562,7/21/2024 11:15,11.7,14.82
563,7/21/2024 11:30,11.87,14.82
564,7/21/2024 11:45,11.42,14.62
565,7/21/2024 12:00,12,14.62
566,7/21/2024 12:15,12.13,14.78
567,7/21/2024 12:30,11.84,14.8
568,7/21/2024 12:45,11.43,14.74
569,7/21/2024 13:00,11.71,14.72
570,7/21/2024 13:15,11.8,14.6
571,7/21/2024 13:30,11.78,14.48
572,7/21/2024 13:45,11.71,14.46
573,7/21/2024 14:00,11.55,14.3
574,7/21/2024 14:15,11.69,14.28
575,7/21/2024 14:30,11.55,14.2
576,7/21/2024 14:45,11.18,14.14
577,7/21/2024 15:00,11.19,13.98
578,7/21/2024 15:15,11.14,13.92
579,7/21/2024 15:30,11.35,13.96
580,7/21/2024 15:45,11.32,14.02
581,7/21/2024 16:00,11.22,13.94
582,7/21/2024 16:15,11.12,13.86
583,7/21/2024 16:30,11.01,13.76
584,7/21/2024 16:45,11.15,13.7
585,7/21/2024 17:00,11.15,13.76
586,7/21/2024 17:15,11.21,13.76
587,7/21/2024 17:30,11.2,13.72
588,7/21/2024 17:45,11.3,13.74
589,7/21/2024 18:00,11.12,13.62
590,7/21/2024 18:15,11.36,13.7
591,7/21/2024 18:30,11.67,13.9
592,7/21/2024 18:45,11.16,13.72
593,7/21/2024 19:00,11.43,13.86
594,7/21/2024 19:15,11.23,13.68
595,7/21/2024 19:30,12.22,14.06
596,7/21/2024 19:45,11.35,13.84
597,7/21/2024 20:00,11.2,13.66
598,7/21/2024 20:15,11.06,13.58
599,7/21/2024 20:30,10.87,13.52
600,7/21/2024 20:45,10.59,13.44
601,7/21/2024 21:00,10.44,13.36
602,7/21/2024 21:15,10.4,13.34
603,7/21/2024 21:30,10.4,13.36
604,7/21/2024 21:45,10.24,13.3
605,7/21/2024 22:00,10.23,13.3
606,7/21/2024 22:15,10.08,13.3
607,7/21/2024 22:30,11,13.46
608,7/21/2024 22:45,10.53,13.46
609,7/21/2024 23:00,11.43,13.78
610,7/21/2024 23:15,10.91,13.54
611,7/21/2024 23:30,10.46,13.46
612,7/21/2024 23:45,11.2,13.64
613,7/22/2024 0:00,10.8,13.66
614,7/22/2024 0:15,11.21,13.9
615,7/22/2024 0:30,10.92,13.78
616,7/22/2024 0:45,10.91,13.72
617,7/22/2024 1:00,10.89,13.68
618,7/22/2024 1:15,11.01,13.68
619,7/22/2024 1:30,10.9,13.74
620,7/22/2024 1:45,10.71,13.72
621,7/22/2024 2:00,11.79,13.96
622,7/22/2024 2:15,11.51,13.92
623,7/22/2024 2:30,11.5,13.76
624,7/22/2024 2:45,11.63,13.9
625,7/22/2024 3:00,11.59,13.94
626,7/22/2024 3:15,11.51,13.94
627,7/22/2024 3:30,11.49,13.88
628,7/22/2024 3:45,11.48,13.88
629,7/22/2024 4:00,11.83,14.06
630,7/22/2024 4:15,11.35,14
631,7/22/2024 4:30,11.09,13.82
632,7/22/2024 4:45,11.19,13.78
633,7/22/2024 5:00,11.26,13.78
634,7/22/2024 5:15,11,13.72
635,7/22/2024 5:30,11.04,13.74
636,7/22/2024 5:45,10.67,13.68
637,7/22/2024 6:00,10.49,13.62
638,7/22/2024 6:15,10.44,13.5
639,7/22/2024 6:30,10.43,13.58
640,7/22/2024 6:45,10.25,13.6
641,7/22/2024 7:00,10.23,13.44
642,7/22/2024 7:15,9.49,13.26
643,7/22/2024 7:30,9.88,13.18
644,7/22/2024 7:45,9.59,13.14
645,7/22/2024 8:00,9.62,12.86
646,7/22/2024 8:15,10.2,13.18
647,7/22/2024 8:30,10.14,13.24
648,7/22/2024 8:45,11.41,13.66
649,7/22/2024 9:00,10.6,13.48
650,7/22/2024 9:15,11.07,13.76
651,7/22/2024 9:30,10.82,13.82
652,7/22/2024 9:45,11.52,14.02
653,7/22/2024 10:00,10.5,13.66
654,7/22/2024 10:15,10.34,13.46
655,7/22/2024 10:30,10.28,13.42
656,7/22/2024 10:45,10.18,13.4
657,7/22/2024 11:00,10.46,13.5
658,7/22/2024 11:15,10.82,13.7
659,7/22/2024 11:30,11.22,13.8
660,7/22/2024 11:45,10.89,13.84
661,7/22/2024 12:00,10.82,13.92
662,7/22/2024 12:15,10.96,13.96
663,7/22/2024 12:30,10.82,13.98
664,7/22/2024 12:45,10.66,13.94
665,7/22/2024 13:00,10.77,13.94
666,7/22/2024 13:15,11.05,14.08
667,7/22/2024 13:30,10.92,14.02
668,7/22/2024 13:45,11.04,14.06
669,7/22/2024 14:00,10.89,13.98
670,7/22/2024 14:15,10.78,13.86
671,7/22/2024 14:30,10.67,13.76
672,7/22/2024 14:45,11.06,13.86
673,7/22/2024 15:00,11.32,13.9
674,7/22/2024 15:15,11.21,13.92
675,7/22/2024 15:30,10.77,13.78
676,7/22/2024 15:45,10.66,13.66
677,7/22/2024 16:00,10.45,13.5
678,7/22/2024 16:15,10.91,13.6
679,7/22/2024 16:30,10.79,13.62
680,7/22/2024 16:45,10.94,13.6
681,7/22/2024 17:00,12.23,13.96
682,7/22/2024 17:15,11.51,13.96
683,7/22/2024 17:30,10.96,13.84
684,7/22/2024 17:45,10.95,13.78
685,7/22/2024 18:00,11.06,13.86
686,7/22/2024 18:15,11.84,13.9
687,7/22/2024 18:30,11.31,14.02
688,7/22/2024 18:45,11,13.78
689,7/22/2024 19:00,11.16,13.88
690,7/22/2024 19:15,10.69,13.68
691,7/22/2024 19:30,10.35,13.52
692,7/22/2024 19:45,10.24,13.4
693,7/22/2024 20:00,10.03,13.34
694,7/22/2024 20:15,9.75,13.16
695,7/22/2024 20:30,9.65,13.08
696,7/22/2024 20:45,9.54,13
697,7/22/2024 21:00,9.58,12.98
698,7/22/2024 21:15,9.96,12.98
699,7/22/2024 21:30,9.89,13.1
700,7/22/2024 21:45,9.88,13.14
701,7/22/2024 22:00,9.6,13.02
702,7/22/2024 22:15,9.54,12.96
703,7/22/2024 22:30,9.54,13
704,7/22/2024 22:45,9.15,12.88
705,7/22/2024 23:00,9.24,12.94
706,7/22/2024 23:15,9.24,12.92
707,7/22/2024 23:30,9.18,12.86
708,7/22/2024 23:45,9.12,12.84
709,7/23/2024 0:00,9.24,12.8
710,7/23/2024 0:15,9.23,12.84
711,7/23/2024 0:30,9.07,12.8
712,7/23/2024 0:45,9,12.78
713,7/23/2024 1:00,9.28,12.78
714,7/23/2024 1:15,9.65,13.02
715,7/23/2024 1:30,9.62,13.1
716,7/23/2024 1:45,10.24,13.26
717,7/23/2024 2:00,10.17,13.32
718,7/23/2024 2:15,10.21,13.34
719,7/23/2024 2:30,10.09,13.34
720,7/23/2024 2:45,10.13,13.34
721,7/23/2024 3:00,10.06,13.36
722,7/23/2024 3:15,10.12,13.34
723,7/23/2024 3:30,10,13.3
724,7/23/2024 3:45,10.16,13.24
725,7/23/2024 4:00,10.09,13.22
726,7/23/2024 4:15,10.18,13.2
727,7/23/2024 4:30,10.14,13.22
728,7/23/2024 4:45,10.2,13.24
729,7/23/2024 5:00,10.05,13.2
730,7/23/2024 5:15,10,13.14
731,7/23/2024 5:30,9.94,13.12
732,7/23/2024 5:45,9.77,13.08
733,7/23/2024 6:00,9.65,13.08
734,7/23/2024 6:15,9.52,13.12
735,7/23/2024 6:30,9.51,13.12
736,7/23/2024 6:45,9.51,13.06
737,7/23/2024 7:00,9.47,13.04
738,7/23/2024 7:15,9.51,13.02
739,7/23/2024 7:30,9.46,13
740,7/23/2024 7:45,9.48,12.94
741,7/23/2024 8:00,9.47,12.92
742,7/23/2024 8:15,9.45,12.92
743,7/23/2024 8:30,9.47,12.9
744,7/23/2024 8:45,9.51,12.94
745,7/23/2024 9:00,9.98,13.02
746,7/23/2024 9:15,9.89,13.2
747,7/23/2024 9:30,10.29,13.34
748,7/23/2024 9:45,10.18,13.48
749,7/23/2024 10:00,10.44,13.7
750,7/23/2024 10:15,10.88,14.22
751,7/23/2024 10:30,10.56,14.4
752,7/23/2024 10:45,10.75,14.42
753,7/23/2024 11:00,10.77,14.76
754,7/23/2024 11:15,10.64,14.78
755,7/23/2024 11:30,10.65,14.88
756,7/23/2024 11:45,10.78,14.86
757,7/23/2024 12:00,10.76,14.7
758,7/23/2024 12:15,10.78,14.66
759,7/23/2024 12:30,10.53,14.7
760,7/23/2024 12:45,10.8,14.72
761,7/23/2024 13:00,10.64,14.66
762,7/23/2024 13:15,10.94,14.58
763,7/23/2024 13:30,11.09,15.04
764,7/23/2024 13:45,10.97,15.02
765,7/23/2024 14:00,11.01,15.18
766,7/23/2024 14:15,11.22,15.18
767,7/23/2024 14:30,11.25,15.34
768,7/23/2024 14:45,11.4,15.24
769,7/23/2024 15:00,11.47,15.32
770,7/23/2024 15:15,11.3,15.14
771,7/23/2024 15:30,11.12,14.64
772,7/23/2024 15:45,11.37,14.54
773,7/23/2024 16:00,11.37,14.88
774,7/23/2024 16:15,11.46,14.72
775,7/23/2024 16:30,10.72,14.34
776,7/23/2024 16:45,11.61,14.78
777,7/23/2024 17:00,11.51,15
778,7/23/2024 17:15,10.72,14.28
779,7/23/2024 17:30,10.81,14.32
780,7/23/2024 17:45,10.47,13.84
781,7/23/2024 18:00,10.18,13.74
782,7/23/2024 18:15,10.04,13.6
783,7/23/2024 18:30,10.47,13.64
784,7/23/2024 18:45,10.79,13.8
785,7/23/2024 19:00,10.9,13.96
786,7/23/2024 19:15,11.04,14.02
787,7/23/2024 19:30,11.2,14.1
788,7/23/2024 19:45,11.32,14.16
789,7/23/2024 20:00,11.15,14.12
790,7/23/2024 20:15,10.71,13.84
791,7/23/2024 20:30,10.17,13.6
792,7/23/2024 20:45,10.41,13.48
793,7/23/2024 21:00,10.67,13.68
794,7/23/2024 21:15,10.15,13.38
795,7/23/2024 21:30,9.35,12.82
796,7/23/2024 21:45,9.29,12.72
797,7/23/2024 22:00,9.37,12.68
798,7/23/2024 22:15,9.33,12.64
799,7/23/2024 22:30,9.26,12.66
800,7/23/2024 22:45,9.36,12.74
801,7/23/2024 23:00,9.47,12.88
802,7/23/2024 23:15,9.29,12.9
803,7/23/2024 23:30,9.18,12.86
804,7/23/2024 23:45,9.01,12.8
805,7/24/2024 0:00,9.82,13.02
806,7/24/2024 0:15,10.23,13.66
807,7/24/2024 0:30,9.95,13.6
808,7/24/2024 0:45,9.66,13.32
809,7/24/2024 1:00,10.02,13.38
810,7/24/2024 1:15,9.96,13.5
811,7/24/2024 1:30,10.14,13.56
812,7/24/2024 1:45,10.27,13.68
813,7/24/2024 2:00,10.08,13.64
814,7/24/2024 2:15,9.87,13.54
815,7/24/2024 2:30,9.83,13.38
816,7/24/2024 2:45,9.45,13.28
817,7/24/2024 3:00,9.97,13.1
818,7/24/2024 3:15,9.78,13.02
819,7/24/2024 3:30,9.83,12.92
820,7/24/2024 3:45,9.68,12.9
821,7/24/2024 4:00,9.74,12.8
822,7/24/2024 4:15,9.94,12.86
823,7/24/2024 4:30,10.18,12.98
824,7/24/2024 4:45,10.16,13.08
825,7/24/2024 5:00,10.1,13.26
826,7/24/2024 5:15,10,13.3
827,7/24/2024 5:30,10.14,13.28
828,7/24/2024 5:45,10,13.3
829,7/24/2024 6:00,10.05,13.42
830,7/24/2024 6:15,10.07,13.38
831,7/24/2024 6:30,10.04,13.4
832,7/24/2024 6:45,10.07,13.4
833,7/24/2024 7:00,10,13.4
834,7/24/2024 7:15,9.9,13.3
835,7/24/2024 7:30,9.85,13.26
836,7/24/2024 7:45,9.7,13.18
837,7/24/2024 8:00,9.64,13.12
838,7/24/2024 8:15,9.68,13.14
839,7/24/2024 8:30,9.92,13.2
840,7/24/2024 8:45,9.67,13.18
841,7/24/2024 9:00,9.64,13.02
842,7/24/2024 9:15,9.64,12.98
843,7/24/2024 9:30,9.59,13.04
844,7/24/2024 9:45,9.34,12.9
845,7/24/2024 10:00,9.8,13.02
846,7/24/2024 10:15,9.59,13.08
847,7/24/2024 10:30,9.53,13.08
848,7/24/2024 10:45,9.84,13.2
849,7/24/2024 11:00,9.68,13.12
850,7/24/2024 11:15,10,13.3
851,7/24/2024 11:30,9.85,13.34
852,7/24/2024 11:45,10.45,13.76
853,7/24/2024 12:00,10.99,13.94
854,7/24/2024 12:15,10.25,13.74
855,7/24/2024 12:30,10.35,13.64
856,7/24/2024 12:45,10.4,13.7
857,7/24/2024 13:00,10.8,14.12
858,7/24/2024 13:15,10.76,13.96
859,7/24/2024 13:30,10.66,14
860,7/24/2024 13:45,10.69,14
861,7/24/2024 14:00,10.74,14.04
862,7/24/2024 14:15,10.95,13.98
863,7/24/2024 14:30,11.19,14.18
864,7/24/2024 14:45,11.43,14.32
865,7/24/2024 15:00,11.39,14.46
866,7/24/2024 15:15,11.41,14.5
867,7/24/2024 15:30,11.33,14.18
868,7/24/2024 15:45,11.3,14.08
869,7/24/2024 16:00,11.27,14.24
870,7/24/2024 16:15,11.68,14.4
871,7/24/2024 16:30,11.16,14.32
872,7/24/2024 16:45,11.56,14.26
873,7/24/2024 17:00,11.47,14.28
874,7/24/2024 17:15,11.83,14.32
875,7/24/2024 17:30,11.6,14.28
876,7/24/2024 17:45,11.58,14.22
877,7/24/2024 18:00,10.92,13.88
878,7/24/2024 18:15,10.67,13.82
879,7/24/2024 18:30,10.27,13.58
880,7/24/2024 18:45,10.48,13.58
881,7/24/2024 19:00,10.56,13.52
882,7/24/2024 19:15,10.68,13.56
883,7/24/2024 19:30,10.15,13.48
884,7/24/2024 19:45,10.53,13.36
885,7/24/2024 20:00,10.89,13.58
886,7/24/2024 20:15,11.06,13.68
887,7/24/2024 20:30,11.14,13.72
888,7/24/2024 20:45,10.77,13.64
889,7/24/2024 21:00,10.87,13.58
890,7/24/2024 21:15,10.47,13.52
891,7/24/2024 21:30,10.09,13.28
892,7/24/2024 21:45,9.76,13.06
893,7/24/2024 22:00,9.73,12.98
894,7/24/2024 22:15,9.69,12.94
895,7/24/2024 22:30,9.83,12.98
896,7/24/2024 22:45,9.72,12.92
897,7/24/2024 23:00,9.82,12.86
898,7/24/2024 23:15,9.57,12.98
899,7/24/2024 23:30,9.79,13.06
900,7/24/2024 23:45,9.75,13.14
901,7/25/2024 0:00,9.57,13.06
902,7/25/2024 0:15,9.31,12.88
903,7/25/2024 0:30,9.38,12.94
904,7/25/2024 0:45,9.57,13.06
905,7/25/2024 1:00,9.47,13.04
906,7/25/2024 1:15,9.43,12.96
907,7/25/2024 1:30,9.33,12.92
908,7/25/2024 1:45,9.28,12.92
909,7/25/2024 2:00,9.62,12.96
910,7/25/2024 2:15,9.66,13.12
911,7/25/2024 2:30,9.44,13.1
912,7/25/2024 2:45,9.64,13.16
913,7/25/2024 3:00,9.67,13.28
914,7/25/2024 3:15,9.52,13.24
915,7/25/2024 3:30,9.34,13.2
916,7/25/2024 3:45,9.34,13.12
917,7/25/2024 4:00,9.38,13.14
918,7/25/2024 4:15,9.53,13.1
919,7/25/2024 4:30,9.55,12.84
920,7/25/2024 4:45,9.36,12.74
921,7/25/2024 5:00,9.44,12.7
922,7/25/2024 5:15,9.41,12.7
923,7/25/2024 5:30,10.2,12.92
924,7/25/2024 5:45,9.79,13.06
925,7/25/2024 6:00,10.05,13.02
926,7/25/2024 6:15,10.03,13.08
927,7/25/2024 6:30,9.85,13.06
928,7/25/2024 6:45,9.78,13.04
929,7/25/2024 7:00,9.73,13.02
930,7/25/2024 7:15,9.59,13
931,7/25/2024 7:30,9.52,12.96
932,7/25/2024 7:45,9.6,13.06
933,7/25/2024 8:00,9.54,13.1
934,7/25/2024 8:15,9.55,13.12
935,7/25/2024 8:30,9.54,13.06
936,7/25/2024 8:45,9.68,13.1
937,7/25/2024 9:00,9.69,13.1
938,7/25/2024 9:15,9.64,13.08
939,7/25/2024 9:30,9.92,13.14
940,7/25/2024 9:45,9.75,13.18
941,7/25/2024 10:00,9.73,13.08
942,7/25/2024 10:15,9.54,13.02
943,7/25/2024 10:30,9.45,12.94
944,7/25/2024 10:45,9.72,13.06
945,7/25/2024 11:00,9.66,13.14
946,7/25/2024 11:15,10.1,13.1
947,7/25/2024 11:30,9.8,13.22
948,7/25/2024 11:45,9.72,13.26
949,7/25/2024 12:00,9.93,13.34
950,7/25/2024 12:15,10.08,13.38
951,7/25/2024 12:30,9.87,13.3
952,7/25/2024 12:45,10.03,13.34
953,7/25/2024 13:00,10.07,13.44
954,7/25/2024 13:15,10.04,13.4
955,7/25/2024 13:30,10.51,13.52
956,7/25/2024 13:45,10.54,13.74
957,7/25/2024 14:00,10.59,13.72
958,7/25/2024 14:15,10.38,13.68
959,7/25/2024 14:30,10.28,13.62
960,7/25/2024 14:45,10.51,13.64
961,7/25/2024 15:00,11.63,14.02
962,7/25/2024 15:15,11.73,14.72
963,7/25/2024 15:30,11.55,14.8
964,7/25/2024 15:45,11.48,14.86
965,7/25/2024 16:00,11.92,14.86
966,7/25/2024 16:15,11.91,14.88
967,7/25/2024 16:30,11.65,14.38
968,7/25/2024 16:45,11.94,14.34
969,7/25/2024 17:00,11.75,14.22
970,7/25/2024 17:15,11.91,14.24
971,7/25/2024 17:30,11.86,14.2
972,7/25/2024 17:45,11.94,14.22
973,7/25/2024 18:00,11.96,14.42
974,7/25/2024 18:15,11.76,14.16
975,7/25/2024 18:30,12.1,14.24
976,7/25/2024 18:45,12.07,14.18
977,7/25/2024 19:00,11.8,14.22
978,7/25/2024 19:15,11.7,14.1
979,7/25/2024 19:30,11.49,13.88
980,7/25/2024 19:45,11.1,13.82
981,7/25/2024 20:00,11.43,13.78
982,7/25/2024 20:15,11.14,13.74
983,7/25/2024 20:30,10.99,13.68
984,7/25/2024 20:45,10.97,13.64
985,7/25/2024 21:00,11.15,13.64
986,7/25/2024 21:15,10.89,13.56
987,7/25/2024 21:30,10.61,13.5
988,7/25/2024 21:45,10.31,13.38
989,7/25/2024 22:00,10.21,13.3
990,7/25/2024 22:15,9.9,13.22
991,7/25/2024 22:30,9.55,12.96
992,7/25/2024 22:45,9.28,12.78
993,7/25/2024 23:00,9.6,12.74
994,7/25/2024 23:15,9.65,12.78
995,7/25/2024 23:30,9.42,12.74
996,7/25/2024 23:45,9.22,12.72
997,7/26/2024 0:00,9.35,12.72
998,7/26/2024 0:15,9.55,12.74
999,7/26/2024 0:30,9.41,12.8
1000,7/26/2024 0:45,9.44,12.9
1001,7/26/2024 1:00,9.19,12.8
1002,7/26/2024 1:15,9.08,12.78
1003,7/26/2024 1:30,9.48,12.8
1004,7/26/2024 1:45,9.99,13.16
1005,7/26/2024 2:00,9.17,12.9
1006,7/26/2024 2:15,9.41,12.9
1007,7/26/2024 2:30,10.07,13.4
1008,7/26/2024 2:45,10.27,13.56
1009,7/26/2024 3:00,10.33,13.78
1010,7/26/2024 3:15,10.17,13.58
1011,7/26/2024 3:30,10.02,13.5
1012,7/26/2024 3:45,9.93,13.44
1013,7/26/2024 4:00,9.76,13.38
1014,7/26/2024 4:15,10.17,13.56
1015,7/26/2024 4:30,10.27,13.7
1016,7/26/2024 4:45,10.31,13.8
1017,7/26/2024 5:00,9.64,13.8
1018,7/26/2024 5:15,9.9,13.8
1019,7/26/2024 5:30,10.35,13.8
1020,7/26/2024 5:45,10.49,13.8
1021,7/26/2024 6:00,10.53,13.78
1022,7/26/2024 6:15,10.55,13.76
1023,7/26/2024 6:30,10.47,13.88
1024,7/26/2024 6:45,10.38,13.78
1025,7/26/2024 7:00,10.37,13.7
1026,7/26/2024 7:15,10.43,13.86
1027,7/26/2024 7:30,10.21,13.86
1028,7/26/2024 7:45,10.38,13.82
1029,7/26/2024 8:00,10.54,13.92
1030,7/26/2024 8:15,10.33,13.9
1031,7/26/2024 8:30,10.26,13.76
1032,7/26/2024 8:45,10.46,13.8
1033,7/26/2024 9:00,10.54,13.78
1034,7/26/2024 9:15,10.67,13.84
1035,7/26/2024 9:30,10.48,13.8
1036,7/26/2024 9:45,10.41,13.76
1037,7/26/2024 10:00,10.41,13.74
1038,7/26/2024 10:15,10.6,13.82
1039,7/26/2024 10:30,10.49,13.8
1040,7/26/2024 10:45,10.33,13.8
1041,7/26/2024 11:00,10.27,13.7
1042,7/26/2024 11:15,10.35,13.66
1043,7/26/2024 11:30,10.18,13.58
1044,7/26/2024 11:45,10.2,13.42
1045,7/26/2024 12:00,10.23,13.44
1046,7/26/2024 12:15,10.43,13.66
1047,7/26/2024 12:30,10.36,13.74
1048,7/26/2024 12:45,10.44,13.66
1049,7/26/2024 13:00,10.46,13.6
1050,7/26/2024 13:15,10.51,13.64
1051,7/26/2024 13:30,10.59,13.74
1052,7/26/2024 13:45,10.63,13.9
1053,7/26/2024 14:00,10.68,14
1054,7/26/2024 14:15,10.79,14.04
1055,7/26/2024 14:30,10.61,14.1
1056,7/26/2024 14:45,10.63,13.96
1057,7/26/2024 15:00,10.86,13.9
1058,7/26/2024 15:15,10.99,14.22
1059,7/26/2024 15:30,11.47,14.42
1060,7/26/2024 15:45,11.72,14.82
1061,7/26/2024 16:00,11.82,14.96
1062,7/26/2024 16:15,11.91,14.94
1063,7/26/2024 16:30,12.02,14.98
1064,7/26/2024 16:45,11.94,15.04
1065,7/26/2024 17:00,11.89,14.9
1066,7/26/2024 17:15,12,14.6
1067,7/26/2024 17:30,12.08,14.8
1068,7/26/2024 17:45,12.13,14.92
1069,7/26/2024 18:00,12.28,15
1070,7/26/2024 18:15,12.04,14.96
1071,7/26/2024 18:30,11.41,14.32
1072,7/26/2024 18:45,11.36,14
1073,7/26/2024 19:00,11.65,14.06
1074,7/26/2024 19:15,11.57,14.28
1075,7/26/2024 19:30,11.66,14.22
1076,7/26/2024 19:45,12.52,14.56
1077,7/26/2024 20:00,12.55,14.72
1078,7/26/2024 20:15,12.17,14.68
1079,7/26/2024 20:30,11.65,14.6
1080,7/26/2024 20:45,11.47,14.16
1081,7/26/2024 21:00,11.09,13.92
1082,7/26/2024 21:15,11.04,13.88
1083,7/26/2024 21:30,10.91,13.78
1084,7/26/2024 21:45,10.79,13.76
1085,7/26/2024 22:00,10.54,13.62
1086,7/26/2024 22:15,10.2,13.4
1087,7/26/2024 22:30,10,13.24
1088,7/26/2024 22:45,9.97,13.16
1089,7/26/2024 23:00,9.9,13.14
1090,7/26/2024 23:15,9.67,12.98
1091,7/26/2024 23:30,9.57,12.84
1092,7/26/2024 23:45,9.44,12.74
1093,7/27/2024 0:00,9.38,12.64
1094,7/27/2024 0:15,9.18,12.62
1095,7/27/2024 0:30,9.25,12.58
1096,7/27/2024 0:45,9.11,12.58
1097,7/27/2024 1:00,9.32,12.9
1098,7/27/2024 1:15,9.32,12.92
1099,7/27/2024 1:30,9.23,12.88
1100,7/27/2024 1:45,9.27,12.78
1101,7/27/2024 2:00,9.37,12.88
1102,7/27/2024 2:15,9.59,12.94
1103,7/27/2024 2:30,10.06,13.06
1104,7/27/2024 2:45,10.1,13.38
1105,7/27/2024 3:00,9.96,13.46
1106,7/27/2024 3:15,10.02,13.54
1107,7/27/2024 3:30,10.12,13.58
1108,7/27/2024 3:45,10.36,13.64
1109,7/27/2024 4:00,10.34,13.64
1110,7/27/2024 4:15,10.18,13.62
1111,7/27/2024 4:30,10.23,13.62
1112,7/27/2024 4:45,10.09,13.62
1113,7/27/2024 5:00,9.17,13.62
1114,7/27/2024 5:15,9.77,13.58
1115,7/27/2024 5:30,9.65,13.48
1116,7/27/2024 5:45,8.91,13.26
1117,7/27/2024 6:00,9.54,13.28
1118,7/27/2024 6:15,9.99,13.48
1119,7/27/2024 6:30,10.21,13.64
1120,7/27/2024 6:45,10.41,13.7
1121,7/27/2024 7:00,10.3,13.7
1122,7/27/2024 7:15,10.27,13.78
1123,7/27/2024 7:30,10.34,13.72
1124,7/27/2024 7:45,10.28,13.7
1125,7/27/2024 8:00,10.27,13.6
1126,7/27/2024 8:15,10.31,13.58
1127,7/27/2024 8:30,10.47,13.64
1128,7/27/2024 8:45,10.6,13.78
1129,7/27/2024 9:00,10.36,13.78
1130,7/27/2024 9:15,10.31,13.76
1131,7/27/2024 9:30,10.28,13.7
1132,7/27/2024 9:45,9.78,13.7
1133,7/27/2024 10:00,10.14,13.68
1134,7/27/2024 10:15,10.02,13.74
1135,7/27/2024 10:30,10.12,13.62
1136,7/27/2024 10:45,9.73,13.56
1137,7/27/2024 11:00,10.27,13.58
1138,7/27/2024 11:15,10.48,13.56
1139,7/27/2024 11:30,10.34,13.56
1140,7/27/2024 11:45,10.75,13.74
1141,7/27/2024 12:00,10.8,13.88
1142,7/27/2024 12:15,10.59,13.8
1143,7/27/2024 12:30,10.59,13.72
1144,7/27/2024 12:45,10.76,13.96
1145,7/27/2024 13:00,11.55,14
1146,7/27/2024 13:15,10.99,13.96
1147,7/27/2024 13:30,10.9,13.8
1148,7/27/2024 13:45,11.1,13.66
1149,7/27/2024 14:00,10.55,13.64
1150,7/27/2024 14:15,10.67,14.06
1151,7/27/2024 14:30,10.54,14.16
1152,7/27/2024 14:45,10.39,14.1
1153,7/27/2024 15:00,10.46,14.1
1154,7/27/2024 15:15,10.63,14.2
1155,7/27/2024 15:30,10.29,14.16
1156,7/27/2024 15:45,10.75,14.24
1157,7/27/2024 16:00,10.72,13.98
1158,7/27/2024 16:15,10.9,14.28
1159,7/27/2024 16:30,11.12,14.38
1160,7/27/2024 16:45,11.28,14.46
1161,7/27/2024 17:00,11.28,14.4
1162,7/27/2024 17:15,11.21,14.42
1163,7/27/2024 17:30,11.21,14.3
1164,7/27/2024 17:45,11.56,14.32
1165,7/27/2024 18:00,11.84,14.3
1166,7/27/2024 18:15,11.89,14.32
1167,7/27/2024 18:30,11.83,14.34
1168,7/27/2024 18:45,11.99,14.32
1169,7/27/2024 19:00,11.96,14.36
1170,7/27/2024 19:15,11.82,14.38
1171,7/27/2024 19:30,12.03,14.4
1172,7/27/2024 19:45,12.09,14.4
1173,7/27/2024 20:00,11.68,14.26
1174,7/27/2024 20:15,12.06,14.38
1175,7/27/2024 20:30,12,14.32
1176,7/27/2024 20:45,11.77,14.32
1177,7/27/2024 21:00,11.28,13.98
1178,7/27/2024 21:15,11.15,13.9
1179,7/27/2024 21:30,11.25,13.94
1180,7/27/2024 21:45,11.16,13.88
1181,7/27/2024 22:00,11.29,13.9
1182,7/27/2024 22:15,11.22,13.84
1183,7/27/2024 22:30,11.06,13.88
1184,7/27/2024 22:45,10.69,13.74
1185,7/27/2024 23:00,10.06,13.46
1186,7/27/2024 23:15,10.03,13.28
1187,7/27/2024 23:30,10.24,13.42
1188,7/27/2024 23:45,9.92,13.36
1189,7/28/2024 0:00,9.66,13.06
1190,7/28/2024 0:15,9.74,12.98
1191,7/28/2024 0:30,9.44,12.86
1192,7/28/2024 0:45,9.31,12.84
1193,7/28/2024 1:00,9.58,12.88
1194,7/28/2024 1:15,9.32,12.94
1195,7/28/2024 1:30,8.97,12.66
1196,7/28/2024 1:45,9.78,12.7
1197,7/28/2024 2:00,9.19,13.12
1198,7/28/2024 2:15,9.64,13.16
1199,7/28/2024 2:30,9.82,13.26
1200,7/28/2024 2:45,10.03,13.46
1201,7/28/2024 3:00,10.44,13.64
1202,7/28/2024 3:15,10.46,13.8
1203,7/28/2024 3:30,10.55,13.94
1204,7/28/2024 3:45,10.85,14.18
1205,7/28/2024 4:00,10.71,14.16
1206,7/28/2024 4:15,10.53,14.18
1207,7/28/2024 4:30,10.53,14.16
1208,7/28/2024 4:45,10.26,14.08
1209,7/28/2024 5:00,9.73,13.98
1210,7/28/2024 5:15,9.92,14.04
1211,7/28/2024 5:30,10.02,14.04
1212,7/28/2024 5:45,10.21,14.26
1213,7/28/2024 6:00,9.13,14.3
1214,7/28/2024 6:15,9.48,14.32
1215,7/28/2024 6:30,10.14,14.32
1216,7/28/2024 6:45,9.67,14.4
1217,7/28/2024 7:00,9.84,14.42
1218,7/28/2024 7:15,10.18,14.44
1219,7/28/2024 7:30,10.04,14.38
1220,7/28/2024 7:45,10.13,14.3
1221,7/28/2024 8:00,10.07,14.28
1222,7/28/2024 8:15,10.16,14.24
1223,7/28/2024 8:30,10.46,14.28
1224,7/28/2024 8:45,10.25,14.32
1225,7/28/2024 9:00,10.14,14.32
1226,7/28/2024 9:15,10.16,14.28
1227,7/28/2024 9:30,10.46,14.3
1228,7/28/2024 9:45,10.26,14.24
1229,7/28/2024 10:00,10.36,14.22
1230,7/28/2024 10:15,10.36,14.18
1231,7/28/2024 10:30,10.33,14.18
1232,7/28/2024 10:45,10.16,14.16
1233,7/28/2024 11:00,10.29,14.16
1234,7/28/2024 11:15,10.36,14.16
1235,7/28/2024 11:30,10.21,14.16
1236,7/28/2024 11:45,10.43,14.16
1237,7/28/2024 12:00,10.61,14.14
1238,7/28/2024 12:15,10.6,14.18
1239,7/28/2024 12:30,10.69,14.2
1240,7/28/2024 12:45,10.63,14.2
1241,7/28/2024 13:00,10.24,14.06
1242,7/28/2024 13:15,10.9,14.12
1243,7/28/2024 13:30,10.77,14.1
1244,7/28/2024 13:45,10.92,14.04
1245,7/28/2024 14:00,10.66,14.08
1246,7/28/2024 14:15,10.64,13.92
1247,7/28/2024 14:30,10.87,14
1248,7/28/2024 14:45,10.78,14.04
1249,7/28/2024 15:00,10.44,14.1
1250,7/28/2024 15:15,10.58,14.16
1251,7/28/2024 15:30,10.8,14.18
1252,7/28/2024 15:45,10.68,14.18
1253,7/28/2024 16:00,10.77,14.26
1254,7/28/2024 16:15,11.02,14.36
1255,7/28/2024 16:30,11,14.48
1256,7/28/2024 16:45,11.1,14.6
1257,7/28/2024 17:00,11.27,14.64
1258,7/28/2024 17:15,10.8,14.68
1259,7/28/2024 17:30,10.77,14.56
1260,7/28/2024 17:45,10.03,14.52
1261,7/28/2024 18:00,10.2,14.44
1262,7/28/2024 18:15,10.36,14.38
1263,7/28/2024 18:30,10.94,14.38
1264,7/28/2024 18:45,11.4,14.4
1265,7/28/2024 19:00,11.2,14.4
1266,7/28/2024 19:15,9.9,13.98
1267,7/28/2024 19:30,9.32,13.86
1268,7/28/2024 19:45,9.38,13.82
1269,7/28/2024 20:00,11.19,14.18
1270,7/28/2024 20:15,9.43,14.14
1271,7/28/2024 20:30,10.71,14.74
1272,7/28/2024 20:45,11.05,14.82
1273,7/28/2024 21:00,10.71,15
1274,7/28/2024 21:15,10.92,15.04
1275,7/28/2024 21:30,11.15,14.96
1276,7/28/2024 21:45,10.86,14.68
1277,7/28/2024 22:00,11.2,14.72
1278,7/28/2024 22:15,11.3,14.68
1279,7/28/2024 22:30,11.36,14.8
1280,7/28/2024 22:45,11.27,14.74
1281,7/28/2024 23:00,10.96,14.56
1282,7/28/2024 23:15,10.88,14.4
1283,7/28/2024 23:30,10.97,14.4
1284,7/28/2024 23:45,10.63,14.32
1285,7/29/2024 0:00,10.45,14.18
1286,7/29/2024 0:15,10.28,14.04
1287,7/29/2024 0:30,9.96,13.86
1288,7/29/2024 0:45,10.33,14.14
1289,7/29/2024 1:00,10.89,14.54
1290,7/29/2024 1:15,10.61,15.48
1291,7/29/2024 1:30,10.84,15.32
1292,7/29/2024 1:45,10.91,15.66
1293,7/29/2024 2:00,11.33,16.16
1294,7/29/2024 2:15,11.29,16.32
1295,7/29/2024 2:30,11.18,16.62
1296,7/29/2024 2:45,10.78,16.28
1297,7/29/2024 3:00,10.95,16.34
1298,7/29/2024 3:15,10.81,16.34
1299,7/29/2024 3:30,10.9,16.64
1300,7/29/2024 3:45,10.45,15.8
1301,7/29/2024 4:00,10.68,15.88
1302,7/29/2024 4:15,10.63,16.02
1303,7/29/2024 4:30,10.39,15.92
1304,7/29/2024 4:45,10.08,15.86
1305,7/29/2024 5:00,9.97,15.82
1306,7/29/2024 5:15,9.98,15.82
1307,7/29/2024 5:30,11.16,16.4
1308,7/29/2024 5:45,10.78,17.08
1309,7/29/2024 6:00,10.74,17.32
1310,7/29/2024 6:15,10.64,17.16
1311,7/29/2024 6:30,10.71,17.24
1312,7/29/2024 6:45,10.65,17.18
1313,7/29/2024 7:00,10.57,17.16
1314,7/29/2024 7:15,10.16,17.04
1315,7/29/2024 7:30,10.08,17.06
1316,7/29/2024 7:45,10.34,17.08
1317,7/29/2024 8:00,10.41,17.08
1318,7/29/2024 8:15,10.65,17.06
1319,7/29/2024 8:30,10.49,16.98
1320,7/29/2024 8:45,10.69,17.06
1321,7/29/2024 9:00,10.67,17
1322,7/29/2024 9:15,10.66,17.08
1323,7/29/2024 9:30,10.18,17.02
1324,7/29/2024 9:45,10.12,16.86
1325,7/29/2024 10:00,10.54,16.82
1326,7/29/2024 10:15,10.61,16.74
1327,7/29/2024 10:30,10.55,16.68
1328,7/29/2024 10:45,10.4,16.52
1329,7/29/2024 11:00,10.23,16.34
1330,7/29/2024 11:15,10.08,16.32
1331,7/29/2024 11:30,10.31,16.38
1332,7/29/2024 11:45,10.46,16.52
1333,7/29/2024 12:00,10.14,16.52
1334,7/29/2024 12:15,10.2,16.24
1335,7/29/2024 12:30,10.08,16.46
1336,7/29/2024 12:45,10.24,16.42
1337,7/29/2024 13:00,10.63,16.52
1338,7/29/2024 13:15,10.85,16.6
1339,7/29/2024 13:30,10.63,16.48
1340,7/29/2024 13:45,10.87,16.44
1341,7/29/2024 14:00,10.95,16.54
1342,7/29/2024 14:15,10.68,16.32
1343,7/29/2024 14:30,10.46,15.74
1344,7/29/2024 14:45,11.06,15.6
1345,7/29/2024 15:00,11.33,16.02
1346,7/29/2024 15:15,11.22,15.9
1347,7/29/2024 15:30,11.09,15.88
1348,7/29/2024 15:45,10.44,16.12
1349,7/29/2024 16:00,10.9,16.16
1350,7/29/2024 16:15,10.72,15.62
1351,7/29/2024 16:30,10.34,15.7
1352,7/29/2024 16:45,10.67,15.62
1353,7/29/2024 17:00,10.31,15.66
1354,7/29/2024 17:15,10.21,15.48
1355,7/29/2024 17:30,10.4,15.74
1356,7/29/2024 17:45,10.18,15.46
1357,7/29/2024 18:00,9.48,15.3
1358,7/29/2024 18:15,9.09,15.16
1359,7/29/2024 18:30,9.01,14.72
1360,7/29/2024 18:45,8.15,14.2
1361,7/29/2024 19:00,9.96,15.04
1362,7/29/2024 19:15,9.6,15.28
1363,7/29/2024 19:30,10.15,15.68
1364,7/29/2024 19:45,9.02,15.6
1365,7/29/2024 20:00,9.45,14.88
1366,7/29/2024 20:15,9.26,14.78
1367,7/29/2024 20:30,8.88,14.92
1368,7/29/2024 20:45,9.56,14.9
1369,7/29/2024 21:00,9.83,15.08
1370,7/29/2024 21:15,9.82,15.24
1371,7/29/2024 21:30,9.66,15.28
1372,7/29/2024 21:45,8.81,15.24
1373,7/29/2024 22:00,9.19,15.26
1374,7/29/2024 22:15,9.43,15.34
1375,7/29/2024 22:30,9.05,15.28
1376,7/29/2024 22:45,9.37,15.1
1377,7/29/2024 23:00,9.24,15.06
1378,7/29/2024 23:15,9.55,15.1
1379,7/29/2024 23:30,10.25,15.28
1380,7/29/2024 23:45,10.46,15.48
1381,7/30/2024 0:00,10.14,15.4
1382,7/30/2024 0:15,10.58,15.54
1383,7/30/2024 0:30,10.21,15.2
1384,7/30/2024 0:45,10.19,15.1
1385,7/30/2024 1:00,10.3,15.18
1386,7/30/2024 1:15,10.45,15.62
1387,7/30/2024 1:30,10.03,15.46
1388,7/30/2024 1:45,10.06,15.38
1389,7/30/2024 2:00,10.02,15.36
1390,7/30/2024 2:15,9.95,15.38
1391,7/30/2024 2:30,10.17,15.78
1392,7/30/2024 2:45,10.04,15.74
1393,7/30/2024 3:00,10.13,15.66
1394,7/30/2024 3:15,9.97,15.58
1395,7/30/2024 3:30,10.16,15.78
1396,7/30/2024 3:45,10.4,16.2
1397,7/30/2024 4:00,10.31,16.54
1398,7/30/2024 4:15,10.24,16.42
1399,7/30/2024 4:30,10.17,16.26
1400,7/30/2024 4:45,10.18,16.16
1401,7/30/2024 5:00,10.25,16.28
1402,7/30/2024 5:15,10.2,16.36
1403,7/30/2024 5:30,9.54,16.28
1404,7/30/2024 5:45,10.21,16.66
1405,7/30/2024 6:00,10.04,16.66
1406,7/30/2024 6:15,9.74,16.6
1407,7/30/2024 6:30,9.78,16.62
1408,7/30/2024 6:45,8.95,16.6
1409,7/30/2024 7:00,7.91,16.54
1410,7/30/2024 7:15,8.75,16.52
1411,7/30/2024 7:30,9.17,16.64
1412,7/30/2024 7:45,8.76,16.6
1413,7/30/2024 8:00,9.54,16.62
1414,7/30/2024 8:15,9.27,16.5
1415,7/30/2024 8:30,9.19,16.64
1416,7/30/2024 8:45,9.35,16.66
1417,7/30/2024 9:00,8.7,16.68
1418,7/30/2024 9:15,9.25,16.64
1419,7/30/2024 9:30,10.03,16.68
1420,7/30/2024 9:45,10.16,16.58
1421,7/30/2024 10:00,10.14,16.68
1422,7/30/2024 10:15,10.14,16.5
1423,7/30/2024 10:30,10.04,16.34
1424,7/30/2024 10:45,9.77,16.28
1425,7/30/2024 11:00,9.49,16.16
1426,7/30/2024 11:15,9.7,16.08
1427,7/30/2024 11:30,9.12,15.82
1428,7/30/2024 11:45,9.78,15.8
1429,7/30/2024 12:00,9.18,15.78
1430,7/30/2024 12:15,8.76,15.56
1431,7/30/2024 12:30,8.42,15.34
1432,7/30/2024 12:45,8.63,15.24
1433,7/30/2024 13:00,8.67,15.18
1434,7/30/2024 13:15,8.85,15.02
1435,7/30/2024 13:30,9.19,14.94
1436,7/30/2024 13:45,8.88,14.78
1437,7/30/2024 14:00,8.91,14.78
1438,7/30/2024 14:15,9.16,14.68
1439,7/30/2024 14:30,9.57,14.66
1440,7/30/2024 14:45,9.52,14.82
1441,7/30/2024 15:00,9.82,15.44
1442,7/30/2024 15:15,10.24,15.66
1443,7/30/2024 15:30,10.13,15.6
1444,7/30/2024 15:45,10.15,15.8
1445,7/30/2024 16:00,10.54,16.6
1446,7/30/2024 16:15,10.74,16.76
1447,7/30/2024 16:30,10.08,15.94
1448,7/30/2024 16:45,9.23,15.48
1449,7/30/2024 17:00,9.49,15.54
1450,7/30/2024 17:15,8.86,15.14
1451,7/30/2024 17:30,9.56,14.78
1452,7/30/2024 17:45,9.54,14.56
1453,7/30/2024 18:00,9.45,14.38
1454,7/30/2024 18:15,8.98,14.28
1455,7/30/2024 18:30,8.53,14.32
1456,7/30/2024 18:45,7.79,14.4
1457,7/30/2024 19:00,7.71,14.32
1458,7/30/2024 19:15,7.99,14.16
1459,7/30/2024 19:30,8.15,13.94
1460,7/30/2024 19:45,8.62,13.84
1461,7/30/2024 20:00,8.62,13.92
1462,7/30/2024 20:15,9.08,14.16
1463,7/30/2024 20:30,8.83,14.28
1464,7/30/2024 20:45,8.63,14.38
1465,7/30/2024 21:00,9.36,14.7
1466,7/30/2024 21:15,9.63,14.86
1467,7/30/2024 21:30,8.97,14.84
1468,7/30/2024 21:45,8.56,14.66
1469,7/30/2024 22:00,8.37,14.62
1470,7/30/2024 22:15,8.93,14.48
1471,7/30/2024 22:30,9.33,14.86
1472,7/30/2024 22:45,9.06,15.08
1473,7/30/2024 23:00,9.52,15.2
1474,7/30/2024 23:15,9.36,15.2
1475,7/30/2024 23:30,8.78,15.26
1476,7/30/2024 23:45,9.08,15.28
1477,7/31/2024 0:00,9.39,15.36
1478,7/31/2024 0:15,10.48,15.94
1479,7/31/2024 0:30,10.23,15.86
1480,7/31/2024 0:45,10.21,15.72
1481,7/31/2024 1:00,10.16,15.68
1482,7/31/2024 1:15,9.98,15.46
1483,7/31/2024 1:30,10.17,15.58
1484,7/31/2024 1:45,10,15.6
1485,7/31/2024 2:00,10.27,15.68
1486,7/31/2024 2:15,10.2,15.7
1487,7/31/2024 2:30,10.15,15.78
1488,7/31/2024 2:45,9.87,15.54
1489,7/31/2024 3:00,9.69,15.38
1490,7/31/2024 3:15,9.96,15.38
1491,7/31/2024 3:30,10.06,15.84
1492,7/31/2024 3:45,9.83,15.64
1493,7/31/2024 4:00,9.74,15.56
1494,7/31/2024 4:15,9.46,15.48
1495,7/31/2024 4:30,9.6,15.4
1496,7/31/2024 4:45,10.1,15.72
1497,7/31/2024 5:00,10.28,15.98
1498,7/31/2024 5:15,10.07,16.08
1499,7/31/2024 5:30,10.16,16.04
1500,7/31/2024 5:45,10.2,16.2
1501,7/31/2024 6:00,10.19,16.36
1502,7/31/2024 6:15,10.1,16.6
1503,7/31/2024 6:30,9.59,16.06
1504,7/31/2024 6:45,9.06,16.04
1505,7/31/2024 7:00,9.29,16.28
1506,7/31/2024 7:15,8.8,16.34
1507,7/31/2024 7:30,9.51,16.38
1508,7/31/2024 7:45,9.07,16.56
1509,7/31/2024 8:00,9.38,16.66
1510,7/31/2024 8:15,9.28,16.7
1511,7/31/2024 8:30,9.33,16.76
1512,7/31/2024 8:45,9.65,16.84
1513,7/31/2024 9:00,8.76,16.84
1514,7/31/2024 9:15,8.42,16.86
1515,7/31/2024 9:30,7.7,16.8
1516,7/31/2024 9:45,9.29,16.72
1517,7/31/2024 10:00,9.26,16.58
1518,7/31/2024 10:15,9.22,16.38
1519,7/31/2024 10:30,9.32,16.02
1520,7/31/2024 10:45,9.63,16.34
1521,7/31/2024 11:00,9.66,16.52
1522,7/31/2024 11:15,10.57,16.4
1523,7/31/2024 11:30,9.82,16.26
1524,7/31/2024 11:45,9.09,16.18
1525,7/31/2024 12:00,9.26,16.06
1526,7/31/2024 12:15,8.71,15.4
1527,7/31/2024 12:30,7.91,15.14
1528,7/31/2024 12:45,9.31,14.96
1529,7/31/2024 13:00,9.46,15.58
1530,7/31/2024 13:15,9.83,15.88
1531,7/31/2024 13:30,8.94,15.78
1532,7/31/2024 13:45,9.59,15.82
1533,7/31/2024 14:00,9.17,15.52
1534,7/31/2024 14:15,8.84,15.06
1535,7/31/2024 14:30,9.37,14.98
1536,7/31/2024 14:45,9.16,14.96
1537,7/31/2024 15:00,9.28,14.7
1538,7/31/2024 15:15,9.55,14.66
1539,7/31/2024 15:30,9.53,14.72
1540,7/31/2024 15:45,9.84,14.78
1541,7/31/2024 16:00,9.65,14.84
1542,7/31/2024 16:15,9.87,14.88
1543,7/31/2024 16:30,9.87,15.06
1544,7/31/2024 16:45,9.92,15.06
1545,7/31/2024 17:00,9.57,15.04
1546,7/31/2024 17:15,9.13,15.38
1547,7/31/2024 17:30,9.26,15.72
1548,7/31/2024 17:45,9.26,15.62
1549,7/31/2024 18:00,9.44,15.6
1550,7/31/2024 18:15,9.22,15.44
1551,7/31/2024 18:30,9.07,15.22
1552,7/31/2024 18:45,8.98,15.2
1553,7/31/2024 19:00,8.72,14.52
1554,7/31/2024 19:15,9.04,14.08
1555,7/31/2024 19:30,9.18,14.22
1556,7/31/2024 19:45,8.56,14.48
1557,7/31/2024 20:00,9.04,14.8
1558,7/31/2024 20:15,9.08,14.96
1559,7/31/2024 20:30,9.14,15.14
1560,7/31/2024 20:45,9.22,15.12
1561,7/31/2024 21:00,9.79,15.04
1562,7/31/2024 21:15,9.77,15.04
1563,7/31/2024 21:30,9.27,15.02
1564,7/31/2024 21:45,8.49,14.84
1565,7/31/2024 22:00,9.28,14.84
1566,7/31/2024 22:15,9.89,15.18
1567,7/31/2024 22:30,9.28,15.56
1568,7/31/2024 22:45,9.67,15.66
1569,7/31/2024 23:00,9.85,15.68
1570,7/31/2024 23:15,9.27,15.58
1571,7/31/2024 23:30,8.78,15.32
1572,7/31/2024 23:45,8.8,15.3
1573,8/1/2024 0:00,9.22,15.3
1574,8/1/2024 0:15,9.11,15.58
1575,8/1/2024 0:30,8.55,15.22
1576,8/1/2024 0:45,8.45,15.08
1577,8/1/2024 1:00,8.07,14.98
1578,8/1/2024 1:15,9.29,15.18
1579,8/1/2024 1:30,9.82,15.2
1580,8/1/2024 1:45,9.9,15.3
1581,8/1/2024 2:00,9.7,15.34
1582,8/1/2024 2:15,9.88,15.42
1583,8/1/2024 2:30,9.98,15.26
1584,8/1/2024 2:45,9.86,15.24
1585,8/1/2024 3:00,9.69,15.32
1586,8/1/2024 3:15,9.43,15.3
1587,8/1/2024 3:30,9.43,15.12
1588,8/1/2024 3:45,8.84,15.04
1589,8/1/2024 4:00,8.24,15
1590,8/1/2024 4:15,8.37,15.02
1591,8/1/2024 4:30,8.44,15
1592,8/1/2024 4:45,9.02,15.02
1593,8/1/2024 5:00,9.12,15.04
1594,8/1/2024 5:15,9.23,14.9
1595,8/1/2024 5:30,9.05,14.88
1596,8/1/2024 5:45,9.16,14.64
1597,8/1/2024 6:00,9.87,15.22
1598,8/1/2024 6:15,10.03,15.54
1599,8/1/2024 6:30,10.09,15.72
1600,8/1/2024 6:45,9.68,15.44
1601,8/1/2024 7:00,9.83,15.54
1602,8/1/2024 7:15,9.77,15.4
1603,8/1/2024 7:30,9.73,15.36
1604,8/1/2024 7:45,8.88,15.32
1605,8/1/2024 8:00,9.12,15.42
1606,8/1/2024 8:15,9.16,15.24
1607,8/1/2024 8:30,9.25,15.28
1608,8/1/2024 8:45,9.32,15.36
1609,8/1/2024 9:00,9.85,15.68
1610,8/1/2024 9:15,9.82,15.88
1611,8/1/2024 9:30,9.79,15.86
1612,8/1/2024 9:45,9.56,15.86
1613,8/1/2024 10:00,9.33,15.84
1614,8/1/2024 10:15,9.44,15.8
1615,8/1/2024 10:30,9.32,15.78
1616,8/1/2024 10:45,9.34,15.72
1617,8/1/2024 11:00,9.02,15.6
1618,8/1/2024 11:15,8.78,15.68
1619,8/1/2024 11:30,9.66,15.68
1620,8/1/2024 11:45,9.86,15.54
1621,8/1/2024 12:00,10.1,15.48
1622,8/1/2024 12:15,9.08,15.46
1623,8/1/2024 12:30,9.92,15.18
1624,8/1/2024 12:45,9.88,15.22
1625,8/1/2024 13:00,9,15.1
1626,8/1/2024 13:15,9.22,15.1
1627,8/1/2024 13:30,9.58,14.92
1628,8/1/2024 13:45,9.18,14.94
1629,8/1/2024 14:00,8.82,14.66
1630,8/1/2024 14:15,9.05,14.98
1631,8/1/2024 14:30,8.7,14.98
1632,8/1/2024 14:45,9.17,14.58
1633,8/1/2024 15:00,9.28,14.9
1634,8/1/2024 15:15,8.91,14.24
1635,8/1/2024 15:30,8.67,14.68
1636,8/1/2024 15:45,9.01,14.72
1637,8/1/2024 16:00,7.97,14.32
1638,8/1/2024 16:15,8.49,14.12
1639,8/1/2024 16:30,8.49,14.64
1640,8/1/2024 16:45,8.24,14.58
1641,8/1/2024 17:00,9.14,14.3
1642,8/1/2024 17:15,9.47,14.62
1643,8/1/2024 17:30,9.42,14.68
1644,8/1/2024 17:45,9.47,14.44
1645,8/1/2024 18:00,9.46,14.56
1646,8/1/2024 18:15,9.46,14.28
1647,8/1/2024 18:30,9.62,14.56
1648,8/1/2024 18:45,9.32,14.76
1649,8/1/2024 19:00,9.58,14.78
1650,8/1/2024 19:15,9.24,15.42
1651,8/1/2024 19:30,8.57,15.5
1652,8/1/2024 19:45,8.06,15.08
1653,8/1/2024 20:00,8.51,14.8
1654,8/1/2024 20:15,9.03,14.7
1655,8/1/2024 20:30,9.35,14.82
1656,8/1/2024 20:45,9.62,14.9
1657,8/1/2024 21:00,9.42,14.84
1658,8/1/2024 21:15,9.38,14.7
1659,8/1/2024 21:30,9.35,14.84
1660,8/1/2024 21:45,9.19,14.92
1661,8/1/2024 22:00,9.09,14.96
1662,8/1/2024 22:15,8.46,14.96
1663,8/1/2024 22:30,8.47,15.24
1664,8/1/2024 22:45,8.72,15.34
1665,8/1/2024 23:00,7.41,15.24
1666,8/1/2024 23:15,8.67,15.3
1667,8/1/2024 23:30,8.46,15.28
1668,8/1/2024 23:45,7.42,15.24
1669,8/2/2024 0:00,7.76,15.16
1670,8/2/2024 0:15,7.35,15.12
1671,8/2/2024 0:30,6.29,15.12
1672,8/2/2024 0:45,5.9,15.12
1673,8/2/2024 1:00,6.36,15.14
1674,8/2/2024 1:15,9.27,15.14
1675,8/2/2024 1:30,9.73,15.16
1676,8/2/2024 1:45,10,15.18
1677,8/2/2024 2:00,9.75,15.18
1678,8/2/2024 2:15,10.02,15.18
1679,8/2/2024 2:30,9.98,15.18
1680,8/2/2024 2:45,9.88,15.2
1681,8/2/2024 3:00,10,15.18
1682,8/2/2024 3:15,9.7,15.16
1683,8/2/2024 3:30,9.64,15.06
1684,8/2/2024 3:45,9.52,15.06
1685,8/2/2024 4:00,9.29,14.76
1686,8/2/2024 4:15,9.42,14.8
1687,8/2/2024 4:30,9.31,14.78
1688,8/2/2024 4:45,9.13,14.68
1689,8/2/2024 5:00,8.77,14.6
1690,8/2/2024 5:15,9.04,14.52
1691,8/2/2024 5:30,9.15,14.4
1692,8/2/2024 5:45,9.25,14.36
1693,8/2/2024 6:00,9.08,14.32
1694,8/2/2024 6:15,8.22,14.34
1695,8/2/2024 6:30,7.61,14.4
1696,8/2/2024 6:45,9.24,14.24
1697,8/2/2024 7:00,9.32,14.36
1698,8/2/2024 7:15,9.31,14.52
1699,8/2/2024 7:30,9.38,14.62
1700,8/2/2024 7:45,9.27,14.76
1701,8/2/2024 8:00,9.16,14.64
1702,8/2/2024 8:15,9.56,14.68
1703,8/2/2024 8:30,9.6,14.82
1704,8/2/2024 8:45,9.32,14.8
1705,8/2/2024 9:00,9.31,14.8
1706,8/2/2024 9:15,8.33,14.7
1707,8/2/2024 9:30,8.04,14.66
1708,8/2/2024 9:45,7.07,14.68
1709,8/2/2024 10:00,7.68,14.7
1710,8/2/2024 10:15,8.32,14.7
1711,8/2/2024 10:30,8.2,14.7
1712,8/2/2024 10:45,7.93,14.8
1713,8/2/2024 11:00,8.29,14.92
1714,8/2/2024 11:15,7.34,14.98
1715,8/2/2024 11:30,7.32,15
1716,8/2/2024 11:45,7.76,15.06
1717,8/2/2024 12:00,9.11,15.08
1718,8/2/2024 12:15,9.63,15
1719,8/2/2024 12:30,9.58,14.92
1720,8/2/2024 12:45,8.7,15.08
1721,8/2/2024 13:00,8.87,14.98
1722,8/2/2024 13:15,8.92,14.66
1723,8/2/2024 13:30,8.97,14.16
1724,8/2/2024 13:45,8.53,14.36
1725,8/2/2024 14:00,8.41,14.26
1726,8/2/2024 14:15,8.68,14.6
1727,8/2/2024 14:30,8.07,14.24
1728,8/2/2024 14:45,8.9,14.04
1729,8/2/2024 15:00,8.24,14.06
1730,8/2/2024 15:15,8.66,14.2
1731,8/2/2024 15:30,9.12,14.38
1732,8/2/2024 15:45,8.64,14.56
1733,8/2/2024 16:00,9.11,14.74
1734,8/2/2024 16:15,8.1,14.56
1735,8/2/2024 16:30,8.5,14.58
1736,8/2/2024 16:45,8.06,14.24
1737,8/2/2024 17:00,7.39,14.3
1738,8/2/2024 17:15,9.14,14.14
1739,8/2/2024 17:30,8.96,14.32
1740,8/2/2024 17:45,8.75,14.58
1741,8/2/2024 18:00,7.01,14.44
1742,8/2/2024 18:15,9.09,14.32
1743,8/2/2024 18:30,8.83,14.26
1744,8/2/2024 18:45,9.13,14
1745,8/2/2024 19:00,8.95,13.9
1746,8/2/2024 19:15,8.73,13.74
1747,8/2/2024 19:30,8.65,13.62
1748,8/2/2024 19:45,8.06,13.76
1749,8/2/2024 20:00,7.34,13.78
1750,8/2/2024 20:15,7.38,13.64
1751,8/2/2024 20:30,7.28,13.54
1752,8/2/2024 20:45,6.81,13.5
1753,8/2/2024 21:00,7.18,13.42
1754,8/2/2024 21:15,6.94,13.4
1755,8/2/2024 21:30,8.41,13.28
1756,8/2/2024 21:45,8.24,13.34
1757,8/2/2024 22:00,7.86,13.3
1758,8/2/2024 22:15,6.47,13.32
1759,8/2/2024 22:30,6.74,13.34
1760,8/2/2024 22:45,5.9,13.3
1761,8/2/2024 23:00,5.71,13.32
1762,8/2/2024 23:15,6.84,13.28
1763,8/2/2024 23:30,5.56,13.28
1764,8/2/2024 23:45,6.4,13.26
1765,8/3/2024 0:00,6.68,13.26
1766,8/3/2024 0:15,7.11,13.4
1767,8/3/2024 0:30,6.9,13.44
1768,8/3/2024 0:45,6.37,13.42
1769,8/3/2024 1:00,7.02,13.44
1770,8/3/2024 1:15,7.52,13.44
1771,8/3/2024 1:30,7.66,13.48
1772,8/3/2024 1:45,8.47,13.52
1773,8/3/2024 2:00,8.72,13.62
1774,8/3/2024 2:15,9.46,14.02
1775,8/3/2024 2:30,9.37,14.06
1776,8/3/2024 2:45,9.35,14.04
1777,8/3/2024 3:00,9.22,13.96
1778,8/3/2024 3:15,9.41,13.94
1779,8/3/2024 3:30,9.21,13.86
1780,8/3/2024 3:45,9.34,13.92
1781,8/3/2024 4:00,9.45,14.06
1782,8/3/2024 4:15,9.27,14.16
1783,8/3/2024 4:30,9.06,14.18
1784,8/3/2024 4:45,9.25,14.14
1785,8/3/2024 5:00,8.76,14.02
1786,8/3/2024 5:15,8.31,13.92
1787,8/3/2024 5:30,7.64,13.92
1788,8/3/2024 5:45,8.13,13.84
1789,8/3/2024 6:00,7.65,13.76
1790,8/3/2024 6:15,6.51,13.74
1791,8/3/2024 6:30,7.21,13.66
1792,8/3/2024 6:45,8.35,13.56
1793,8/3/2024 7:00,8.39,13.52
1794,8/3/2024 7:15,8.25,13.52
1795,8/3/2024 7:30,8.23,13.56
1796,8/3/2024 7:45,7.85,13.5
1797,8/3/2024 8:00,8.45,13.54
1798,8/3/2024 8:15,8.7,13.7
1799,8/3/2024 8:30,8.55,13.84
1800,8/3/2024 8:45,8.83,13.86
1801,8/3/2024 9:00,8.92,13.88
1802,8/3/2024 9:15,8.76,13.86
1803,8/3/2024 9:30,8.39,13.82
1804,8/3/2024 9:45,8.25,13.78
1805,8/3/2024 10:00,8.43,13.76
1806,8/3/2024 10:15,7.84,13.84
1807,8/3/2024 10:30,7.04,13.82
1808,8/3/2024 10:45,6.97,13.86
1809,8/3/2024 11:00,7.71,13.8
1810,8/3/2024 11:15,7.9,13.88
1811,8/3/2024 11:30,8.03,14.16
1812,8/3/2024 11:45,7.95,14.3
1813,8/3/2024 12:00,6.88,14.48
1814,8/3/2024 12:15,7.09,14.86
1815,8/3/2024 12:30,7.21,14.82
1816,8/3/2024 12:45,8.94,14.62
1817,8/3/2024 13:00,9.22,14.6
1818,8/3/2024 13:15,9.15,14.4
1819,8/3/2024 13:30,9.14,14.36
1820,8/3/2024 13:45,8.29,14.5
1821,8/3/2024 14:00,7.53,14.58
1822,8/3/2024 14:15,7.42,14.6
1823,8/3/2024 14:30,6.88,14.34
1824,8/3/2024 14:45,6.92,14.24
1825,8/3/2024 15:00,7.45,14.08
1826,8/3/2024 15:15,7.78,14
1827,8/3/2024 15:30,8.24,14
1828,8/3/2024 15:45,8.07,14.12
1829,8/3/2024 16:00,8,14.18
1830,8/3/2024 16:15,7.89,14.22
1831,8/3/2024 16:30,7.92,14.34
1832,8/3/2024 16:45,6.92,14.1
1833,8/3/2024 17:00,7.33,14.32
1834,8/3/2024 17:15,8.77,14.12
1835,8/3/2024 17:30,8.86,14.18
1836,8/3/2024 17:45,8.56,14.2
1837,8/3/2024 18:00,9.05,14.2
1838,8/3/2024 18:15,9.03,14.16
1839,8/3/2024 18:30,8.95,14.18
1840,8/3/2024 18:45,8.62,14
1841,8/3/2024 19:00,8.76,13.92
1842,8/3/2024 19:15,9.12,13.96
1843,8/3/2024 19:30,9.21,13.92
1844,8/3/2024 19:45,8.91,13.64
1845,8/3/2024 20:00,8.77,13.4
1846,8/3/2024 20:15,8.51,13.38
1847,8/3/2024 20:30,8.57,13.32
1848,8/3/2024 20:45,7.89,13.5
1849,8/3/2024 21:00,6.8,13.54
1850,8/3/2024 21:15,7.54,13.46
1851,8/3/2024 21:30,6.88,13.38
1852,8/3/2024 21:45,7,13.36
1853,8/3/2024 22:00,6.62,13.34
1854,8/3/2024 22:15,7.46,13.28
1855,8/3/2024 22:30,8.26,13.26
1856,8/3/2024 22:45,8.24,13.18
1857,8/3/2024 23:00,8.02,13.16
1858,8/3/2024 23:15,6.87,13.16
1859,8/3/2024 23:30,6.39,13.14
1860,8/3/2024 23:45,6.27,13.12
1861,8/4/2024 0:00,5.97,13.12
1862,8/4/2024 0:15,6.34,13.1
1863,8/4/2024 0:30,5.71,13.1
1864,8/4/2024 0:45,6.2,13.1
1865,8/4/2024 1:00,5.95,13.1
1866,8/4/2024 1:15,6.28,13.1
1867,8/4/2024 1:30,6.05,13.08
1868,8/4/2024 1:45,7.69,13.32
1869,8/4/2024 2:00,7.54,13.66
1870,8/4/2024 2:15,7.28,13.84
1871,8/4/2024 2:30,7.4,13.88
1872,8/4/2024 2:45,8.3,13.92
1873,8/4/2024 3:00,8,13.9
1874,8/4/2024 3:15,8.31,13.9
1875,8/4/2024 3:30,8.09,13.94
1876,8/4/2024 3:45,7.81,13.96
1877,8/4/2024 4:00,8.04,13.96
1878,8/4/2024 4:15,8.29,13.98
1879,8/4/2024 4:30,9.01,13.92
1880,8/4/2024 4:45,9.16,13.84
1881,8/4/2024 5:00,9.29,13.9
1882,8/4/2024 5:15,9.03,13.92
1883,8/4/2024 5:30,8.97,13.84
1884,8/4/2024 5:45,8.43,13.74
1885,8/4/2024 6:00,8.43,13.66
1886,8/4/2024 6:15,8.58,13.62
1887,8/4/2024 6:30,8.4,13.54
1888,8/4/2024 6:45,8.27,13.44
1889,8/4/2024 7:00,8.05,13.42
1890,8/4/2024 7:15,8.24,13.48
1891,8/4/2024 7:30,8.42,13.52
1892,8/4/2024 7:45,8.14,13.58
1893,8/4/2024 8:00,8.41,13.5
1894,8/4/2024 8:15,8.92,13.64
1895,8/4/2024 8:30,8.42,13.64
1896,8/4/2024 8:45,8.25,13.54
1897,8/4/2024 9:00,8.86,13.9
1898,8/4/2024 9:15,8.66,13.9
1899,8/4/2024 9:30,9.24,14.08
1900,8/4/2024 9:45,9.36,14.22
1901,8/4/2024 10:00,9.16,14.24
1902,8/4/2024 10:15,9.25,14.28
1903,8/4/2024 10:30,9.13,14.36
1904,8/4/2024 10:45,9.45,14.36
1905,8/4/2024 11:00,9.19,14.48
1906,8/4/2024 11:15,8.67,14.44
1907,8/4/2024 11:30,7.38,14.58
1908,8/4/2024 11:45,8.1,15.08
1909,8/4/2024 12:00,8.71,15.4
1910,8/4/2024 12:15,9.46,15.4
1911,8/4/2024 12:30,9.6,15.34
1912,8/4/2024 12:45,9.74,15.36
1913,8/4/2024 13:00,9.73,15.4
1914,8/4/2024 13:15,9.08,15.48
1915,8/4/2024 13:30,9.84,15.32
1916,8/4/2024 13:45,9.02,14.74
1917,8/4/2024 14:00,9.21,14.48
1918,8/4/2024 14:15,8.51,14.2
1919,8/4/2024 14:30,7.75,14.12
1920,8/4/2024 14:45,7.55,14.74
1921,8/4/2024 15:00,8.77,14.24
1922,8/4/2024 15:15,8.92,14.16
1923,8/4/2024 15:30,8.91,14.04
1924,8/4/2024 15:45,8.27,14.16
1925,8/4/2024 16:00,8.26,14.74
1926,8/4/2024 16:15,8.9,14.72
1927,8/4/2024 16:30,8.13,14.48
1928,8/4/2024 16:45,8.55,13.86
1929,8/4/2024 17:00,7.75,14.08
1930,8/4/2024 17:15,7.96,14.08
1931,8/4/2024 17:30,8.92,14.08
1932,8/4/2024 17:45,9.18,14.16
1933,8/4/2024 18:00,8.35,14.26
1934,8/4/2024 18:15,8.41,14.22
1935,8/4/2024 18:30,8.13,14.28
1936,8/4/2024 18:45,9.32,14.12
1937,8/4/2024 19:00,9.24,14.12
1938,8/4/2024 19:15,9.28,14.08
1939,8/4/2024 19:30,8.7,13.92
1940,8/4/2024 19:45,8.9,13.8
1941,8/4/2024 20:00,8.65,13.6
1942,8/4/2024 20:15,8.45,13.42
1943,8/4/2024 20:30,8.63,13.34
1944,8/4/2024 20:45,8.44,13.34
1945,8/4/2024 21:00,8.61,13.36
1946,8/4/2024 21:15,8.46,13.48
1947,8/4/2024 21:30,7.96,13.4
1948,8/4/2024 21:45,7.51,13.32
1949,8/4/2024 22:00,6.76,13.34
1950,8/4/2024 22:15,6.22,13.3
1951,8/4/2024 22:30,6.03,13.28
1952,8/4/2024 22:45,5.29,13.26
1953,8/4/2024 23:00,5.83,13.2
1954,8/4/2024 23:15,5.76,13.18
1955,8/4/2024 23:30,7.45,13.16
1956,8/4/2024 23:45,7.52,13.16
1957,8/5/2024 0:00,6.78,13.24
1958,8/5/2024 0:15,6.63,13.26
1959,8/5/2024 0:30,6.97,13.6
1960,8/5/2024 0:45,6.76,13.66
1961,8/5/2024 1:00,6.25,13.68
1962,8/5/2024 1:15,7.7,13.68
1963,8/5/2024 1:30,8.57,14.02
1964,8/5/2024 1:45,8.11,14.28
1965,8/5/2024 2:00,7.09,14.32
1966,8/5/2024 2:15,7.14,14.3
1967,8/5/2024 2:30,7.22,14.26
1968,8/5/2024 2:45,7.6,14.24
1969,8/5/2024 3:00,7.32,14.26
1970,8/5/2024 3:15,7.7,14.3
1971,8/5/2024 3:30,7.74,14.3
1972,8/5/2024 3:45,7.41,14.24
1973,8/5/2024 4:00,6.73,14.1
1974,8/5/2024 4:15,8.42,14.18
1975,8/5/2024 4:30,8.62,14.24
1976,8/5/2024 4:45,7.46,14.26
1977,8/5/2024 5:00,6.79,14.24
1978,8/5/2024 5:15,7.01,14.26
1979,8/5/2024 5:30,9.15,14.3
1980,8/5/2024 5:45,9.19,14.38
1981,8/5/2024 6:00,9.13,14.26
1982,8/5/2024 6:15,9.01,14.22
1983,8/5/2024 6:30,8.92,14.12
1984,8/5/2024 6:45,8.33,14
1985,8/5/2024 7:00,8.47,13.94
1986,8/5/2024 7:15,8.52,13.84
1987,8/5/2024 7:30,8.54,13.92
1988,8/5/2024 7:45,8.58,13.88
1989,8/5/2024 8:00,8.41,14
1990,8/5/2024 8:15,8.67,14.14
1991,8/5/2024 8:30,9.16,14.2
1992,8/5/2024 8:45,9.16,14.24
1993,8/5/2024 9:00,9.31,14.42
1994,8/5/2024 9:15,9.18,14.48
1995,8/5/2024 9:30,9.29,14.56
1996,8/5/2024 9:45,9.44,14.68
1997,8/5/2024 10:00,9.72,14.82
1998,8/5/2024 10:15,9.39,14.92
1999,8/5/2024 10:30,9.33,14.74
2000,8/5/2024 10:45,9.27,14.7
2001,8/5/2024 11:00,9.13,14.78
2002,8/5/2024 11:15,7.38,14.78
2003,8/5/2024 11:30,7.94,14.74
2004,8/5/2024 11:45,8.73,15.18
2005,8/5/2024 12:00,7.92,15.56
2006,8/5/2024 12:15,8.15,15.86
2007,8/5/2024 12:30,8.97,15.98
2008,8/5/2024 12:45,8.07,16.02
2009,8/5/2024 13:00,9.11,16.06
2010,8/5/2024 13:15,9.06,16.06
2011,8/5/2024 13:30,7.94,16.04
2012,8/5/2024 13:45,8.19,16
2013,8/5/2024 14:00,8.81,15.96
2014,8/5/2024 14:15,9.74,15.74
2015,8/5/2024 14:30,10.06,15.9
2016,8/5/2024 14:45,9.65,15.78
2017,8/5/2024 15:00,7.23,15.98
2018,8/5/2024 15:15,8.32,15.9
2019,8/5/2024 15:30,7.1,15.7
2020,8/5/2024 15:45,8.75,15
2021,8/5/2024 16:00,8.85,14.88
2022,8/5/2024 16:15,9.17,15
2023,8/5/2024 16:30,7.62,15.12
2024,8/5/2024 16:45,6.74,14.76
2025,8/5/2024 17:00,7.14,14.62
2026,8/5/2024 17:15,8.12,14.56
2027,8/5/2024 17:30,9.49,14.82
2028,8/5/2024 17:45,7.9,15.08
2029,8/5/2024 18:00,8,15.06
2030,8/5/2024 18:15,9.16,14.88
2031,8/5/2024 18:30,7.32,15.12
2032,8/5/2024 18:45,7.44,15.16
2033,8/5/2024 19:00,7.14,15.08
2034,8/5/2024 19:15,8.68,14.7
2035,8/5/2024 19:30,8.16,14.76
2036,8/5/2024 19:45,9.36,14.82
2037,8/5/2024 20:00,9.24,14.92
2038,8/5/2024 20:15,9.14,14.86
2039,8/5/2024 20:30,8.96,14.68
2040,8/5/2024 20:45,8.12,14.78
2041,8/5/2024 21:00,8.35,14.86
2042,8/5/2024 21:15,7.78,14.78
2043,8/5/2024 21:30,7.55,14.4
2044,8/5/2024 21:45,6.81,14.08
2045,8/5/2024 22:00,6.6,14.04
2046,8/5/2024 22:15,8.25,14.48
2047,8/5/2024 22:30,7.62,14.76
2048,8/5/2024 22:45,6.67,14.78
2049,8/5/2024 23:00,6.09,14.76
2050,8/5/2024 23:15,5.45,14.7
2051,8/5/2024 23:30,6.71,14.32
2052,8/5/2024 23:45,5.04,14.48
2053,8/6/2024 0:00,5.27,14.26
2054,8/6/2024 0:15,4.29,14.24
2055,8/6/2024 0:30,5.07,13.84
2056,8/6/2024 0:45,5.07,13.8
2057,8/6/2024 1:00,3.78,13.68
2058,8/6/2024 1:15,4.14,13.58
2059,8/6/2024 1:30,5.16,13.64
2060,8/6/2024 1:45,4.56,13.7
2061,8/6/2024 2:00,6.11,13.66
2062,8/6/2024 2:15,6.38,13.66
2063,8/6/2024 2:30,6.03,13.82
2064,8/6/2024 2:45,5.4,14.3
2065,8/6/2024 3:00,5.71,14.3
2066,8/6/2024 3:15,5.42,14.5
2067,8/6/2024 3:30,7.32,14.4
2068,8/6/2024 3:45,7.62,14.34
2069,8/6/2024 4:00,7.42,14.2
2070,8/6/2024 4:15,7.05,14.16
2071,8/6/2024 4:30,5.17,14.28
2072,8/6/2024 4:45,4.87,14.22
2073,8/6/2024 5:00,5.61,14.08
2074,8/6/2024 5:15,7.55,14.56
2075,8/6/2024 5:30,8.26,14.92
2076,8/6/2024 5:45,7.96,14.82
2077,8/6/2024 6:00,8.13,14.6
2078,8/6/2024 6:15,7.85,14.5
2079,8/6/2024 6:30,7.93,14.44
2080,8/6/2024 6:45,8.9,14.6
2081,8/6/2024 7:00,8.63,14.44
2082,8/6/2024 7:15,8.25,14.32
2083,8/6/2024 7:30,8.33,14.2
2084,8/6/2024 7:45,8.1,14.22
2085,8/6/2024 8:00,8.34,14.12
2086,8/6/2024 8:15,8.55,14.18
2087,8/6/2024 8:30,8.58,14.08
2088,8/6/2024 8:45,8.49,14.18
2089,8/6/2024 9:00,8.54,14.32
2090,8/6/2024 9:15,8.52,14.38
2091,8/6/2024 9:30,8.68,14.52
2092,8/6/2024 9:45,8.65,14.54
2093,8/6/2024 10:00,8.42,14.94
2094,8/6/2024 10:15,8.76,14.96
2095,8/6/2024 10:30,8.61,15.06
2096,8/6/2024 10:45,8.53,14.76
2097,8/6/2024 11:00,9.17,14.96
2098,8/6/2024 11:15,9,14.9
2099,8/6/2024 11:30,9.18,15
2100,8/6/2024 11:45,8.9,14.96
2101,8/6/2024 12:00,7.3,14.96
2102,8/6/2024 12:15,8.02,14.9
2103,8/6/2024 12:30,7.46,14.94
2104,8/6/2024 12:45,9.29,15.42
2105,8/6/2024 13:00,8.11,15.72
2106,8/6/2024 13:15,8.51,15.96
2107,8/6/2024 13:30,8.57,16
2108,8/6/2024 13:45,9.18,15.94
2109,8/6/2024 14:00,7.45,15.94
2110,8/6/2024 14:15,8.31,15.92
2111,8/6/2024 14:30,7.49,16.06
2112,8/6/2024 14:45,9.78,16.06
2113,8/6/2024 15:00,9.53,16.08
2114,8/6/2024 15:15,10.08,16.06
2115,8/6/2024 15:30,9.22,15.86
2116,8/6/2024 15:45,7.61,15.86
2117,8/6/2024 16:00,7.3,15.9
2118,8/6/2024 16:15,8.19,15.36
2119,8/6/2024 16:30,8,15.04
2120,8/6/2024 16:45,8.77,14.94
2121,8/6/2024 17:00,8.7,15.14
2122,8/6/2024 17:15,6.91,15.36
2123,8/6/2024 17:30,9.56,15.18
2124,8/6/2024 17:45,6.51,15.4
2125,8/6/2024 18:00,8.72,15.4
2126,8/6/2024 18:15,10.08,15.24
2127,8/6/2024 18:30,9.97,15.38
2128,8/6/2024 18:45,9.68,15.46
2129,8/6/2024 19:00,9.67,14.98
2130,8/6/2024 19:15,9.11,14.84
2131,8/6/2024 19:30,8.39,14.54
2132,8/6/2024 19:45,8.17,14.24
2133,8/6/2024 20:00,8.02,14.16
2134,8/6/2024 20:15,8.37,14.28
2135,8/6/2024 20:30,8.37,14.48
2136,8/6/2024 20:45,7.55,14.64
2137,8/6/2024 21:00,8.02,14.6
2138,8/6/2024 21:15,8.47,14.52
2139,8/6/2024 21:30,7.44,14.38
2140,8/6/2024 21:45,7.35,14.32
2141,8/6/2024 22:00,7.3,14.04
2142,8/6/2024 22:15,6.59,13.92
2143,8/6/2024 22:30,5.79,13.76
2144,8/6/2024 22:45,7.24,13.36
2145,8/6/2024 23:00,6.58,13.18
2146,8/6/2024 23:15,7.85,13.66
2147,8/6/2024 23:30,7.63,13.96
2148,8/6/2024 23:45,6.99,14
2149,8/7/2024 0:00,6.29,13.98
2150,8/7/2024 0:15,6.92,13.82
2151,8/7/2024 0:30,5.92,13.84
2152,8/7/2024 0:45,6.12,13.84
2153,8/7/2024 1:00,6.07,13.52
2154,8/7/2024 1:15,6.94,13.64
2155,8/7/2024 1:30,6.15,13.72
2156,8/7/2024 1:45,5.32,13.86
2157,8/7/2024 2:00,5.71,13.58
2158,8/7/2024 2:15,5.65,13.64
2159,8/7/2024 2:30,6.9,13.86
2160,8/7/2024 2:45,8.61,14.56
2161,8/7/2024 3:00,8.26,15.1
2162,8/7/2024 3:15,7.46,15.28
2163,8/7/2024 3:30,6.67,15.3
2164,8/7/2024 3:45,6.91,15.28
2165,8/7/2024 4:00,9.16,15.2
2166,8/7/2024 4:15,9.26,15.1
2167,8/7/2024 4:30,9.15,14.96
2168,8/7/2024 4:45,9.17,14.96
2169,8/7/2024 5:00,9.19,14.94
2170,8/7/2024 5:15,8.52,14.9
2171,8/7/2024 5:30,8.22,14.94
2172,8/7/2024 5:45,9.69,15.08
2173,8/7/2024 6:00,9.31,15.02
2174,8/7/2024 6:15,9.39,15.02
2175,8/7/2024 6:30,9,14.78
2176,8/7/2024 6:45,8.52,14.7
2177,8/7/2024 7:00,8.32,14.6
2178,8/7/2024 7:15,8.02,14.44
2179,8/7/2024 7:30,7.62,14.48
2180,8/7/2024 7:45,8.21,14.42
2181,8/7/2024 8:00,7.74,14.32
2182,8/7/2024 8:15,7.84,14.16
2183,8/7/2024 8:30,6.4,14.22
2184,8/7/2024 8:45,8.14,14.3
2185,8/7/2024 9:00,7.25,14.1
2186,8/7/2024 9:15,7.81,13.94
2187,8/7/2024 9:30,7.85,13.98
2188,8/7/2024 9:45,7.54,13.84
2189,8/7/2024 10:00,5.66,13.92
2190,8/7/2024 10:15,9.38,14.24
2191,8/7/2024 10:30,9.37,14.46
2192,8/7/2024 10:45,9.32,14.44
2193,8/7/2024 11:00,9.16,14.38
2194,8/7/2024 11:15,9.29,14.46
2195,8/7/2024 11:30,9.01,14.46
2196,8/7/2024 11:45,9.62,14.42
2197,8/7/2024 12:00,9.39,14.48
2198,8/7/2024 12:15,8.34,14.44
2199,8/7/2024 12:30,6.46,14.46
2200,8/7/2024 12:45,6.43,14.52
2201,8/7/2024 13:00,7.09,14.48
2202,8/7/2024 13:15,6.85,14.46
2203,8/7/2024 13:30,7.61,14.56
2204,8/7/2024 13:45,8.21,14.6
2205,8/7/2024 14:00,8.22,14.62
2206,8/7/2024 14:15,6.97,15.04
2207,8/7/2024 14:30,6.83,15.12
2208,8/7/2024 14:45,7.1,14.98
2209,8/7/2024 15:00,6.89,15.34
2210,8/7/2024 15:15,9.28,15.32
2211,8/7/2024 15:30,10.07,15.02
2212,8/7/2024 15:45,9.93,14.96
2213,8/7/2024 16:00,10.08,15.06
2214,8/7/2024 16:15,10.04,15.14
2215,8/7/2024 16:30,9.07,15.22
2216,8/7/2024 16:45,7.42,15.44
2217,8/7/2024 17:00,6.62,14.82
2218,8/7/2024 17:15,7.05,14.36
2219,8/7/2024 17:30,9.24,14.54
2220,8/7/2024 17:45,7.78,14.9
2221,8/7/2024 18:00,6.85,15.04
2222,8/7/2024 18:15,6.72,14.92
2223,8/7/2024 18:30,6.9,14.92
2224,8/7/2024 18:45,7.84,14.88
2225,8/7/2024 19:00,6.79,15.08
2226,8/7/2024 19:15,7.83,15
2227,8/7/2024 19:30,8.26,15.2
2228,8/7/2024 19:45,9.22,14.96
2229,8/7/2024 20:00,8.44,14.58
2230,8/7/2024 20:15,8.75,14.82
2231,8/7/2024 20:30,9.18,14.86
2232,8/7/2024 20:45,9.76,14.8
2233,8/7/2024 21:00,9.64,14.68
2234,8/7/2024 21:15,9.46,14.6
2235,8/7/2024 21:30,9.14,14.7
2236,8/7/2024 21:45,9.11,14.32
2237,8/7/2024 22:00,9.14,13.9
2238,8/7/2024 22:15,8.91,13.9
2239,8/7/2024 22:30,8.91,13.92
2240,8/7/2024 22:45,8.68,13.94
2241,8/7/2024 23:00,8.72,13.76
2242,8/7/2024 23:15,8.36,14.12
2243,8/7/2024 23:30,8.64,14.12
2244,8/7/2024 23:45,8.57,14.22
2245,8/8/2024 0:00,8.31,14.24
2246,8/8/2024 0:15,7.7,14.2
2247,8/8/2024 0:30,7.14,14.1
2248,8/8/2024 0:45,6.33,14.14
2249,8/8/2024 1:00,6.29,14.16
2250,8/8/2024 1:15,5.71,14.36
2251,8/8/2024 1:30,5.52,14.66
2252,8/8/2024 1:45,5.75,14.58
2253,8/8/2024 2:00,7.31,14.42
2254,8/8/2024 2:15,6.3,14.46
2255,8/8/2024 2:30,4.65,14.38
2256,8/8/2024 2:45,5.82,14.38
2257,8/8/2024 3:00,5.76,14.36
2258,8/8/2024 3:15,5.51,14.36
2259,8/8/2024 3:30,6.13,14.34
2260,8/8/2024 3:45,5.61,14.32
2261,8/8/2024 4:00,6.6,14.3
2262,8/8/2024 4:15,5.32,14.3
2263,8/8/2024 4:30,8.1,14.28
2264,8/8/2024 4:45,5.61,14.28
2265,8/8/2024 5:00,5.57,14.24
2266,8/8/2024 5:15,4.43,14.24
2267,8/8/2024 5:30,4.13,14.24
2268,8/8/2024 5:45,5.66,14.2
2269,8/8/2024 6:00,4.89,14.1
2270,8/8/2024 6:15,5.25,14.08
2271,8/8/2024 6:30,8.29,14.08
2272,8/8/2024 6:45,8.77,14.14
2273,8/8/2024 7:00,8.91,14.14
2274,8/8/2024 7:15,8.7,14.14
2275,8/8/2024 7:30,8.54,14
2276,8/8/2024 7:45,8.55,13.94
2277,8/8/2024 8:00,8.31,13.94
2278,8/8/2024 8:15,7.99,13.92
2279,8/8/2024 8:30,6.82,14.04
2280,8/8/2024 8:45,6.93,14.06
2281,8/8/2024 9:00,7.59,13.84
2282,8/8/2024 9:15,6.84,13.88
2283,8/8/2024 9:30,6.31,14.02
2284,8/8/2024 9:45,6.13,13.92
2285,8/8/2024 10:00,7.35,13.94
2286,8/8/2024 10:15,7.11,13.72
2287,8/8/2024 10:30,6.81,13.82
2288,8/8/2024 10:45,7.7,13.54
2289,8/8/2024 11:00,8.02,13.48
2290,8/8/2024 11:15,7.64,13.6
2291,8/8/2024 11:30,7.17,13.82
2292,8/8/2024 11:45,8.43,13.96
2293,8/8/2024 12:00,6.62,14.04
2294,8/8/2024 12:15,7.11,13.96
2295,8/8/2024 12:30,7.68,13.98
2296,8/8/2024 12:45,7.86,13.96
2297,8/8/2024 13:00,8.27,14.04
2298,8/8/2024 13:15,7.76,14.06
2299,8/8/2024 13:30,7.65,14.22
2300,8/8/2024 13:45,7.78,14.5
2301,8/8/2024 14:00,7.44,14.76
2302,8/8/2024 14:15,8.1,14.82
2303,8/8/2024 14:30,8.09,14.82
2304,8/8/2024 14:45,7.92,14.78
2305,8/8/2024 15:00,8.14,14.76
2306,8/8/2024 15:15,8.25,14.84
2307,8/8/2024 15:30,7.91,14.8
2308,8/8/2024 15:45,7.95,14.78
2309,8/8/2024 16:00,9.34,14.48
2310,8/8/2024 16:15,9.33,14.54
2311,8/8/2024 16:30,9.55,14.58
2312,8/8/2024 16:45,9.62,14.54
2313,8/8/2024 17:00,9.08,14.48
2314,8/8/2024 17:15,9.13,14.2
2315,8/8/2024 17:30,7.95,14.2
2316,8/8/2024 17:45,7.27,14.4
2317,8/8/2024 18:00,7.35,14.32
2318,8/8/2024 18:15,8.27,13.86
2319,8/8/2024 18:30,8.4,13.86
2320,8/8/2024 18:45,7.66,13.82
2321,8/8/2024 19:00,7.18,13.98
2322,8/8/2024 19:15,8.34,13.84
2323,8/8/2024 19:30,7.05,13.88
2324,8/8/2024 19:45,6.26,13.88
2325,8/8/2024 20:00,6.79,13.86
2326,8/8/2024 20:15,6.71,13.82
2327,8/8/2024 20:30,6.18,13.78
2328,8/8/2024 20:45,6.54,13.7
2329,8/8/2024 21:00,6.4,13.74
2330,8/8/2024 21:15,6.78,13.74
2331,8/8/2024 21:30,8.61,13.72
2332,8/8/2024 21:45,8.91,13.74
2333,8/8/2024 22:00,8.44,13.5
2334,8/8/2024 22:15,8.07,12.9
2335,8/8/2024 22:30,8.66,13.14
2336,8/8/2024 22:45,8.57,13.36
2337,8/8/2024 23:00,8.33,13.36
2338,8/8/2024 23:15,9.35,13.88
2339,8/8/2024 23:30,9.24,14.12
2340,8/8/2024 23:45,8.91,14.04
2341,8/9/2024 0:00,8.7,14.02
2342,8/9/2024 0:15,8.95,14.22
2343,8/9/2024 0:30,8.75,14.28
2344,8/9/2024 0:45,7.3,14.28
2345,8/9/2024 1:00,6.53,14.3
2346,8/9/2024 1:15,5.8,14.3
2347,8/9/2024 1:30,4.01,14.2
2348,8/9/2024 1:45,4.97,14.18
2349,8/9/2024 2:00,5.44,14.16
2350,8/9/2024 2:15,7.73,14.08
2351,8/9/2024 2:30,5.48,13.64
2352,8/9/2024 2:45,5.08,13.46
2353,8/9/2024 3:00,4.79,13.48
2354,8/9/2024 3:15,6.16,13.5
2355,8/9/2024 3:30,6.18,13.48
2356,8/9/2024 3:45,6.49,13.52
2357,8/9/2024 4:00,6.47,13.56
2358,8/9/2024 4:15,5.79,13.62
2359,8/9/2024 4:30,5.7,13.56
2360,8/9/2024 4:45,3.79,13.6
2361,8/9/2024 5:00,4.2,13.6
2362,8/9/2024 5:15,7.17,13.76
2363,8/9/2024 5:30,7.73,13.8
2364,8/9/2024 5:45,7.75,13.84
2365,8/9/2024 6:00,8.06,13.66
2366,8/9/2024 6:15,8.09,13.64
2367,8/9/2024 6:30,7.78,13.7
2368,8/9/2024 6:45,6.74,13.76
2369,8/9/2024 7:00,5.21,13.76
2370,8/9/2024 7:15,7.52,13.82
2371,8/9/2024 7:30,7.94,13.76
2372,8/9/2024 7:45,5.72,13.74
2373,8/9/2024 8:00,6.23,13.74
2374,8/9/2024 8:15,5.38,13.74
2375,8/9/2024 8:30,6.72,13.72
2376,8/9/2024 8:45,4.76,13.72
2377,8/9/2024 9:00,5.78,13.72
2378,8/9/2024 9:15,5.42,13.78
2379,8/9/2024 9:30,6.62,13.84
2380,8/9/2024 9:45,6.61,13.82
2381,8/9/2024 10:00,4.81,13.84
2382,8/9/2024 10:15,7.59,13.76
2383,8/9/2024 10:30,6.29,13.8
2384,8/9/2024 10:45,6.67,13.86
2385,8/9/2024 11:00,6.37,13.9
2386,8/9/2024 11:15,6.41,13.74
2387,8/9/2024 11:30,5.88,13.8
2388,8/9/2024 11:45,6.82,13.84
2389,8/9/2024 12:00,6.27,13.7
2390,8/9/2024 12:15,7.18,13.82
2391,8/9/2024 12:30,7.68,13.94
2392,8/9/2024 12:45,6.77,13.94
2393,8/9/2024 13:00,6.73,13.94
2394,8/9/2024 13:15,6.71,14.04
2395,8/9/2024 13:30,7.17,14.06
2396,8/9/2024 13:45,7.49,14.28
2397,8/9/2024 14:00,5.56,14.36
2398,8/9/2024 14:15,7.96,14.36
2399,8/9/2024 14:30,8.42,14.34
2400,8/9/2024 14:45,8.13,15.2
2401,8/9/2024 15:00,9.48,15.22
2402,8/9/2024 15:15,8.76,15.18
2403,8/9/2024 15:30,8.56,14.96
2404,8/9/2024 15:45,8.22,14.7
2405,8/9/2024 16:00,9.05,14.42
2406,8/9/2024 16:15,9.67,14.34
2407,8/9/2024 16:30,9.52,14.08
2408,8/9/2024 16:45,9.49,14.1
2409,8/9/2024 17:00,9.56,14.06
2410,8/9/2024 17:15,9.39,13.96
2411,8/9/2024 17:30,9.49,13.96
2412,8/9/2024 17:45,10,14.22
2413,8/9/2024 18:00,9.95,14.28
2414,8/9/2024 18:15,9.73,14.22
2415,8/9/2024 18:30,9.54,14.2
2416,8/9/2024 18:45,8.11,14.24
2417,8/9/2024 19:00,8.39,13.96
2418,8/9/2024 19:15,9.05,13.7
2419,8/9/2024 19:30,9.11,13.66
2420,8/9/2024 19:45,9.55,13.82
2421,8/9/2024 20:00,9.08,13.82
2422,8/9/2024 20:15,8.4,13.76
2423,8/9/2024 20:30,8.73,13.58
2424,8/9/2024 20:45,7.25,13.56
2425,8/9/2024 21:00,7.05,13.58
2426,8/9/2024 21:15,8.17,13.54
2427,8/9/2024 21:30,8.57,13.58
2428,8/9/2024 21:45,8.25,13.58
2429,8/9/2024 22:00,9,13.48
2430,8/9/2024 22:15,8.31,13.16
2431,8/9/2024 22:30,8.32,12.96
2432,8/9/2024 22:45,8.23,12.92
2433,8/9/2024 23:00,8.25,13
2434,8/9/2024 23:15,8.06,12.94
2435,8/9/2024 23:30,7.61,13.02
2436,8/9/2024 23:45,7.73,13.06
2437,8/10/2024 0:00,8.06,13.02
2438,8/10/2024 0:15,8.46,13.4
2439,8/10/2024 0:30,9.06,13.36
2440,8/10/2024 0:45,8.98,13.74
2441,8/10/2024 1:00,8.52,13.82
2442,8/10/2024 1:15,7.7,13.74
2443,8/10/2024 1:30,6.91,13.68
2444,8/10/2024 1:45,6.38,13.68
2445,8/10/2024 2:00,6.97,13.64
2446,8/10/2024 2:15,7.23,13.66
2447,8/10/2024 2:30,6.48,13.64
2448,8/10/2024 2:45,6.27,13.56
2449,8/10/2024 3:00,7.17,13.48
2450,8/10/2024 3:15,7.04,13.26
2451,8/10/2024 3:30,6.16,13.24
2452,8/10/2024 3:45,5.5,13.28
2453,8/10/2024 4:00,4.99,13.3
2454,8/10/2024 4:15,5.8,13.32
2455,8/10/2024 4:30,5.76,13.3
2456,8/10/2024 4:45,5.34,13.34
2457,8/10/2024 5:00,4.46,13.4
2458,8/10/2024 5:15,4.05,13.5
2459,8/10/2024 5:30,3.73,13.56
2460,8/10/2024 5:45,3.27,13.62
2461,8/10/2024 6:00,3.41,13.6
2462,8/10/2024 6:15,5.44,13.7
2463,8/10/2024 6:30,7.18,13.68
2464,8/10/2024 6:45,6.97,13.68
2465,8/10/2024 7:00,8.01,13.66
2466,8/10/2024 7:15,8.46,13.56
2467,8/10/2024 7:30,8.33,13.5
2468,8/10/2024 7:45,7.13,13.52
2469,8/10/2024 8:00,8.11,13.46
2470,8/10/2024 8:15,8.22,13.46
2471,8/10/2024 8:30,7.65,13.5
2472,8/10/2024 8:45,5.77,13.52
2473,8/10/2024 9:00,4.99,13.44
2474,8/10/2024 9:15,5.49,13.44
2475,8/10/2024 9:30,5.99,13.48
2476,8/10/2024 9:45,5.91,13.36
2477,8/10/2024 10:00,4.73,13.28
2478,8/10/2024 10:15,6.25,13.62
2479,8/10/2024 10:30,6.25,13.5
2480,8/10/2024 10:45,7.13,13.54
2481,8/10/2024 11:00,7.4,13.46
2482,8/10/2024 11:15,6.89,13.46
2483,8/10/2024 11:30,8.52,13.56
2484,8/10/2024 11:45,8.26,13.46
2485,8/10/2024 12:00,7.79,13.46
2486,8/10/2024 12:15,8.26,13.48
2487,8/10/2024 12:30,8.19,13.54
2488,8/10/2024 12:45,7.8,13.62
2489,8/10/2024 13:00,7.93,13.66
2490,8/10/2024 13:15,7.22,14.04
2491,8/10/2024 13:30,6.97,14.14
2492,8/10/2024 13:45,7.71,14.3
2493,8/10/2024 14:00,6.81,14.58
2494,8/10/2024 14:15,7.74,14.36
2495,8/10/2024 14:30,7.64,14.3
2496,8/10/2024 14:45,7.23,14.14
2497,8/10/2024 15:00,6.87,14.18
2498,8/10/2024 15:15,6.25,14.44
2499,8/10/2024 15:30,6.9,14.52
2500,8/10/2024 15:45,7.84,14.62
2501,8/10/2024 16:00,7.79,14.42
2502,8/10/2024 16:15,7.32,14.28
2503,8/10/2024 16:30,7.27,14.34
2504,8/10/2024 16:45,6.33,13.98
2505,8/10/2024 17:00,7.02,14.1
2506,8/10/2024 17:15,7.9,14.34
2507,8/10/2024 17:30,7.53,14.22
2508,8/10/2024 17:45,9.38,14.46
2509,8/10/2024 18:00,9.67,14.34
2510,8/10/2024 18:15,9.97,14.5
2511,8/10/2024 18:30,9.59,14.38
2512,8/10/2024 18:45,8.35,13.96
2513,8/10/2024 19:00,7.5,14.48
2514,8/10/2024 19:15,7.25,14.28
2515,8/10/2024 19:30,6.02,14.04
2516,8/10/2024 19:45,5.9,14.02
2517,8/10/2024 20:00,6.23,13.88
2518,8/10/2024 20:15,6.19,13.76
2519,8/10/2024 20:30,6.54,13.68
2520,8/10/2024 20:45,6.09,13.68
2521,8/10/2024 21:00,6.39,13.74
2522,8/10/2024 21:15,6.1,13.78
2523,8/10/2024 21:30,5.72,13.8
2524,8/10/2024 21:45,5.83,13.8
2525,8/10/2024 22:00,5.8,13.76
2526,8/10/2024 22:15,8.64,13.62
2527,8/10/2024 22:30,9.01,13.6
2528,8/10/2024 22:45,8.17,13.28
2529,8/10/2024 23:00,8.03,13.12
2530,8/10/2024 23:15,7.86,13
2531,8/10/2024 23:30,7.86,12.96
2532,8/10/2024 23:45,7.76,12.96
2533,8/11/2024 0:00,7.74,13.02
2534,8/11/2024 0:15,7.88,13.06
2535,8/11/2024 0:30,8.04,13.02
2536,8/11/2024 0:45,9.01,13.52
2537,8/11/2024 1:00,9.78,13.86
2538,8/11/2024 1:15,9.49,13.84
2539,8/11/2024 1:30,9.98,14.18
2540,8/11/2024 1:45,10.86,14.6
2541,8/11/2024 2:00,10.96,15.16
2542,8/11/2024 2:15,10.99,15.44
2543,8/11/2024 2:30,11,15.62
2544,8/11/2024 2:45,10.33,15.4
2545,8/11/2024 3:00,9.01,15.3
2546,8/11/2024 3:15,7.25,15.38
2547,8/11/2024 3:30,8.73,15.7
2548,8/11/2024 3:45,7.76,16.04
2549,8/11/2024 4:00,7.44,16.14
2550,8/11/2024 4:15,6.68,16.3
2551,8/11/2024 4:30,5.85,16.52
2552,8/11/2024 4:45,4.35,16.54
2553,8/11/2024 5:00,8.83,16.38
2554,8/11/2024 5:15,7.07,16.14
2555,8/11/2024 5:30,4.26,15.42
2556,8/11/2024 5:45,4.76,15.42
2557,8/11/2024 6:00,5.42,15.18
2558,8/11/2024 6:15,5.25,15.74
2559,8/11/2024 6:30,6.89,16.24
2560,8/11/2024 6:45,3.66,16.22
2561,8/11/2024 7:00,7.82,16.18
2562,8/11/2024 7:15,9.59,16.04
2563,8/11/2024 7:30,10.27,15.88
2564,8/11/2024 7:45,9.84,15.46
2565,8/11/2024 8:00,10.2,15.4
2566,8/11/2024 8:15,10.76,15.48
2567,8/11/2024 8:30,10.69,15.86
2568,8/11/2024 8:45,9.85,15.6
2569,8/11/2024 9:00,8.26,15.7
2570,8/11/2024 9:15,7.94,15.54
2571,8/11/2024 9:30,9.53,15.48
2572,8/11/2024 9:45,7.4,15.48
2573,8/11/2024 10:00,9.86,15.38
2574,8/11/2024 10:15,9.98,15.32
2575,8/11/2024 10:30,9.92,15.3
2576,8/11/2024 10:45,10.1,15.3
2577,8/11/2024 11:00,9.94,15.24
2578,8/11/2024 11:15,10,15.18
2579,8/11/2024 11:30,10.99,15.3
2580,8/11/2024 11:45,11.14,15.5
2581,8/11/2024 12:00,11.53,15.76
2582,8/11/2024 12:15,11.82,16
2583,8/11/2024 12:30,11.72,16.06
2584,8/11/2024 12:45,11.76,16
2585,8/11/2024 13:00,10.92,15.9
2586,8/11/2024 13:15,10.53,15.86
2587,8/11/2024 13:30,7.83,15.88
2588,8/11/2024 13:45,8.5,15.88
2589,8/11/2024 14:00,11.08,15.88
2590,8/11/2024 14:15,11.71,15.82
2591,8/11/2024 14:30,11.52,15.78
2592,8/11/2024 14:45,10.04,15.76
2593,8/11/2024 15:00,10.02,15.8
2594,8/11/2024 15:15,9.75,15.66
2595,8/11/2024 15:30,7.02,15.52
2596,8/11/2024 15:45,5.98,15.54
2597,8/11/2024 16:00,6.98,15.42
2598,8/11/2024 16:15,6.05,15.44
2599,8/11/2024 16:30,6.53,15.82
2600,8/11/2024 16:45,11.88,16
2601,8/11/2024 17:00,12.29,16.14
2602,8/11/2024 17:15,11.43,16.3
2603,8/11/2024 17:30,9.85,16.36
2604,8/11/2024 17:45,8.73,16.5
2605,8/11/2024 18:00,7.74,16.56
2606,8/11/2024 18:15,12.12,16.44
2607,8/11/2024 18:30,9.24,16.48
2608,8/11/2024 18:45,6.9,16.46
2609,8/11/2024 19:00,8.29,16.36
2610,8/11/2024 19:15,9.65,16.38
2611,8/11/2024 19:30,7.95,16.28
2612,8/11/2024 19:45,4.79,15.96
2613,8/11/2024 20:00,4.47,15.38
2614,8/11/2024 20:15,5.96,15.54
2615,8/11/2024 20:30,5.32,15.4
2616,8/11/2024 20:45,6.43,15.38
2617,8/11/2024 21:00,8.11,15.42
2618,8/11/2024 21:15,10.51,15.32
2619,8/11/2024 21:30,9.78,15.28
2620,8/11/2024 21:45,8.87,15.38
2621,8/11/2024 22:00,7,15.3
2622,8/11/2024 22:15,9.45,14.68
2623,8/11/2024 22:30,9.73,14.56
2624,8/11/2024 22:45,9.75,14.54
2625,8/11/2024 23:00,9.34,14.72
2626,8/11/2024 23:15,10.08,14.92
2627,8/11/2024 23:30,10.6,15.58
2628,8/11/2024 23:45,9.04,15.66
2629,8/12/2024 0:00,5.72,15.36
2630,8/12/2024 0:15,3.51,15.04
2631,8/12/2024 0:30,4.65,14.98
2632,8/12/2024 0:45,7.2,15.34
2633,8/12/2024 1:00,6.94,15.22
2634,8/12/2024 1:15,10.25,15.5
2635,8/12/2024 1:30,10.85,15.94
2636,8/12/2024 1:45,10.78,16.1
2637,8/12/2024 2:00,11.16,16.16
2638,8/12/2024 2:15,11.17,16.08
2639,8/12/2024 2:30,11.22,16.04
2640,8/12/2024 2:45,10.63,15.98
2641,8/12/2024 3:00,8.92,16.02
2642,8/12/2024 3:15,6.68,15.94
2643,8/12/2024 3:30,6.44,15.9
2644,8/12/2024 3:45,7.75,15.94
2645,8/12/2024 4:00,7.78,15.96
2646,8/12/2024 4:15,7.72,16
2647,8/12/2024 4:30,10.21,17.08
2648,8/12/2024 4:45,10.26,17.24
2649,8/12/2024 5:00,9.92,17.28
2650,8/12/2024 5:15,10.44,17.16
2651,8/12/2024 5:30,10.07,16.96
2652,8/12/2024 5:45,9.53,16.88
2653,8/12/2024 6:00,6.98,16.8
2654,8/12/2024 6:15,7.25,16.54
2655,8/12/2024 6:30,6.97,16.28
2656,8/12/2024 6:45,5.87,16.08
2657,8/12/2024 7:00,6.82,16.06
2658,8/12/2024 7:15,10.61,16.32
2659,8/12/2024 7:30,10.44,16.42
2660,8/12/2024 7:45,10.44,16.26
2661,8/12/2024 8:00,10.86,16.26
2662,8/12/2024 8:15,10.71,16.3
2663,8/12/2024 8:30,10.79,16.34
2664,8/12/2024 8:45,10.89,16.3
2665,8/12/2024 9:00,10.74,16.28
2666,8/12/2024 9:15,10.38,16.14
2667,8/12/2024 9:30,9.22,16.1
2668,8/12/2024 9:45,6.74,14.96
2669,8/12/2024 10:00,7.35,14.56
2670,8/12/2024 10:15,7.41,14.46
2671,8/12/2024 10:30,9.41,15.22
2672,8/12/2024 10:45,10.76,15.66
2673,8/12/2024 11:00,10.74,15.82
2674,8/12/2024 11:15,11.07,15.96
2675,8/12/2024 11:30,10.55,15.72
2676,8/12/2024 11:45,10.84,15.72
2677,8/12/2024 12:00,11.07,15.92
2678,8/12/2024 12:15,10.99,15.86
2679,8/12/2024 12:30,10.94,15.76
2680,8/12/2024 12:45,11.33,15.9
2681,8/12/2024 13:00,11.43,16.08
2682,8/12/2024 13:15,11.23,16.08
2683,8/12/2024 13:30,10.97,15.98
2684,8/12/2024 13:45,10.59,16
2685,8/12/2024 14:00,10.82,15.82
2686,8/12/2024 14:15,11.18,15.92
2687,8/12/2024 14:30,11.37,16.22
2688,8/12/2024 14:45,11.21,16.1
2689,8/12/2024 15:00,11.15,15.96
2690,8/12/2024 15:15,10.61,15.78
2691,8/12/2024 15:30,11.23,15.76
2692,8/12/2024 15:45,11.61,15.88
2693,8/12/2024 16:00,10.97,15.78
2694,8/12/2024 16:15,10.96,15.82
2695,8/12/2024 16:30,10.26,16.04
2696,8/12/2024 16:45,8.07,15.86
2697,8/12/2024 17:00,9.19,16.32
2698,8/12/2024 17:15,10.58,16.18
2699,8/12/2024 17:30,10.26,15.4
2700,8/12/2024 17:45,10.58,15.6
2701,8/12/2024 18:00,9.38,15.56
2702,8/12/2024 18:15,8.06,15.98
2703,8/12/2024 18:30,7.09,15.22
2704,8/12/2024 18:45,6.64,15
2705,8/12/2024 19:00,6.34,15
2706,8/12/2024 19:15,6.78,14.94
2707,8/12/2024 19:30,7.29,14.88
2708,8/12/2024 19:45,6.76,14.9
2709,8/12/2024 20:00,6.81,14.78
2710,8/12/2024 20:15,7.81,14.92
2711,8/12/2024 20:30,7.89,15.02
2712,8/12/2024 20:45,7.4,14.98
2713,8/12/2024 21:00,8.03,15.26
2714,8/12/2024 21:15,8.46,15.56
2715,8/12/2024 21:30,9.16,15.68
2716,8/12/2024 21:45,8.92,15.74
2717,8/12/2024 22:00,9.21,15.84
2718,8/12/2024 22:15,9.55,15.94
2719,8/12/2024 22:30,9.94,15.76
2720,8/12/2024 22:45,10.26,15.76
2721,8/12/2024 23:00,10.28,15.78
2722,8/12/2024 23:15,10.03,15.94
2723,8/12/2024 23:30,10.37,15.74
2724,8/12/2024 23:45,10.4,15.54
2725,8/13/2024 0:00,10.69,15.7
2726,8/13/2024 0:15,10.9,15.96
2727,8/13/2024 0:30,10.66,15.92
2728,8/13/2024 0:45,10.47,15.72
2729,8/13/2024 1:00,10.67,15.74
2730,8/13/2024 1:15,10.94,15.88
2731,8/13/2024 1:30,10.91,16.12
2732,8/13/2024 1:45,11.06,16.08
2733,8/13/2024 2:00,10.8,16.02
2734,8/13/2024 2:15,10.07,15.9
2735,8/13/2024 2:30,6.77,15.88
2736,8/13/2024 2:45,10.36,15.98
2737,8/13/2024 3:00,10.51,16.22
2738,8/13/2024 3:15,10.09,16
2739,8/13/2024 3:30,9.31,15.94
2740,8/13/2024 3:45,9.62,16.1
2741,8/13/2024 4:00,6.82,16.08
2742,8/13/2024 4:15,6.82,16.06
2743,8/13/2024 4:30,6.71,16.16
2744,8/13/2024 4:45,8.65,16.5
2745,8/13/2024 5:00,9.22,16.66
2746,8/13/2024 5:15,9.17,16.66
2747,8/13/2024 5:30,7.63,16.58
2748,8/13/2024 5:45,8.41,16.52
2749,8/13/2024 6:00,9.08,16.56
2750,8/13/2024 6:15,8.11,16.54
2751,8/13/2024 6:30,7.2,16.46
2752,8/13/2024 6:45,6.52,16.44
2753,8/13/2024 7:00,5.86,16.44
2754,8/13/2024 7:15,7.31,16.46
2755,8/13/2024 7:30,7.18,16.48
2756,8/13/2024 7:45,7.6,16.38
2757,8/13/2024 8:00,6.5,16.04
2758,8/13/2024 8:15,10.56,16.46
2759,8/13/2024 8:30,10.23,16.42
2760,8/13/2024 8:45,10.02,16.32
2761,8/13/2024 9:00,10.16,15.98
2762,8/13/2024 9:15,8.46,15.88
2763,8/13/2024 9:30,7.39,15.7
2764,8/13/2024 9:45,5.98,15.64
2765,8/13/2024 10:00,5.71,15.52
2766,8/13/2024 10:15,6.09,15.4
2767,8/13/2024 10:30,5.47,15.32
2768,8/13/2024 10:45,5.59,15.38
2769,8/13/2024 11:00,6.29,14.88
2770,8/13/2024 11:15,6.46,16
2771,8/13/2024 11:30,6.15,15.96
2772,8/13/2024 11:45,5.97,15.6
2773,8/13/2024 12:00,6.99,16.14
2774,8/13/2024 12:15,8.91,16.18
2775,8/13/2024 12:30,10.24,16.3
2776,8/13/2024 12:45,10.02,16.26
2777,8/13/2024 13:00,9.43,16.06
2778,8/13/2024 13:15,9.56,15.88
2779,8/13/2024 13:30,9.64,15.78
2780,8/13/2024 13:45,9.21,15.48
2781,8/13/2024 14:00,8.96,15.34
2782,8/13/2024 14:15,9.21,15.36
2783,8/13/2024 14:30,10.02,15.62
2784,8/13/2024 14:45,9.83,15.76
2785,8/13/2024 15:00,9.24,15.42
2786,8/13/2024 15:15,9.01,15.32
2787,8/13/2024 15:30,8.66,15.26
2788,8/13/2024 15:45,9.84,15.52
2789,8/13/2024 16:00,9.19,15.24
2790,8/13/2024 16:15,8.7,15.46
2791,8/13/2024 16:30,8.72,15.1
2792,8/13/2024 16:45,8.05,15.1
2793,8/13/2024 17:00,8.81,15.56
2794,8/13/2024 17:15,8.42,16.08
2795,8/13/2024 17:30,8.47,16.08
2796,8/13/2024 17:45,8.86,15.92
2797,8/13/2024 18:00,8.9,15.86
2798,8/13/2024 18:15,8.56,15.78
2799,8/13/2024 18:30,8.54,15.6
2800,8/13/2024 18:45,8.55,15.52
2801,8/13/2024 19:00,8.77,15.44
2802,8/13/2024 19:15,8.58,15.28
2803,8/13/2024 19:30,8.54,15.2
2804,8/13/2024 19:45,8.55,15.1
2805,8/13/2024 20:00,8.56,14.98
2806,8/13/2024 20:15,8.76,14.9
2807,8/13/2024 20:30,8.53,14.94
2808,8/13/2024 20:45,8.61,14.88
2809,8/13/2024 21:00,8.68,14.84
2810,8/13/2024 21:15,8.82,14.84
2811,8/13/2024 21:30,8.63,14.84
2812,8/13/2024 21:45,8.29,14.84
2813,8/13/2024 22:00,8.43,14.82
2814,8/13/2024 22:15,8.63,14.84
2815,8/13/2024 22:30,8.68,14.78
2816,8/13/2024 22:45,8.68,14.74
2817,8/13/2024 23:00,8.84,14.68
2818,8/13/2024 23:15,8.85,14.62
2819,8/13/2024 23:30,8.85,14.58
2820,8/13/2024 23:45,8.87,14.54
2821,8/14/2024 0:00,8.94,14.52
2822,8/14/2024 0:15,8.93,14.52
2823,8/14/2024 0:30,8.92,14.52
2824,8/14/2024 0:45,8.91,14.54
2825,8/14/2024 1:00,8.94,14.52
2826,8/14/2024 1:15,8.98,14.48
2827,8/14/2024 1:30,9,14.46
2828,8/14/2024 1:45,8.57,14.44
2829,8/14/2024 2:00,8.47,14.44
2830,8/14/2024 2:15,8.51,14.42
2831,8/14/2024 2:30,8.45,14.42
2832,8/14/2024 2:45,8.46,14.46
2833,8/14/2024 3:00,8.33,14.46
2834,8/14/2024 3:15,8.24,14.46
2835,8/14/2024 3:30,8.4,14.42
2836,8/14/2024 3:45,8.68,14.38
2837,8/14/2024 4:00,8.66,14.38
2838,8/14/2024 4:15,8.67,14.36
2839,8/14/2024 4:30,8.67,14.38
2840,8/14/2024 4:45,8.74,14.34
2841,8/14/2024 5:00,8.74,14.3
2842,8/14/2024 5:15,8.83,14.28
2843,8/14/2024 5:30,8.85,14.3
2844,8/14/2024 5:45,8.73,14.28
2845,8/14/2024 6:00,8.75,14.3
2846,8/14/2024 6:15,8.72,14.3
2847,8/14/2024 6:30,8.75,14.28
2848,8/14/2024 6:45,8.74,14.32
2849,8/14/2024 7:00,8.72,14.36
2850,8/14/2024 7:15,8.66,14.44
2851,8/14/2024 7:30,8.61,14.52
2852,8/14/2024 7:45,8.64,14.62
2853,8/14/2024 8:00,8.66,14.68
2854,8/14/2024 8:15,8.43,14.94
2855,8/14/2024 8:30,8.39,15.2
2856,8/14/2024 8:45,8.33,15.36
2857,8/14/2024 9:00,8.31,15.3
2858,8/14/2024 9:15,8.37,15.28
2859,8/14/2024 9:30,8.53,15.2
2860,8/14/2024 9:45,8.45,15.3
2861,8/14/2024 10:00,9.59,15.56
2862,8/14/2024 10:15,9.42,16.42
2863,8/14/2024 10:30,9.52,16.54
2864,8/14/2024 10:45,9.52,16.6
2865,8/14/2024 11:00,9.46,16.86
2866,8/14/2024 11:15,9.39,17
2867,8/14/2024 11:30,9.36,17.12
