"Date Time, GMT-07:00",DO_mgL,Temp_C
5/12/2023 13:00,10.81,13.58
5/12/2023 13:30,15.39,10.96
5/12/2023 14:00,15.92,10.88
5/12/2023 14:30,15.58,10.94
5/12/2023 15:00,16.25,11.34
5/12/2023 15:30,16,11.2
5/12/2023 16:00,16.59,11.46
5/12/2023 16:30,16.47,11.36
5/12/2023 17:00,16.66,11.38
5/12/2023 17:30,16.38,11.36
5/12/2023 18:00,16.42,11.22
5/12/2023 18:30,16.46,11.04
5/12/2023 19:00,16.82,11.06
5/12/2023 19:30,16.02,11.02
5/12/2023 20:00,13.52,10.4
5/12/2023 20:30,14.94,10.56
5/12/2023 21:00,15.68,10.9
5/12/2023 21:30,14.7,10.68
5/12/2023 22:00,14.54,10.58
5/12/2023 22:30,14.73,10.66
5/12/2023 23:00,14.54,10.68
5/12/2023 23:30,14.33,10.64
5/13/2023 0:00,14.08,10.52
5/13/2023 0:30,14.08,10.5
5/13/2023 1:00,12.43,10.24
5/13/2023 1:30,12.82,10.04
5/13/2023 2:00,13.52,10.26
5/13/2023 2:30,13.77,10.26
5/13/2023 3:00,14.3,10.4
5/13/2023 3:30,14.13,10.38
5/13/2023 4:00,14.13,10.38
5/13/2023 4:30,14.19,10.46
5/13/2023 5:00,14.65,10.56
5/13/2023 5:30,13.8,10.38
5/13/2023 6:00,13.68,10.3
5/13/2023 6:30,13.73,10.34
5/13/2023 7:00,13.88,10.34
5/13/2023 7:30,14.05,10.36
5/13/2023 8:00,14.17,10.34
5/13/2023 8:30,13.99,10.36
5/13/2023 9:00,13.33,10.14
5/13/2023 9:30,13.47,10.16
5/13/2023 10:00,14.25,10.38
5/13/2023 10:30,14.45,10.42
5/13/2023 11:00,16.2,10.88
5/13/2023 11:30,16.46,11.22
5/13/2023 12:00,16.42,11.26
5/13/2023 12:30,16.56,11.28
5/13/2023 13:00,16.14,11.22
5/13/2023 13:30,16.55,11.26
5/13/2023 14:00,16.73,11.36
5/13/2023 14:30,16.97,11.32
5/13/2023 15:00,17.01,11.44
5/13/2023 15:30,17.17,11.58
5/13/2023 16:00,17.92,11.8
5/13/2023 16:30,17.56,12
5/13/2023 17:00,16.15,11.72
5/13/2023 17:30,16.35,11.3
5/13/2023 18:00,16.43,11.52
5/13/2023 18:30,16.57,11.38
5/13/2023 19:00,15.83,11.04
5/13/2023 19:30,14.37,10.6
5/13/2023 20:00,14.05,10.36
5/13/2023 20:30,13.37,10.48
5/13/2023 21:00,15.25,10.5
5/13/2023 21:30,14.62,10.76
5/13/2023 22:00,14.36,10.72
5/13/2023 22:30,13.47,10.44
5/13/2023 23:00,14.23,10.52
5/13/2023 23:30,14.11,10.62
5/14/2023 0:00,14.13,10.68
5/14/2023 0:30,13.74,10.52
5/14/2023 1:00,13.6,10.36
5/14/2023 1:30,12.37,10.12
5/14/2023 2:00,12.91,10.3
5/14/2023 2:30,13.12,10.18
5/14/2023 3:00,13.69,10.26
5/14/2023 3:30,13.89,10.34
5/14/2023 4:00,13.55,10.42
5/14/2023 4:30,14.22,10.52
5/14/2023 5:00,14.6,10.72
5/14/2023 5:30,14.84,10.68
5/14/2023 6:00,14.73,10.7
5/14/2023 6:30,14.72,10.72
5/14/2023 7:00,14.95,10.74
5/14/2023 7:30,14.77,10.68
5/14/2023 8:00,15.01,10.7
5/14/2023 8:30,14.61,10.66
5/14/2023 9:00,14.05,10.6
5/14/2023 9:30,14.12,10.44
5/14/2023 10:00,13.48,10.34
5/14/2023 10:30,13.31,10.38
5/14/2023 11:00,15.05,10.66
5/14/2023 11:30,15.63,11.02
5/14/2023 12:00,15.87,11.06
5/14/2023 12:30,16.11,11.2
5/14/2023 13:00,16.44,11.42
5/14/2023 13:30,16.63,11.5
5/14/2023 14:00,16.05,11.54
5/14/2023 14:30,16.14,11.4
5/14/2023 15:00,16.73,11.94
5/14/2023 15:30,17.29,11.9
5/14/2023 16:00,17.83,12.48
5/14/2023 16:30,18.33,12.42
5/14/2023 17:00,18.34,12.44
5/14/2023 17:30,18.56,12.38
5/14/2023 18:00,18.6,12.32
5/14/2023 18:30,18.71,12.24
5/14/2023 19:00,17.89,12.2
5/14/2023 19:30,17.65,12.26
5/14/2023 20:00,17.76,12.04
5/14/2023 20:30,14.25,10.96
5/14/2023 21:00,16.64,11.2
5/14/2023 21:30,15.35,11.12
5/14/2023 22:00,13.64,10.64
5/14/2023 22:30,16.45,11.18
5/14/2023 23:00,14.8,11.16
5/14/2023 23:30,16.09,11.52
5/15/2023 0:00,13.53,10.64
5/15/2023 0:30,13.23,10.36
5/15/2023 1:00,13.53,10.48
5/15/2023 1:30,13.48,10.4
5/15/2023 2:00,12.64,10.24
5/15/2023 2:30,14.47,10.78
5/15/2023 3:00,13.33,10.32
5/15/2023 3:30,12.72,10.16
5/15/2023 4:00,13.51,10.26
5/15/2023 4:30,13.47,10.38
5/15/2023 5:00,13.64,10.38
5/15/2023 5:30,13.5,10.42
5/15/2023 6:00,15.06,10.88
5/15/2023 6:30,14.49,10.8
5/15/2023 7:00,14.78,10.84
5/15/2023 7:30,14.34,10.84
5/15/2023 8:00,14.18,10.7
5/15/2023 8:30,13.77,10.66
5/15/2023 9:00,14.04,10.66
5/15/2023 9:30,14.5,10.78
5/15/2023 10:00,15.14,10.96
5/15/2023 10:30,15.01,10.94
5/15/2023 11:00,14.93,11.02
5/15/2023 11:30,15.05,11
5/15/2023 12:00,14.58,10.76
5/15/2023 12:30,14.38,10.84
5/15/2023 13:00,14.68,11.02
5/15/2023 13:30,15.59,10.96
5/15/2023 14:00,14.16,10.66
5/15/2023 14:30,14.5,10.44
5/15/2023 15:00,14.85,10.92
5/15/2023 15:30,16.04,11.54
5/15/2023 16:00,17.83,12.12
5/15/2023 16:30,15.74,11.96
5/15/2023 17:00,15.7,11.6
5/15/2023 17:30,16.88,12.06
5/15/2023 18:00,17.01,12.58
5/15/2023 18:30,18.09,12.56
5/15/2023 19:00,17.11,12.16
5/15/2023 19:30,17.03,11.84
5/15/2023 20:00,17.07,11.78
5/15/2023 20:30,16.89,11.72
5/15/2023 21:00,17.17,11.82
5/15/2023 21:30,17.18,11.92
5/15/2023 22:00,16.84,11.78
5/15/2023 22:30,17.06,11.88
5/15/2023 23:00,16.85,11.7
5/15/2023 23:30,17.28,11.92
5/16/2023 0:00,16.89,11.88
5/16/2023 0:30,16.34,11.48
5/16/2023 1:00,16.21,11.6
5/16/2023 1:30,15.93,11.6
5/16/2023 2:00,15.11,11.2
5/16/2023 2:30,14.7,11.26
5/16/2023 3:00,14.83,11.1
5/16/2023 3:30,14.45,10.98
5/16/2023 4:00,13.4,10.66
5/16/2023 4:30,13.47,10.62
5/16/2023 5:00,13.72,10.64
5/16/2023 5:30,12.78,10.3
5/16/2023 6:00,12.37,10.1
5/16/2023 6:30,12.95,10.52
5/16/2023 7:00,14.59,11.22
5/16/2023 7:30,15.36,11.88
5/16/2023 8:00,15.69,11.92
5/16/2023 8:30,15.34,12.22
5/16/2023 9:00,15.26,12.22
5/16/2023 9:30,15.33,12.56
5/16/2023 10:00,15.4,12.82
5/16/2023 10:30,15.36,12.9
5/16/2023 11:00,15.24,11.84
5/16/2023 11:30,15.39,11.58
5/16/2023 12:00,15.17,11.88
5/16/2023 12:30,16.11,12.18
5/16/2023 13:00,16.37,12.56
5/16/2023 13:30,15.15,11.7
5/16/2023 14:00,16.97,12.04
5/16/2023 14:30,16.88,13.16
5/16/2023 15:00,16.8,12.34
5/16/2023 15:30,16.48,12.14
5/16/2023 16:00,15.64,11.86
5/16/2023 16:30,16.79,12.5
5/16/2023 17:00,15.93,12.54
5/16/2023 17:30,16.21,12.38
5/16/2023 18:00,16.09,12.28
5/16/2023 18:30,15.72,12.12
5/16/2023 19:00,15.16,11.78
5/16/2023 19:30,15.09,11.76
5/16/2023 20:00,16.05,12.68
5/16/2023 20:30,16.51,13.12
5/16/2023 21:00,16.55,13.5
5/16/2023 21:30,16.35,13.08
5/16/2023 22:00,16.3,13.34
5/16/2023 22:30,16.59,13.5
5/16/2023 23:00,16.58,13.6
5/16/2023 23:30,16.02,13.34
5/17/2023 0:00,16.45,13.54
5/17/2023 0:30,16.27,13.5
5/17/2023 1:00,15.46,13.14
5/17/2023 1:30,16.07,13.12
5/17/2023 2:00,16.11,13.26
5/17/2023 2:30,14.85,12.38
5/17/2023 3:00,14.91,12.22
5/17/2023 3:30,14.87,12.2
5/17/2023 4:00,14.49,12.14
5/17/2023 4:30,14.54,12.16
5/17/2023 5:00,14.24,11.86
5/17/2023 5:30,13.8,11.64
5/17/2023 6:00,13.37,11.12
5/17/2023 6:30,14.61,12.04
5/17/2023 7:00,14.18,11.94
5/17/2023 7:30,14.63,12.12
5/17/2023 8:00,15.02,13.4
5/17/2023 8:30,14.99,13.3
5/17/2023 9:00,14.77,13.16
5/17/2023 9:30,15.02,13.28
5/17/2023 10:00,14.78,13.58
5/17/2023 10:30,15.06,13.54
5/17/2023 11:00,15.31,13.6
5/17/2023 11:30,14.92,12.92
5/17/2023 12:00,14.79,12.68
5/17/2023 12:30,14.81,12.56
5/17/2023 13:00,15.7,13.22
5/17/2023 13:30,13.71,12.3
5/17/2023 14:00,13.92,11.66
5/17/2023 14:30,15.8,12.94
5/17/2023 15:00,15.28,12.56
5/17/2023 15:30,14.45,12.06
5/17/2023 16:00,15.45,12.3
5/17/2023 16:30,14.26,11.84
5/17/2023 17:00,15.54,12.52
5/17/2023 17:30,14.35,12.02
5/17/2023 18:00,13.53,11.68
5/17/2023 18:30,13.94,11.3
5/17/2023 19:00,14.61,12.26
5/17/2023 19:30,14.47,12.04
5/17/2023 20:00,13.95,11.68
5/17/2023 20:30,13.45,11.46
5/17/2023 21:00,12.74,11.06
5/17/2023 21:30,12.92,10.86
5/17/2023 22:00,14.78,12.16
5/17/2023 22:30,14.41,12
5/17/2023 23:00,14.8,12.12
5/17/2023 23:30,14.62,12.08
5/18/2023 0:00,15.21,12.26
5/18/2023 0:30,14.98,12.34
5/18/2023 1:00,15.05,12.4
5/18/2023 1:30,15.58,12.5
5/18/2023 2:00,15.5,12.64
5/18/2023 2:30,14.7,12.34
5/18/2023 3:00,15.01,12.34
5/18/2023 3:30,14.77,12.4
5/18/2023 4:00,14.37,12.28
5/18/2023 4:30,14.08,11.92
5/18/2023 5:00,13.64,11.64
5/18/2023 5:30,13.39,11.48
5/18/2023 6:00,12.96,11.3
5/18/2023 6:30,12.5,10.74
5/18/2023 7:00,12.89,11.28
5/18/2023 7:30,13.99,11.68
5/18/2023 8:00,12.89,11.4
5/18/2023 8:30,14.36,11.74
5/18/2023 9:00,14.32,12.24
5/18/2023 9:30,14.5,12.3
5/18/2023 10:00,14.6,12.38
5/18/2023 10:30,14.35,12.4
5/18/2023 11:00,14.55,12.32
5/18/2023 11:30,14.57,12.34
5/18/2023 12:00,14.61,12.26
5/18/2023 12:30,14.9,12.26
5/18/2023 13:00,14.61,11.92
5/18/2023 13:30,14.01,11.86
5/18/2023 14:00,14.67,12.06
5/18/2023 14:30,13.72,11.56
5/18/2023 15:00,13.53,11.3
5/18/2023 15:30,13.9,11.7
5/18/2023 16:00,14.03,11.6
5/18/2023 16:30,13.64,11.36
5/18/2023 17:00,14.39,11.54
5/18/2023 17:30,14.43,11.86
5/18/2023 18:00,13.94,11.64
5/18/2023 18:30,14.38,11.7
5/18/2023 19:00,14.12,11.64
5/18/2023 19:30,14.02,11.62
5/18/2023 20:00,14.06,11.54
5/18/2023 20:30,13.5,11.34
5/18/2023 21:00,13.55,11.36
5/18/2023 21:30,13,11.2
5/18/2023 22:00,12.75,11.14
5/18/2023 22:30,12.7,10.98
5/18/2023 23:00,12.52,10.84
5/18/2023 23:30,12.09,10.74
5/19/2023 0:00,12.33,10.6
5/19/2023 0:30,12.49,10.74
5/19/2023 1:00,12.32,10.52
5/19/2023 1:30,12.43,10.52
5/19/2023 2:00,12.22,10.52
5/19/2023 2:30,12.91,10.82
5/19/2023 3:00,13.18,10.92
5/19/2023 3:30,13.01,10.92
5/19/2023 4:00,14.01,11.68
5/19/2023 4:30,13.62,11.52
5/19/2023 5:00,13.39,11.46
5/19/2023 5:30,13.01,11.3
5/19/2023 6:00,12.62,11.16
5/19/2023 6:30,12.25,10.94
5/19/2023 7:00,12.16,10.68
5/19/2023 7:30,12.38,10.62
5/19/2023 8:00,13.44,11.14
5/19/2023 8:30,13.06,11.06
5/19/2023 9:00,13.39,11.48
5/19/2023 9:30,14.27,12.1
5/19/2023 10:00,14.24,12.62
5/19/2023 10:30,14.12,12.76
5/19/2023 11:00,14.1,12.58
5/19/2023 11:30,14.27,12.6
5/19/2023 12:00,14.94,13.12
5/19/2023 12:30,14.77,12.8
5/19/2023 13:00,14.33,12.2
5/19/2023 13:30,14.3,12.04
5/19/2023 14:00,14.72,12.3
5/19/2023 14:30,13.61,11.9
5/19/2023 15:00,13.14,11.44
5/19/2023 15:30,14,11.76
5/19/2023 16:00,13.94,11.84
5/19/2023 16:30,14.18,12.06
5/19/2023 17:00,14.05,11.98
5/19/2023 17:30,13.34,11.56
5/19/2023 18:00,13.29,11.28
5/19/2023 18:30,14.74,11.94
5/19/2023 19:00,14.65,12.24
5/19/2023 19:30,14.5,11.84
5/19/2023 20:00,13.91,11.86
5/19/2023 20:30,12.9,11.2
5/19/2023 21:00,13.12,11.18
5/19/2023 21:30,12.67,11.14
5/19/2023 22:00,12.67,11.02
5/19/2023 22:30,12.5,11.06
5/19/2023 23:00,12.42,10.94
5/19/2023 23:30,11.87,10.92
5/20/2023 0:00,13.06,11.16
5/20/2023 0:30,12.86,11.4
5/20/2023 1:00,13.04,11.64
5/20/2023 1:30,13.14,11.68
5/20/2023 2:00,13.53,11.78
5/20/2023 2:30,13.36,11.78
5/20/2023 3:00,13.47,11.76
5/20/2023 3:30,13.38,11.82
5/20/2023 4:00,13.33,11.82
5/20/2023 4:30,13.35,11.84
5/20/2023 5:00,12.9,11.64
5/20/2023 5:30,12.82,11.52
5/20/2023 6:00,13.01,11.5
5/20/2023 6:30,12.7,11.44
5/20/2023 7:00,12.59,11.32
5/20/2023 7:30,12.61,11.3
5/20/2023 8:00,13.84,11.56
5/20/2023 8:30,13.6,12.32
5/20/2023 9:00,13.85,12.76
5/20/2023 9:30,14.07,13.04
5/20/2023 10:00,14.08,13.06
5/20/2023 10:30,14.06,13.16
5/20/2023 11:00,14.29,13.34
5/20/2023 11:30,14.21,13.16
5/20/2023 12:00,13.75,12.74
5/20/2023 12:30,13.39,12.38
5/20/2023 13:00,13.52,12.14
5/20/2023 13:30,13.34,12.2
5/20/2023 14:00,13.5,11.98
5/20/2023 14:30,14.19,12.8
5/20/2023 15:00,13.62,12.2
5/20/2023 15:30,14.23,12.08
5/20/2023 16:00,13.66,12.02
5/20/2023 16:30,13.99,12.04
5/20/2023 17:00,13.91,12.02
5/20/2023 17:30,12.93,11.76
5/20/2023 18:00,12.63,11.62
5/20/2023 18:30,13.26,11.66
5/20/2023 19:00,13.73,11.88
5/20/2023 19:30,14.29,12.06
5/20/2023 20:00,13.34,11.9
5/20/2023 20:30,13.4,11.74
5/20/2023 21:00,12.93,11.46
5/20/2023 21:30,12.57,11.24
5/20/2023 22:00,12.64,11.28
5/20/2023 22:30,12.9,11.54
5/20/2023 23:00,13.16,11.76
5/20/2023 23:30,12.65,11.48
5/21/2023 0:00,12.5,11.46
5/21/2023 0:30,12.78,11.56
5/21/2023 1:00,12.74,11.62
5/21/2023 1:30,13.11,11.74
5/21/2023 2:00,12.72,11.68
5/21/2023 2:30,11.44,10.86
5/21/2023 3:00,11.72,10.68
5/21/2023 3:30,11.66,10.84
5/21/2023 4:00,11.6,10.64
5/21/2023 4:30,11.76,10.7
5/21/2023 5:00,12.29,11.12
5/21/2023 5:30,12.43,11.22
5/21/2023 6:00,13,11.66
5/21/2023 6:30,13.16,11.78
5/21/2023 7:00,12.52,11.46
5/21/2023 7:30,12.37,11.48
5/21/2023 8:00,12.07,11.3
5/21/2023 8:30,11.83,11.16
5/21/2023 9:00,12.41,11.52
5/21/2023 9:30,12.4,11.48
5/21/2023 10:00,12.35,11.3
5/21/2023 10:30,12.43,11.38
5/21/2023 11:00,12.85,11.48
5/21/2023 11:30,13.05,11.84
5/21/2023 12:00,12.82,11.82
5/21/2023 12:30,12.98,11.94
5/21/2023 13:00,13.16,11.92
5/21/2023 13:30,13.08,11.8
5/21/2023 14:00,13.33,11.94
5/21/2023 14:30,13.4,11.9
5/21/2023 15:00,13.41,11.84
5/21/2023 15:30,13.01,11.58
5/21/2023 16:00,13.22,11.62
5/21/2023 16:30,12.33,11.28
5/21/2023 17:00,12.59,11.26
5/21/2023 17:30,12.61,11.3
5/21/2023 18:00,12.38,11.24
5/21/2023 18:30,12.46,11.2
5/21/2023 19:00,12.43,11.2
5/21/2023 19:30,12.21,11.16
5/21/2023 20:00,11.92,11
5/21/2023 20:30,11.84,11.04
5/21/2023 21:00,11.64,10.98
5/21/2023 21:30,11.95,11
5/21/2023 22:00,11.75,10.88
5/21/2023 22:30,11.85,10.9
5/21/2023 23:00,11.85,10.92
5/21/2023 23:30,11.89,10.92
5/22/2023 0:00,11.87,10.96
5/22/2023 0:30,11.74,10.88
5/22/2023 1:00,11.69,10.88
5/22/2023 1:30,11.7,10.94
5/22/2023 2:00,11.76,10.94
5/22/2023 2:30,11.66,10.84
5/22/2023 3:00,10.86,10.6
5/22/2023 3:30,11,10.54
5/22/2023 4:00,11.03,10.5
5/22/2023 4:30,11.55,10.78
5/22/2023 5:00,11.21,10.62
5/22/2023 5:30,11.06,10.48
5/22/2023 6:00,11.41,10.68
5/22/2023 6:30,11.47,10.7
5/22/2023 7:00,11.51,10.74
5/22/2023 7:30,11.73,10.96
5/22/2023 8:00,11.48,10.94
5/22/2023 8:30,11.51,10.86
5/22/2023 9:00,11.84,11.06
5/22/2023 9:30,11.8,11.08
5/22/2023 10:00,12.5,11.78
5/22/2023 10:30,12.53,12.14
5/22/2023 11:00,12.47,12.36
5/22/2023 11:30,12.39,12.74
5/22/2023 12:00,12.56,12.48
5/22/2023 12:30,12.87,12.8
5/22/2023 13:00,13.01,12.84
5/22/2023 13:30,13,12.72
5/22/2023 14:00,12.84,12.14
5/22/2023 14:30,12.82,11.9
5/22/2023 15:00,13,12
5/22/2023 15:30,12.87,12.02
5/22/2023 16:00,12.84,11.84
5/22/2023 16:30,13.14,12.24
5/22/2023 17:00,11.88,11.44
5/22/2023 17:30,11.64,11.04
5/22/2023 18:00,12.69,11.74
5/22/2023 18:30,12.29,11.54
5/22/2023 19:00,12.3,11.56
5/22/2023 19:30,12.82,11.86
5/22/2023 20:00,12.37,11.64
5/22/2023 20:30,12.33,11.54
5/22/2023 21:00,12.04,11.5
5/22/2023 21:30,11.81,11.36
5/22/2023 22:00,11.86,11.38
5/22/2023 22:30,12.18,11.56
5/22/2023 23:00,11.92,11.34
5/22/2023 23:30,12.15,11.52
5/23/2023 0:00,12.24,11.72
5/23/2023 0:30,11.56,11.56
5/23/2023 1:00,11.65,11.52
5/23/2023 1:30,11.37,11.38
5/23/2023 2:00,11.28,11.3
5/23/2023 2:30,11.4,11.52
5/23/2023 3:00,11.6,11.58
5/23/2023 3:30,11.27,11.48
5/23/2023 4:00,11.54,11.42
5/23/2023 4:30,11.71,11.32
5/23/2023 5:00,11.62,11.24
5/23/2023 5:30,11.83,11.38
5/23/2023 6:00,11.58,11.12
5/23/2023 6:30,11.7,11.12
5/23/2023 7:00,11.91,11.42
5/23/2023 7:30,11.78,11.4
5/23/2023 8:00,11.42,11.24
5/23/2023 8:30,11.15,11
5/23/2023 9:00,11.27,11.3
5/23/2023 9:30,11.19,11.08
5/23/2023 10:00,11.69,11.46
5/23/2023 10:30,12.02,11.44
5/23/2023 11:00,12.21,11.76
5/23/2023 11:30,12.37,11.86
5/23/2023 12:00,12.69,12.34
5/23/2023 12:30,12.54,12.52
5/23/2023 13:00,12.38,12.7
5/23/2023 13:30,12.67,12.44
5/23/2023 14:00,12.73,12.56
5/23/2023 14:30,12.39,12.48
5/23/2023 15:00,12.39,12.06
5/23/2023 15:30,13.09,12.18
5/23/2023 16:00,12.75,12.36
5/23/2023 16:30,13.24,12.42
5/23/2023 17:00,13.27,12.34
5/23/2023 17:30,12.07,12.02
5/23/2023 18:00,12.16,11.74
5/23/2023 18:30,12.46,12.06
5/23/2023 19:00,12.26,11.96
5/23/2023 19:30,12.13,12.02
5/23/2023 20:00,12.59,11.96
5/23/2023 20:30,13.31,12.04
5/23/2023 21:00,12.44,12.02
5/23/2023 21:30,12.49,11.9
5/23/2023 22:00,12.18,11.72
5/23/2023 22:30,11.94,11.64
5/23/2023 23:00,11.86,11.7
5/23/2023 23:30,11.5,11.66
5/24/2023 0:00,11.89,11.62
5/24/2023 0:30,11.52,11.46
5/24/2023 1:00,11.2,11.24
5/24/2023 1:30,11.04,11.08
5/24/2023 2:00,11.18,11.02
5/24/2023 2:30,11.38,11.2
5/24/2023 3:00,11.16,11.26
5/24/2023 3:30,11.62,11.46
5/24/2023 4:00,12.04,11.74
5/24/2023 4:30,11.86,11.68
5/24/2023 5:00,12.3,11.88
5/24/2023 5:30,11.94,11.84
5/24/2023 6:00,12.02,11.84
5/24/2023 6:30,11.85,11.82
5/24/2023 7:00,11.63,11.86
5/24/2023 7:30,11.58,11.9
5/24/2023 8:00,11.81,11.92
5/24/2023 8:30,11.8,11.92
5/24/2023 9:00,11.48,11.82
5/24/2023 9:30,11.47,12
5/24/2023 10:00,11.61,12.14
5/24/2023 10:30,11.71,11.94
5/24/2023 11:00,11.88,12.04
5/24/2023 11:30,12.29,12.68
5/24/2023 12:00,12.41,12.88
5/24/2023 12:30,12.63,13.22
5/24/2023 13:00,12.76,13.4
5/24/2023 13:30,12.79,13.36
5/24/2023 14:00,12.67,13.94
5/24/2023 14:30,12,13.68
5/24/2023 15:00,12.43,12.46
5/24/2023 15:30,12.15,11.86
5/24/2023 16:00,12.9,12.98
5/24/2023 16:30,12.96,12.7
5/24/2023 17:00,12.39,12.52
5/24/2023 17:30,12.65,12.2
5/24/2023 18:00,12.85,13.12
5/24/2023 18:30,12.51,12.4
5/24/2023 19:00,12.59,12.48
5/24/2023 19:30,12.29,12.46
5/24/2023 20:00,12.24,12.34
5/24/2023 20:30,12.56,12.42
5/24/2023 21:00,12.51,12.44
5/24/2023 21:30,12.04,12.18
5/24/2023 22:00,11.87,12.02
5/24/2023 22:30,11.89,11.94
5/24/2023 23:00,12.04,12.14
5/24/2023 23:30,12.06,12.1
5/25/2023 0:00,11.83,11.94
5/25/2023 0:30,10.87,11.76
5/25/2023 1:00,11.12,11.6
5/25/2023 1:30,10.97,11.42
5/25/2023 2:00,10.64,11.38
5/25/2023 2:30,10.81,11.36
5/25/2023 3:00,10.75,11.34
5/25/2023 3:30,11.08,11.26
5/25/2023 4:00,10.87,11.38
5/25/2023 4:30,9.99,11.34
5/25/2023 5:00,11.3,11.48
5/25/2023 5:30,11.39,11.56
5/25/2023 6:00,10.68,11.5
5/25/2023 6:30,11.54,11.86
5/25/2023 7:00,11.54,11.98
5/25/2023 7:30,12.08,12.06
5/25/2023 8:00,11.93,12.06
5/25/2023 8:30,11.83,12.02
5/25/2023 9:00,11.84,12
5/25/2023 9:30,11.63,11.9
5/25/2023 10:00,11.83,11.9
5/25/2023 10:30,11.6,11.96
5/25/2023 11:00,11.62,11.8
5/25/2023 11:30,11.75,12.1
5/25/2023 12:00,11.83,12.04
5/25/2023 12:30,11.91,12.3
5/25/2023 13:00,12.15,12.66
5/25/2023 13:30,12.15,12.68
5/25/2023 14:00,12.11,12.46
5/25/2023 14:30,12.38,12.66
5/25/2023 15:00,12.08,12.68
5/25/2023 15:30,12.73,12.78
5/25/2023 16:00,12.54,13.12
5/25/2023 16:30,12.51,13.16
5/25/2023 17:00,12.52,13.12
5/25/2023 17:30,12.7,13.1
5/25/2023 18:00,12.84,13.16
5/25/2023 18:30,12.56,12.82
5/25/2023 19:00,12.8,13.04
5/25/2023 19:30,12.76,12.88
5/25/2023 20:00,12.41,12.74
5/25/2023 20:30,12.38,12.72
5/25/2023 21:00,12.26,12.74
5/25/2023 21:30,11.49,12.4
5/25/2023 22:00,11.39,11.94
5/25/2023 22:30,11.75,12.14
5/25/2023 23:00,11.53,12.16
5/25/2023 23:30,11.61,12.02
5/26/2023 0:00,11.36,11.88
5/26/2023 0:30,11.56,11.92
5/26/2023 1:00,11.47,11.82
5/26/2023 1:30,11.6,11.88
5/26/2023 2:00,11.59,11.84
5/26/2023 2:30,11.54,11.86
5/26/2023 3:00,11.47,11.8
5/26/2023 3:30,11.36,11.7
5/26/2023 4:00,11.4,11.72
5/26/2023 4:30,11.2,11.7
5/26/2023 5:00,10.83,11.7
5/26/2023 5:30,11.43,11.78
5/26/2023 6:00,11.55,11.94
5/26/2023 6:30,11.19,11.92
5/26/2023 7:00,11.09,11.82
5/26/2023 7:30,11.6,11.82
5/26/2023 8:00,11.77,11.86
5/26/2023 8:30,11.69,11.94
5/26/2023 9:00,11.65,12.06
5/26/2023 9:30,11.83,12.08
5/26/2023 10:00,11.53,12.02
5/26/2023 10:30,11.72,12
5/26/2023 11:00,11.72,12
5/26/2023 11:30,11.51,11.8
5/26/2023 12:00,11.89,11.88
5/26/2023 12:30,12.07,12.16
5/26/2023 13:00,11.98,12.08
5/26/2023 13:30,12.06,12.7
5/26/2023 14:00,12.44,12.72
5/26/2023 14:30,12.22,12.64
5/26/2023 15:00,12.78,13.08
5/26/2023 15:30,12.9,13.38
5/26/2023 16:00,12.91,12.7
5/26/2023 16:30,12.98,13.34
5/26/2023 17:00,13.4,13.18
5/26/2023 17:30,12.98,13.28
5/26/2023 18:00,12.84,13.42
5/26/2023 18:30,12.51,13.3
5/26/2023 19:00,12.65,13.12
5/26/2023 19:30,12.74,12.94
5/26/2023 20:00,12.6,12.9
5/26/2023 20:30,12.56,12.72
5/26/2023 21:00,12.47,12.48
5/26/2023 21:30,12.21,12.28
5/26/2023 22:00,12.11,12.3
5/26/2023 22:30,12.14,12.08
5/26/2023 23:00,11.89,11.96
5/26/2023 23:30,11.85,12.12
5/27/2023 0:00,12.28,12.22
5/27/2023 0:30,11.65,11.9
5/27/2023 1:00,11.44,11.82
5/27/2023 1:30,11.23,11.84
5/27/2023 2:00,11.15,11.68
5/27/2023 2:30,11.43,11.74
5/27/2023 3:00,11.77,12.04
5/27/2023 3:30,11.61,12.12
5/27/2023 4:00,11.42,12.02
5/27/2023 4:30,11.52,11.96
5/27/2023 5:00,11.62,12.08
5/27/2023 5:30,11.55,12.06
5/27/2023 6:00,11.3,12.06
5/27/2023 6:30,11.25,11.8
5/27/2023 7:00,11.88,12.04
5/27/2023 7:30,11.85,12.2
5/27/2023 8:00,11.8,12.24
5/27/2023 8:30,11.92,12.24
5/27/2023 9:00,12,12.24
5/27/2023 9:30,11.92,12.24
5/27/2023 10:00,11.89,12.2
5/27/2023 10:30,12.03,12.18
5/27/2023 11:00,11.73,12.12
5/27/2023 11:30,12.36,12.34
5/27/2023 12:00,12.56,12.52
5/27/2023 12:30,11.99,12.26
5/27/2023 13:00,12.42,12.64
5/27/2023 13:30,12.18,12.32
5/27/2023 14:00,12.87,12.92
5/27/2023 14:30,12.39,13.06
5/27/2023 15:00,12.26,12.62
5/27/2023 15:30,13.13,12.88
5/27/2023 16:00,13.11,13.1
5/27/2023 16:30,13.2,13.42
5/27/2023 17:00,13.9,14.12
5/27/2023 17:30,13.75,14.32
5/27/2023 18:00,12.1,13.02
5/27/2023 18:30,14.25,13.82
5/27/2023 19:00,14.14,13.9
5/27/2023 19:30,14.02,13.98
5/27/2023 20:00,13.79,14.14
5/27/2023 20:30,13.41,14.14
5/27/2023 21:00,14.13,13.88
5/27/2023 21:30,14.41,14.36
5/27/2023 22:00,14.29,14.48
5/27/2023 22:30,14.28,14.42
5/27/2023 23:00,14.22,14.3
5/27/2023 23:30,14.13,14.38
5/28/2023 0:00,13.82,14.44
5/28/2023 0:30,13.58,14.46
5/28/2023 1:00,13.68,14.54
5/28/2023 1:30,13.16,14.3
5/28/2023 2:00,13.12,14.12
5/28/2023 2:30,12.04,12.72
5/28/2023 3:00,12.05,12.54
5/28/2023 3:30,12.1,12.38
5/28/2023 4:00,11.78,12.24
5/28/2023 4:30,13.4,13.2
5/28/2023 5:00,12.75,13.64
5/28/2023 5:30,12.75,13.38
5/28/2023 6:00,12.85,13.72
5/28/2023 6:30,12.67,13.58
5/28/2023 7:00,12.73,13.54
5/28/2023 7:30,12.91,13.4
5/28/2023 8:00,13.09,13.62
5/28/2023 8:30,13.23,13.98
5/28/2023 9:00,13.26,13.74
5/28/2023 9:30,12.89,14.38
5/28/2023 10:00,12.78,14.46
5/28/2023 10:30,13.31,14.22
5/28/2023 11:00,13.07,14.18
5/28/2023 11:30,13.13,14.14
5/28/2023 12:00,13.52,14.2
5/28/2023 12:30,13.46,14.06
5/28/2023 13:00,13.66,14.3
5/28/2023 13:30,13.86,14.28
5/28/2023 14:00,13.72,14.1
5/28/2023 14:30,14.3,13.92
5/28/2023 15:00,14.25,14.02
5/28/2023 15:30,14.62,14.14
5/28/2023 16:00,14.14,14.1
5/28/2023 16:30,14.46,14.1
5/28/2023 17:00,14.35,14.06
5/28/2023 17:30,13.93,13.94
5/28/2023 18:00,14.1,13.88
5/28/2023 18:30,13.67,13.76
5/28/2023 19:00,14.05,13.58
5/28/2023 19:30,14.05,13.58
5/28/2023 20:00,14.82,13.76
5/28/2023 20:30,15.47,13.64
5/28/2023 21:00,14.65,13.84
5/28/2023 21:30,15.38,14.26
5/28/2023 22:00,15.32,14.52
5/28/2023 22:30,15.07,14.7
5/28/2023 23:00,14.19,14.86
5/28/2023 23:30,14.23,14.98
5/29/2023 0:00,14.27,14.54
5/29/2023 0:30,14.52,14.1
5/29/2023 1:00,14.24,14.74
5/29/2023 1:30,13.71,14.64
5/29/2023 2:00,13.47,15.28
5/29/2023 2:30,13.04,15.22
5/29/2023 3:00,12.98,14.18
5/29/2023 3:30,12.49,13.6
5/29/2023 4:00,12.21,13.48
5/29/2023 4:30,11.28,12.3
5/29/2023 5:00,12.5,14.68
5/29/2023 5:30,12.09,13.3
5/29/2023 6:00,11.76,12.82
5/29/2023 6:30,11.39,12.84
5/29/2023 7:00,11.69,12.56
5/29/2023 7:30,12.41,13.44
5/29/2023 8:00,12.17,14.14
5/29/2023 8:30,11.85,13.88
5/29/2023 9:00,12.38,14.36
5/29/2023 9:30,12.24,14.54
5/29/2023 10:00,12.18,13.8
5/29/2023 10:30,11.7,14.02
5/29/2023 11:00,11.85,13.88
5/29/2023 11:30,13.27,13.58
5/29/2023 12:00,13.33,13.52
5/29/2023 12:30,12.94,13.34
5/29/2023 13:00,13.31,13.4
5/29/2023 13:30,12.96,12.78
5/29/2023 14:00,14.01,13.34
5/29/2023 14:30,13.77,13.16
5/29/2023 15:00,14.01,13.2
5/29/2023 15:30,13.95,13.12
5/29/2023 16:00,12.84,12.6
5/29/2023 16:30,13.62,12.74
5/29/2023 17:00,14.65,13.24
5/29/2023 17:30,14.62,13.9
5/29/2023 18:00,14.52,13.48
5/29/2023 18:30,13.16,12.64
5/29/2023 19:00,13.03,12.52
5/29/2023 19:30,13.05,12.84
5/29/2023 20:00,15.06,14.02
5/29/2023 20:30,14.91,13.52
5/29/2023 21:00,15.15,13.56
5/29/2023 21:30,14.65,13.44
5/29/2023 22:00,14.47,13.24
5/29/2023 22:30,13.25,12.62
5/29/2023 23:00,12.47,12.24
5/29/2023 23:30,12.53,12.3
5/30/2023 0:00,14.76,13.88
5/30/2023 0:30,14.07,14.3
5/30/2023 1:00,13.8,13.76
5/30/2023 1:30,12.08,13.06
5/30/2023 2:00,12.17,12.36
5/30/2023 2:30,12,12.44
5/30/2023 3:00,12.05,13.02
5/30/2023 3:30,12.62,13.58
5/30/2023 4:00,13.58,14.38
5/30/2023 4:30,13.74,13.9
5/30/2023 5:00,13.7,14.3
5/30/2023 5:30,13.3,14.5
5/30/2023 6:00,13.01,13.96
5/30/2023 6:30,12.79,13.72
5/30/2023 7:00,12.38,13.52
5/30/2023 7:30,12.71,13.84
5/30/2023 8:00,12.49,13.6
5/30/2023 8:30,12.33,13.72
5/30/2023 9:00,12.11,13.36
5/30/2023 9:30,11.71,13.36
5/30/2023 10:00,12.76,13.5
5/30/2023 10:30,11.88,13.34
5/30/2023 11:00,12.51,14.32
5/30/2023 11:30,11.97,14.36
5/30/2023 12:00,12.63,14.16
5/30/2023 12:30,12.09,14.1
5/30/2023 13:00,11.64,13.42
5/30/2023 13:30,12.07,13.58
5/30/2023 14:00,12.37,13.28
5/30/2023 14:30,13.63,13.64
5/30/2023 15:00,13.55,13.34
5/30/2023 15:30,13.05,13.22
5/30/2023 16:00,14.51,13.58
5/30/2023 16:30,13.8,13.5
5/30/2023 17:00,13.59,13.26
5/30/2023 17:30,13.7,13.34
5/30/2023 18:00,13.61,13.24
5/30/2023 18:30,13.34,12.86
5/30/2023 19:00,13.33,12.64
5/30/2023 19:30,13.64,12.86
5/30/2023 20:00,12.92,12.5
5/30/2023 20:30,12.87,12.76
5/30/2023 21:00,12.71,12.6
5/30/2023 21:30,13.12,12.74
5/30/2023 22:00,13.13,12.78
5/30/2023 22:30,13.38,12.82
5/30/2023 23:00,13.34,12.84
5/30/2023 23:30,13.26,13
5/31/2023 0:00,13.27,13.02
5/31/2023 0:30,13.18,13.08
5/31/2023 1:00,13.41,13.28
5/31/2023 1:30,13.17,13.2
5/31/2023 2:00,13.11,13.14
5/31/2023 2:30,13.53,13.36
5/31/2023 3:00,12.58,13.12
5/31/2023 3:30,12.92,13.16
5/31/2023 4:00,12.62,13.08
5/31/2023 4:30,12.61,12.54
5/31/2023 5:00,12.94,12.7
5/31/2023 5:30,13.44,13
5/31/2023 6:00,13.62,13
5/31/2023 6:30,13.19,13.1
5/31/2023 7:00,12.94,13.54
5/31/2023 7:30,13.02,13.36
5/31/2023 8:00,12.51,13.42
5/31/2023 8:30,12.71,13.78
5/31/2023 9:00,12.71,13.54
5/31/2023 9:30,13.3,13.64
5/31/2023 10:00,12.87,13.38
5/31/2023 10:30,13.59,13.82
5/31/2023 11:00,13.14,13.4
5/31/2023 11:30,13.4,13.66
5/31/2023 12:00,13.71,13.92
5/31/2023 12:30,13.4,13.52
5/31/2023 13:00,14.37,13.54
5/31/2023 13:30,13.59,13.26
5/31/2023 14:00,14.34,13.4
5/31/2023 14:30,13.69,13.12
5/31/2023 15:00,13.7,12.92
5/31/2023 15:30,14,13.08
5/31/2023 16:00,14.52,13.28
5/31/2023 16:30,15.33,13.98
5/31/2023 17:00,14.96,13.78
5/31/2023 17:30,14.59,13.86
5/31/2023 18:00,14.93,13.94
5/31/2023 18:30,14.23,13.76
5/31/2023 19:00,12.94,12.5
5/31/2023 19:30,12.38,12.3
5/31/2023 20:00,13.17,12.52
5/31/2023 20:30,14.14,13.16
5/31/2023 21:00,13.52,12.62
5/31/2023 21:30,14,12.74
5/31/2023 22:00,13.86,12.92
5/31/2023 22:30,14.14,13.2
5/31/2023 23:00,13.96,13.26
5/31/2023 23:30,13.89,13.44
6/1/2023 0:00,13.93,13.5
6/1/2023 0:30,14.03,13.52
6/1/2023 1:00,14.4,13.56
6/1/2023 1:30,14.33,13.88
6/1/2023 2:00,14.43,13.94
6/1/2023 2:30,13.73,13.26
6/1/2023 3:00,13.7,13.16
6/1/2023 3:30,13.92,13.28
6/1/2023 4:00,14.01,13.6
6/1/2023 4:30,13.85,13.5
6/1/2023 5:00,13.62,13.36
6/1/2023 5:30,13.29,13.38
6/1/2023 6:00,13.4,13.64
6/1/2023 6:30,12.74,13.34
6/1/2023 7:00,13.68,13.72
6/1/2023 7:30,12.91,13.76
6/1/2023 8:00,12.65,13.76
6/1/2023 8:30,13.2,13.52
6/1/2023 9:00,13.31,13.68
6/1/2023 9:30,13.57,14.06
6/1/2023 10:00,12.4,14.02
6/1/2023 10:30,13.81,14
6/1/2023 11:00,13.72,13.4
6/1/2023 11:30,13.94,13.72
6/1/2023 12:00,14.17,13.88
6/1/2023 12:30,13.74,13.86
6/1/2023 13:00,14.04,13.74
6/1/2023 13:30,14.39,13.58
6/1/2023 14:00,14.47,13.64
6/1/2023 14:30,13.63,13.3
6/1/2023 15:00,14.57,13.32
6/1/2023 15:30,14.22,13.14
6/1/2023 16:00,14.25,13.04
6/1/2023 16:30,14.8,13.12
6/1/2023 17:00,14.56,13.28
6/1/2023 17:30,14.71,13.2
6/1/2023 18:00,13.08,12.8
6/1/2023 18:30,13.55,12.88
6/1/2023 19:00,12.84,12.5
6/1/2023 19:30,12.68,12.12
6/1/2023 20:00,12.06,11.78
6/1/2023 20:30,12.06,11.64
6/1/2023 21:00,11.76,11.48
6/1/2023 21:30,12.11,11.66
6/1/2023 22:00,12.84,12.08
6/1/2023 22:30,14.18,12.52
6/1/2023 23:00,13.14,12.86
6/1/2023 23:30,14.37,13.26
6/2/2023 0:00,14.01,13.38
6/2/2023 0:30,13.03,13.36
6/2/2023 1:00,12.75,13.36
6/2/2023 1:30,12.83,13.36
6/2/2023 2:00,13.86,13.54
6/2/2023 2:30,13.47,13.5
6/2/2023 3:00,12.59,13.5
6/2/2023 3:30,6.08,13.34
6/2/2023 4:00,8.42,13.04
6/2/2023 4:30,10.97,12.98
6/2/2023 5:00,12.94,12.94
6/2/2023 5:30,12.21,12.5
6/2/2023 6:00,12.93,12.78
6/2/2023 6:30,12.41,12.86
6/2/2023 7:00,13.47,13.08
6/2/2023 7:30,13.69,13.54
6/2/2023 8:00,13.14,13.4
6/2/2023 8:30,13.46,13.5
6/2/2023 9:00,13.36,13.7
6/2/2023 9:30,13.33,13.72
6/2/2023 10:00,8.46,13.66
6/2/2023 10:30,12.36,13.4
6/2/2023 11:00,10.67,12.78
6/2/2023 11:30,12.87,13.12
6/2/2023 12:00,13.12,13.14
6/2/2023 12:30,13.72,13.2
6/2/2023 13:00,13.66,13.44
6/2/2023 13:30,14.01,13.64
6/2/2023 14:00,11.23,13.18
6/2/2023 14:30,13.22,12.78
6/2/2023 15:00,13.88,12.94
6/2/2023 15:30,12.95,12.76
6/2/2023 16:00,14.01,12.66
6/2/2023 16:30,12.92,12.4
6/2/2023 17:00,11.83,11.96
6/2/2023 17:30,12.95,12.36
6/2/2023 18:00,14.08,13
6/2/2023 18:30,13.38,12.92
6/2/2023 19:00,11.99,12.24
6/2/2023 19:30,10.73,12.34
6/2/2023 20:00,12.47,12.36
6/2/2023 20:30,12.51,12.2
6/2/2023 21:00,11.88,11.92
6/2/2023 21:30,10.95,11.64
6/2/2023 22:00,10.9,11.62
6/2/2023 22:30,10.19,11.74
6/2/2023 23:00,7.52,11.7
6/2/2023 23:30,10.85,12.1
6/3/2023 0:00,10.67,12.02
6/3/2023 0:30,11.59,11.84
6/3/2023 1:00,9.4,12.12
6/3/2023 1:30,7.54,12.24
6/3/2023 2:00,7.68,12.38
6/3/2023 2:30,7.94,12.44
6/3/2023 3:00,11.6,12.48
6/3/2023 3:30,9.96,12.56
6/3/2023 4:00,12.31,12.26
6/3/2023 4:30,12.69,12.32
6/3/2023 5:00,12.78,12.34
6/3/2023 5:30,12.58,12.24
6/3/2023 6:00,11.84,12.1
6/3/2023 6:30,11.95,12.02
6/3/2023 7:00,12.42,12.02
6/3/2023 7:30,12.16,12.32
6/3/2023 8:00,12.6,12.4
6/3/2023 8:30,12.7,12.56
6/3/2023 9:00,12.53,12.64
6/3/2023 9:30,11.98,12.7
6/3/2023 10:00,13.24,12.72
6/3/2023 10:30,13.47,12.68
6/3/2023 11:00,13.47,12.88
6/3/2023 11:30,13.46,13
6/3/2023 12:00,13.08,12.52
6/3/2023 12:30,13.84,12.9
6/3/2023 13:00,13.14,12.5
6/3/2023 13:30,14.54,13.14
6/3/2023 14:00,13.09,12.96
6/3/2023 14:30,13.33,12.28
6/3/2023 15:00,12.92,12.32
6/3/2023 15:30,12.95,12.26
6/3/2023 16:00,13.82,12.32
6/3/2023 16:30,13.17,12.44
6/3/2023 17:00,13.64,12.42
6/3/2023 17:30,13.57,12.62
6/3/2023 18:00,13.33,12.44
6/3/2023 18:30,13.63,12.52
6/3/2023 19:00,13.28,12.28
6/3/2023 19:30,13.45,12.46
6/3/2023 20:00,12.21,12.46
6/3/2023 20:30,12.43,12.1
6/3/2023 21:00,12.06,11.96
6/3/2023 21:30,13.09,12.14
6/3/2023 22:00,12.59,12.18
6/3/2023 22:30,12.24,12.06
6/3/2023 23:00,11.43,12.12
6/3/2023 23:30,11.52,12.06
6/4/2023 0:00,10.09,11.54
6/4/2023 0:30,9.97,12.14
6/4/2023 1:00,10.18,12.02
6/4/2023 1:30,10.85,11.66
6/4/2023 2:00,11.42,11.72
6/4/2023 2:30,12.4,12.06
6/4/2023 3:00,12.76,12.14
6/4/2023 3:30,12.58,12.18
6/4/2023 4:00,12.7,12.18
6/4/2023 4:30,12.28,12
6/4/2023 5:00,11.97,11.98
6/4/2023 5:30,11.61,11.62
6/4/2023 6:00,11.73,11.78
6/4/2023 6:30,11.65,11.68
6/4/2023 7:00,12.24,11.76
6/4/2023 7:30,11.74,11.76
6/4/2023 8:00,12.18,12.18
6/4/2023 8:30,13.18,12.68
6/4/2023 9:00,13.3,12.9
6/4/2023 9:30,13.69,13.16
6/4/2023 10:00,13.41,13.24
6/4/2023 10:30,13.01,13.18
6/4/2023 11:00,13.24,13.14
6/4/2023 11:30,13.47,13.34
6/4/2023 12:00,13.61,13.24
6/4/2023 12:30,12.79,12.58
6/4/2023 13:00,13.23,12.8
6/4/2023 13:30,13.75,12.72
6/4/2023 14:00,13.35,13.12
6/4/2023 14:30,13.08,12.62
6/4/2023 15:00,12.92,12.76
6/4/2023 15:30,12.28,12.3
6/4/2023 16:00,12.19,12.14
6/4/2023 16:30,12.61,12.1
6/4/2023 17:00,11.88,11.76
6/4/2023 17:30,11.88,11.78
6/4/2023 18:00,11.93,11.84
6/4/2023 18:30,13.06,12.26
6/4/2023 19:00,11.26,11.9
6/4/2023 19:30,11.74,11.82
6/4/2023 20:00,11.52,11.7
6/4/2023 20:30,10.49,11.12
6/4/2023 21:00,11.1,11.26
6/4/2023 21:30,13.11,12.08
6/4/2023 22:00,12.26,12.18
6/4/2023 22:30,11.89,12.22
6/4/2023 23:00,7.91,12.18
6/4/2023 23:30,9.65,12.12
6/5/2023 0:00,9.12,12.04
6/5/2023 0:30,11.48,11.98
6/5/2023 1:00,11.67,12.06
6/5/2023 1:30,11.8,11.92
6/5/2023 2:00,12.2,11.84
6/5/2023 2:30,11.98,11.7
6/5/2023 3:00,11.98,11.64
6/5/2023 3:30,11.51,11.82
6/5/2023 4:00,12.13,11.76
6/5/2023 4:30,11.33,11.74
6/5/2023 5:00,12.05,11.82
6/5/2023 5:30,12,11.8
6/5/2023 6:00,11.95,11.76
6/5/2023 6:30,11.33,11.54
6/5/2023 7:00,11.44,11.5
6/5/2023 7:30,11.27,11.42
6/5/2023 8:00,10.95,11.22
6/5/2023 8:30,11.62,11.54
6/5/2023 9:00,11.33,11.46
6/5/2023 9:30,11.84,11.72
6/5/2023 10:00,12.04,11.84
6/5/2023 10:30,12.18,11.88
6/5/2023 11:00,11.73,11.84
6/5/2023 11:30,12.04,11.84
6/5/2023 12:00,12.4,11.92
6/5/2023 12:30,12.82,12.24
6/5/2023 13:00,12.85,12.36
6/5/2023 13:30,12.67,12.08
6/5/2023 14:00,12.82,12.04
6/5/2023 14:30,12.91,11.96
6/5/2023 15:00,12.67,12.04
6/5/2023 15:30,12.2,12
6/5/2023 16:00,12.7,11.86
6/5/2023 16:30,13.25,12.24
6/5/2023 17:00,11.38,11.8
6/5/2023 17:30,11.09,11.56
6/5/2023 18:00,10.83,11.28
6/5/2023 18:30,11.26,11.3
6/5/2023 19:00,11.94,11.52
6/5/2023 19:30,12.05,11.56
6/5/2023 20:00,11.56,11.44
6/5/2023 20:30,10.63,11.1
6/5/2023 21:00,10.84,11.08
6/5/2023 21:30,10.83,11.08
6/5/2023 22:00,10.67,11.04
6/5/2023 22:30,10.65,11.08
6/5/2023 23:00,10.48,11.02
6/5/2023 23:30,10.9,11.14
6/6/2023 0:00,10.85,11.32
6/6/2023 0:30,10.62,11.22
6/6/2023 1:00,10.63,11.16
6/6/2023 1:30,9.82,11.16
6/6/2023 2:00,10.23,11.18
6/6/2023 2:30,10.54,11.12
6/6/2023 3:00,10.59,11.1
6/6/2023 3:30,10.19,10.86
6/6/2023 4:00,10.41,10.84
6/6/2023 4:30,10.41,10.94
6/6/2023 5:00,10.3,10.84
6/6/2023 5:30,10.3,10.84
6/6/2023 6:00,10.24,10.82
6/6/2023 6:30,10.41,10.96
6/6/2023 7:00,10.63,11
6/6/2023 7:30,10.39,10.94
6/6/2023 8:00,10.88,11.06
6/6/2023 8:30,10.56,11.04
6/6/2023 9:00,10.72,11.12
6/6/2023 9:30,10.42,11.08
6/6/2023 10:00,11.64,11.34
6/6/2023 10:30,11.49,11.48
6/6/2023 11:00,11.2,11.48
6/6/2023 11:30,10.79,11.32
6/6/2023 12:00,10.83,11.32
6/6/2023 12:30,11.6,11.62
6/6/2023 13:00,11.28,11.56
6/6/2023 13:30,11.77,11.58
6/6/2023 14:00,11.75,11.8
6/6/2023 14:30,11.63,11.8
6/6/2023 15:00,11.89,11.84
6/6/2023 15:30,11.39,12
6/6/2023 16:00,11.43,11.7
6/6/2023 16:30,9.94,11.52
6/6/2023 17:00,11.39,11.42
6/6/2023 17:30,11.09,11.28
6/6/2023 18:00,11.07,11.46
6/6/2023 18:30,10.92,11.18
6/6/2023 19:00,10.72,11.14
6/6/2023 19:30,11.36,11.26
6/6/2023 20:00,11.55,11.56
6/6/2023 20:30,11.36,11.48
6/6/2023 21:00,11.04,11.32
6/6/2023 21:30,10.63,11.06
6/6/2023 22:00,10.63,11.04
6/6/2023 22:30,10.55,11.02
6/6/2023 23:00,10.6,11.02
6/6/2023 23:30,10.95,11.16
6/7/2023 0:00,10.83,11.12
6/7/2023 0:30,11.07,11.22
6/7/2023 1:00,11.04,11.24
6/7/2023 1:30,10.55,11.24
6/7/2023 2:00,9.73,11.18
6/7/2023 2:30,11.38,11.28
6/7/2023 3:00,10.26,11.26
6/7/2023 3:30,10.74,11.26
6/7/2023 4:00,10.64,11.22
6/7/2023 4:30,10.61,10.92
6/7/2023 5:00,10.08,10.74
6/7/2023 5:30,10.55,10.86
6/7/2023 6:00,10.64,11.02
6/7/2023 6:30,10.43,10.96
6/7/2023 7:00,10.4,10.88
6/7/2023 7:30,10.73,11.1
6/7/2023 8:00,10.73,11.08
6/7/2023 8:30,10.74,11.1
6/7/2023 9:00,10.65,11.08
6/7/2023 9:30,10.83,11.14
6/7/2023 10:00,10.34,11.1
6/7/2023 10:30,10.79,11.06
6/7/2023 11:00,10.96,11.22
6/7/2023 11:30,12.05,11.72
6/7/2023 12:00,12.91,12.28
6/7/2023 12:30,12.61,12.34
6/7/2023 13:00,13.41,12.38
6/7/2023 13:30,12.94,12.38
6/7/2023 14:00,12.96,12.44
6/7/2023 14:30,13.04,12.66
6/7/2023 15:00,14.35,12.58
6/7/2023 15:30,13.82,12.6
6/7/2023 16:00,13.05,12.2
6/7/2023 16:30,14.08,12.08
6/7/2023 17:00,13.59,12.6
6/7/2023 17:30,12.63,12
6/7/2023 18:00,11.72,11.6
6/7/2023 18:30,11.74,11.78
6/7/2023 19:00,11.45,11.5
6/7/2023 19:30,11.42,11.28
6/7/2023 20:00,11.44,11.46
6/7/2023 20:30,11.63,11.66
6/7/2023 21:00,11.78,11.6
6/7/2023 21:30,11.49,11.52
6/7/2023 22:00,11.2,11.38
6/7/2023 22:30,10.99,11.3
6/7/2023 23:00,10.84,11.2
6/7/2023 23:30,10.53,11.12
6/8/2023 0:00,10.66,11.18
6/8/2023 0:30,10.79,11.2
6/8/2023 1:00,10.34,11.12
6/8/2023 1:30,10.26,11.12
6/8/2023 2:00,9.38,11.12
6/8/2023 2:30,10.34,11.04
6/8/2023 3:00,10.65,11.04
6/8/2023 3:30,11.01,11.36
6/8/2023 4:00,10.53,11.22
6/8/2023 4:30,11.1,11.3
6/8/2023 5:00,11.36,11.5
6/8/2023 5:30,11.48,11.58
6/8/2023 6:00,11.48,11.6
6/8/2023 6:30,11.43,11.58
6/8/2023 7:00,11.42,11.56
6/8/2023 7:30,11.63,11.6
6/8/2023 8:00,11.2,11.5
6/8/2023 8:30,10.89,11.48
6/8/2023 9:00,11.17,11.64
6/8/2023 9:30,11.56,11.98
6/8/2023 10:00,11.87,12.28
6/8/2023 10:30,12.67,12.92
6/8/2023 11:00,12.83,13.04
6/8/2023 11:30,13.02,13.56
6/8/2023 12:00,13.15,13.88
6/8/2023 12:30,13.08,14.32
6/8/2023 13:00,13.23,14.22
6/8/2023 13:30,13.15,14.52
6/8/2023 14:00,13.47,15.04
6/8/2023 14:30,13.35,15
6/8/2023 15:00,13.74,14.96
6/8/2023 15:30,13.17,15.16
6/8/2023 16:00,13.93,13.62
6/8/2023 16:30,13.73,13.16
6/8/2023 17:00,14.67,13.42
6/8/2023 17:30,13.22,13.08
6/8/2023 18:00,13.69,12.92
6/8/2023 18:30,14.07,13.12
6/8/2023 19:00,12.63,12.7
6/8/2023 19:30,12.37,12.56
6/8/2023 20:00,13.17,12.58
6/8/2023 20:30,12.71,12.82
6/8/2023 21:00,12.33,12.36
6/8/2023 21:30,11.85,12.18
6/8/2023 22:00,13.46,12.66
6/8/2023 22:30,11.92,12.48
6/8/2023 23:00,11.93,12.48
6/8/2023 23:30,12.8,12.72
6/9/2023 0:00,12.83,13.02
6/9/2023 0:30,12.54,13
6/9/2023 1:00,12.32,12.78
6/9/2023 1:30,12.61,13.08
6/9/2023 2:00,11.76,12.66
6/9/2023 2:30,11.86,12.6
6/9/2023 3:00,12.21,12.5
6/9/2023 3:30,10.93,11.98
6/9/2023 4:00,11.11,12.26
6/9/2023 4:30,11.91,12.68
6/9/2023 5:00,11.74,12.82
6/9/2023 5:30,11.94,12.72
6/9/2023 6:00,12.59,13.32
6/9/2023 6:30,12.41,13.66
6/9/2023 7:00,12.25,13.62
6/9/2023 7:30,12.22,13.34
6/9/2023 8:00,12.29,13.38
6/9/2023 8:30,12.44,13.5
6/9/2023 9:00,12.24,13.28
6/9/2023 9:30,11.67,12.94
6/9/2023 10:00,12.38,13.2
6/9/2023 10:30,12.28,13.26
6/9/2023 11:00,12.19,13.28
6/9/2023 11:30,12.28,13.54
6/9/2023 12:00,12.42,13.7
6/9/2023 12:30,12.38,13.68
6/9/2023 13:00,12.16,13.36
6/9/2023 13:30,12.36,13.8
6/9/2023 14:00,12.72,14.26
6/9/2023 14:30,12.7,14.58
6/9/2023 15:00,12.58,14.74
6/9/2023 15:30,12.7,14.78
6/9/2023 16:00,12.39,14.68
6/9/2023 16:30,11.8,14.18
6/9/2023 17:00,11.86,13.34
6/9/2023 17:30,11.76,12.84
6/9/2023 18:00,12.47,13.08
6/9/2023 18:30,12.62,13.66
6/9/2023 19:00,12.87,14.32
6/9/2023 19:30,11.83,13.72
6/9/2023 20:00,11.86,13.78
6/9/2023 20:30,12.11,13.88
6/9/2023 21:00,11.8,13.24
6/9/2023 21:30,12.16,12.96
6/9/2023 22:00,11.96,13.18
6/9/2023 22:30,11.89,13.08
6/9/2023 23:00,11.75,12.92
6/9/2023 23:30,11.44,13.14
6/10/2023 0:00,11.14,13.66
6/10/2023 0:30,10.88,12.64
6/10/2023 1:00,11.17,12.74
6/10/2023 1:30,10.93,12.28
6/10/2023 2:00,10.57,11.92
6/10/2023 2:30,11.36,13.22
6/10/2023 3:00,11.1,12.9
6/10/2023 3:30,10.82,13.06
6/10/2023 4:00,11,13
6/10/2023 4:30,12.1,13.42
6/10/2023 5:00,11.62,13.92
6/10/2023 5:30,11.4,13.48
6/10/2023 6:00,11.3,13.66
6/10/2023 6:30,10.74,13.4
6/10/2023 7:00,10.98,13.1
6/10/2023 7:30,11.36,13.3
6/10/2023 8:00,11.32,13.62
6/10/2023 8:30,11.88,13.64
6/10/2023 9:00,11.87,13.8
6/10/2023 9:30,11.88,13.82
6/10/2023 10:00,11.82,13.78
6/10/2023 10:30,12.09,13.9
6/10/2023 11:00,12.18,13.96
6/10/2023 11:30,11.93,13.8
6/10/2023 12:00,12.28,13.94
6/10/2023 12:30,12.03,13.76
6/10/2023 13:00,12.03,13.44
6/10/2023 13:30,12.41,13.8
6/10/2023 14:00,12.26,13.72
6/10/2023 14:30,12.11,13.58
6/10/2023 15:00,12.4,13.76
6/10/2023 15:30,12.61,13.84
6/10/2023 16:00,12.37,14.12
6/10/2023 16:30,12.3,13.96
6/10/2023 17:00,11.83,13.58
6/10/2023 17:30,12.06,13.62
6/10/2023 18:00,12.46,12.92
6/10/2023 18:30,12.02,12.7
6/10/2023 19:00,11.92,12.72
6/10/2023 19:30,11.86,12.62
6/10/2023 20:00,12.82,12.76
6/10/2023 20:30,12.91,13.32
6/10/2023 21:00,12.07,13.22
6/10/2023 21:30,12.57,13.1
6/10/2023 22:00,12.54,13.44
6/10/2023 22:30,12.18,13.24
6/10/2023 23:00,12.14,13.38
6/10/2023 23:30,12.22,13.18
6/11/2023 0:00,11.93,12.9
6/11/2023 0:30,12.4,12.8
6/11/2023 1:00,11.45,13.1
6/11/2023 1:30,12.21,13.16
6/11/2023 2:00,10.51,12.54
6/11/2023 2:30,9.8,11.8
6/11/2023 3:00,10.75,12.24
6/11/2023 3:30,11.17,12.6
6/11/2023 4:00,11.42,12.96
6/11/2023 4:30,11.4,12.98
6/11/2023 5:00,11.32,13.02
6/11/2023 5:30,11.58,12.92
6/11/2023 6:00,11.91,13.42
6/11/2023 6:30,11.38,13.28
6/11/2023 7:00,11.53,13.26
6/11/2023 7:30,11.28,13.18
6/11/2023 8:00,11.58,13.06
6/11/2023 8:30,11.69,13.24
6/11/2023 9:00,12.22,13.52
6/11/2023 9:30,12.31,13.66
6/11/2023 10:00,11.38,13.02
6/11/2023 10:30,12.18,12.92
6/11/2023 11:00,12.29,13.46
6/11/2023 11:30,11.55,12.9
6/11/2023 12:00,11.08,12.36
6/11/2023 12:30,12.09,12.9
6/11/2023 13:00,12.38,13.3
6/11/2023 13:30,11.81,12.92
6/11/2023 14:00,12.7,13.2
6/11/2023 14:30,12.47,12.94
6/11/2023 15:00,12.86,13.54
6/11/2023 15:30,13.26,13.84
6/11/2023 16:00,13.16,13.8
6/11/2023 16:30,13.62,14.1
6/11/2023 17:00,13.39,14
6/11/2023 17:30,13.9,14.18
6/11/2023 18:00,13.77,14.12
6/11/2023 18:30,13.45,14.06
6/11/2023 19:00,13.67,14.04
6/11/2023 19:30,13.61,13.88
6/11/2023 20:00,13.73,13.96
6/11/2023 20:30,13.63,13.82
6/11/2023 21:00,13.13,13.42
6/11/2023 21:30,12.52,13.32
6/11/2023 22:00,12.72,13.04
6/11/2023 22:30,12.26,12.92
6/11/2023 23:00,11.87,12.64
6/11/2023 23:30,11.32,12.24
6/12/2023 0:00,11.5,12.22
6/12/2023 0:30,11.51,12.3
6/12/2023 1:00,11.06,12.24
6/12/2023 1:30,11.4,12.04
6/12/2023 2:00,10.92,11.86
6/12/2023 2:30,10.7,11.84
6/12/2023 3:00,10.33,11.58
6/12/2023 3:30,10.15,11.58
6/12/2023 4:00,10.16,11.78
6/12/2023 4:30,11.19,12.2
6/12/2023 5:00,10.78,12.18
6/12/2023 5:30,11.58,12.56
6/12/2023 6:00,11.42,12.74
6/12/2023 6:30,11.62,12.74
6/12/2023 7:00,11.47,12.7
6/12/2023 7:30,11.58,12.68
6/12/2023 8:00,12.44,13.1
6/12/2023 8:30,10.55,13
6/12/2023 9:00,10.97,12.4
6/12/2023 9:30,10.95,12.6
6/12/2023 10:00,11.56,12.54
6/12/2023 10:30,11.11,12.4
6/12/2023 11:00,11.98,12.46
6/12/2023 11:30,12.53,12.9
6/12/2023 12:00,11.93,12.62
6/12/2023 12:30,10.85,11.88
6/12/2023 13:00,10.85,11.84
6/12/2023 13:30,11.07,11.88
6/12/2023 14:00,10.88,11.7
6/12/2023 14:30,11.55,11.92
6/12/2023 15:00,13.19,13.2
6/12/2023 15:30,13.89,13.54
6/12/2023 16:00,14.32,13.72
6/12/2023 16:30,14.52,14.16
6/12/2023 17:00,15.15,13.8
6/12/2023 17:30,14.32,13.94
6/12/2023 18:00,14.54,13.46
6/12/2023 18:30,15.2,14.54
6/12/2023 19:00,14.7,13.96
6/12/2023 19:30,13.75,13.76
6/12/2023 20:00,15.45,14.52
6/12/2023 20:30,14.84,14.2
6/12/2023 21:00,15.39,14.3
6/12/2023 21:30,14.47,14.04
6/12/2023 22:00,13.7,13.6
6/12/2023 22:30,12.9,13.02
6/12/2023 23:00,12.41,12.78
6/12/2023 23:30,12.57,12.66
6/13/2023 0:00,12.08,12.54
6/13/2023 0:30,12.13,12.34
6/13/2023 1:00,12.24,12.42
6/13/2023 1:30,11.25,12.34
6/13/2023 2:00,11.22,12.12
6/13/2023 2:30,10.6,12.04
6/13/2023 3:00,10.24,11.86
6/13/2023 3:30,10.73,11.66
6/13/2023 4:00,10.07,11.58
6/13/2023 4:30,11.71,12.38
6/13/2023 5:00,12.22,12.78
6/13/2023 5:30,12.59,12.98
6/13/2023 6:00,12.84,13.12
6/13/2023 6:30,12.76,13.02
6/13/2023 7:00,13.92,13.36
6/13/2023 7:30,13.03,13.2
6/13/2023 8:00,13.42,13.4
6/13/2023 8:30,13.83,13.4
6/13/2023 9:00,13.92,13.52
6/13/2023 9:30,13.07,13.18
6/13/2023 10:00,12.2,12.8
6/13/2023 10:30,12.52,12.68
6/13/2023 11:00,12.7,12.88
6/13/2023 11:30,12.08,12.82
6/13/2023 12:00,13.57,12.78
6/13/2023 12:30,13.69,13.02
6/13/2023 13:00,12.89,13
6/13/2023 13:30,13.38,12.86
6/13/2023 14:00,10.7,11.78
6/13/2023 14:30,10.77,11.76
6/13/2023 15:00,12.11,11.94
6/13/2023 15:30,10.96,11.82
6/13/2023 16:00,13.49,12.94
6/13/2023 16:30,11.89,12.34
6/13/2023 17:00,13.62,12.7
6/13/2023 17:30,13.03,12.72
6/13/2023 18:00,10.78,11.92
6/13/2023 18:30,14.96,12.5
6/13/2023 19:00,12.69,12.72
6/13/2023 19:30,12.07,12.18
6/13/2023 20:00,10.86,11.9
6/13/2023 20:30,13.86,12.82
6/13/2023 21:00,16.26,13.74
6/13/2023 21:30,14.81,13.58
6/13/2023 22:00,16.31,13.68
6/13/2023 22:30,15.8,13.7
6/13/2023 23:00,15.66,13.66
6/13/2023 23:30,15.48,13.64
6/14/2023 0:00,15.49,13.64
6/14/2023 0:30,15.7,13.64
6/14/2023 1:00,15.38,13.78
6/14/2023 1:30,15.33,13.92
6/14/2023 2:00,15.15,13.94
6/14/2023 2:30,14.77,13.7
6/14/2023 3:00,14.36,13.66
6/14/2023 3:30,13.92,13.44
6/14/2023 4:00,11.49,12.34
6/14/2023 4:30,13.62,13.3
6/14/2023 5:00,13.17,13.42
6/14/2023 5:30,14,14
6/14/2023 6:00,13.24,13.88
6/14/2023 6:30,13.03,13.98
6/14/2023 7:00,12.56,13.78
6/14/2023 7:30,12.7,13.88
6/14/2023 8:00,12.68,14.1
6/14/2023 8:30,12.63,14.2
6/14/2023 9:00,12.37,14.34
6/14/2023 9:30,11.86,13.66
6/14/2023 10:00,12.17,13.3
6/14/2023 10:30,12.24,13.22
6/14/2023 11:00,12.69,13.38
6/14/2023 11:30,13.03,13.66
6/14/2023 12:00,13.66,13.8
6/14/2023 12:30,12.5,13.64
6/14/2023 13:00,13.25,13.5
6/14/2023 13:30,12.22,12.98
6/14/2023 14:00,11.89,12.82
6/14/2023 14:30,11.88,12.58
6/14/2023 15:00,11.58,12.52
6/14/2023 15:30,11.95,12.46
6/14/2023 16:00,12.81,12.5
6/14/2023 16:30,12.92,12.92
6/14/2023 17:00,13.71,13.76
6/14/2023 17:30,14.98,13.76
6/14/2023 18:00,13.78,13.64
6/14/2023 18:30,11.39,12.56
6/14/2023 19:00,11.94,12.5
6/14/2023 19:30,11.29,12.32
6/14/2023 20:00,10.09,12.04
6/14/2023 20:30,11.03,11.9
6/14/2023 21:00,10.93,12.48
6/14/2023 21:30,11.47,12.32
6/14/2023 22:00,13.09,12.9
6/14/2023 22:30,13.33,13.04
6/14/2023 23:00,13.12,13.12
6/14/2023 23:30,13.34,13.14
6/15/2023 0:00,12.59,12.78
6/15/2023 0:30,13.27,13.1
6/15/2023 1:00,12.71,13.02
6/15/2023 1:30,12.97,13.26
6/15/2023 2:00,13.11,13.38
6/15/2023 2:30,12.48,13.22
6/15/2023 3:00,12.52,13.16
6/15/2023 3:30,12.11,13.02
6/15/2023 4:00,11.67,12.68
6/15/2023 4:30,11.29,12.44
6/15/2023 5:00,12.33,12.76
6/15/2023 5:30,11.75,12.98
6/15/2023 6:00,13.15,13.56
6/15/2023 6:30,13.24,13.64
6/15/2023 7:00,12.95,13.84
6/15/2023 7:30,12.32,13.66
6/15/2023 8:00,11.89,13.48
6/15/2023 8:30,12.31,13.54
6/15/2023 9:00,12.09,13.76
6/15/2023 9:30,12.31,14.02
6/15/2023 10:00,11.94,14
6/15/2023 10:30,12.03,13.38
6/15/2023 11:00,12.24,13.34
6/15/2023 11:30,12.36,13.44
6/15/2023 12:00,12.7,13.58
6/15/2023 12:30,12.9,13.64
6/15/2023 13:00,12.41,12.98
6/15/2023 13:30,12.15,12.82
6/15/2023 14:00,13.26,13.18
6/15/2023 14:30,12.09,13.18
6/15/2023 15:00,12.46,12.86
6/15/2023 15:30,12.58,12.76
6/15/2023 16:00,13.07,12.92
6/15/2023 16:30,12.71,12.78
6/15/2023 17:00,14.11,13.64
6/15/2023 17:30,13.72,13.68
6/15/2023 18:00,13.42,13.46
6/15/2023 18:30,12.76,13.8
6/15/2023 19:00,11.77,13.14
6/15/2023 19:30,10.99,12.5
6/15/2023 20:00,11.7,12.44
6/15/2023 20:30,11.27,12.24
6/15/2023 21:00,11.18,12.06
6/15/2023 21:30,11.97,12.56
6/15/2023 22:00,12.25,12.92
6/15/2023 22:30,12.18,13
6/15/2023 23:00,12.91,13.28
6/15/2023 23:30,12.56,13.14
6/16/2023 0:00,12.56,13.32
6/16/2023 0:30,12.4,13.46
6/16/2023 1:00,12.25,13.46
6/16/2023 1:30,11.8,13.48
6/16/2023 2:00,12.54,13.76
6/16/2023 2:30,12.89,14.24
6/16/2023 3:00,12.22,13.46
6/16/2023 3:30,12.24,13.68
6/16/2023 4:00,12.4,13.76
6/16/2023 4:30,11.75,13.38
6/16/2023 5:00,10.98,13.2
6/16/2023 5:30,10.56,12.86
6/16/2023 6:00,11.69,13
6/16/2023 6:30,11.88,13.36
6/16/2023 7:00,12.16,13.58
6/16/2023 7:30,12.52,13.82
6/16/2023 8:00,12.1,13.7
6/16/2023 8:30,11.58,13.48
6/16/2023 9:00,11.92,13.7
6/16/2023 9:30,12.78,13.98
6/16/2023 10:00,12.48,14.04
6/16/2023 10:30,12.4,13.96
6/16/2023 11:00,11.72,13.5
6/16/2023 11:30,11.93,13.32
6/16/2023 12:00,13.01,13.6
6/16/2023 12:30,7.56,18.82
6/16/2023 13:00,9.21,18.74
6/16/2023 13:30,13.61,13.6
6/16/2023 14:00,13.47,13.36
6/16/2023 14:30,13.42,13.32
6/16/2023 15:00,13.26,13.14
6/16/2023 15:30,13.69,13.06
6/16/2023 16:00,14.07,13.4
6/16/2023 16:30,12.69,12.7
6/16/2023 17:00,13.9,13.18
6/16/2023 17:30,14.07,13.32
6/16/2023 18:00,12.59,12.6
6/16/2023 18:30,13.08,12.64
6/16/2023 19:00,12.37,12.64
6/16/2023 19:30,11.64,12.12
6/16/2023 20:00,13.14,12.8
6/16/2023 20:30,13.36,12.74
6/16/2023 21:00,14.23,13.32
6/16/2023 21:30,14,13.26
6/16/2023 22:00,13.56,13.16
6/16/2023 22:30,13.35,13.14
6/16/2023 23:00,13.18,13
6/16/2023 23:30,13.3,13
6/17/2023 0:00,12.51,12.72
6/17/2023 0:30,12.44,12.68
6/17/2023 1:00,13.46,12.92
6/17/2023 1:30,13.09,13.02
6/17/2023 2:00,12.57,12.74
6/17/2023 2:30,12.61,12.78
6/17/2023 3:00,12.61,12.78
6/17/2023 3:30,13,12.94
6/17/2023 4:00,12.89,12.86
6/17/2023 4:30,12.89,12.88
6/17/2023 5:00,12.83,12.9
6/17/2023 5:30,12.39,12.84
6/17/2023 6:00,12.22,12.78
6/17/2023 6:30,12.21,12.68
6/17/2023 7:00,12.46,12.88
6/17/2023 7:30,12.36,13.06
6/17/2023 8:00,12.71,13.3
6/17/2023 8:30,12.76,13.44
6/17/2023 9:00,12.73,13.4
6/17/2023 9:30,12.58,13.38
6/17/2023 10:00,12.68,13.3
6/17/2023 10:30,12.62,13.74
6/17/2023 11:00,12.8,13.68
6/17/2023 11:30,12.96,13.66
6/17/2023 12:00,13.12,13.66
6/17/2023 12:30,13.29,13.68
6/17/2023 13:00,13.36,13.62
6/17/2023 13:30,13.01,13.46
6/17/2023 14:00,12.47,13.08
6/17/2023 14:30,12.84,13.06
6/17/2023 15:00,11.56,12.74
6/17/2023 15:30,12.85,12.88
6/17/2023 16:00,12.5,12.78
6/17/2023 16:30,12.27,12.66
6/17/2023 17:00,12.63,12.68
6/17/2023 17:30,12.61,12.74
6/17/2023 18:00,12.7,12.7
6/17/2023 18:30,12.13,12.48
6/17/2023 19:00,11.93,12.42
6/17/2023 19:30,11.55,12
6/17/2023 20:00,11.28,12
6/17/2023 20:30,11.16,11.98
6/17/2023 21:00,11.15,11.96
6/17/2023 21:30,11.98,12.26
6/17/2023 22:00,12.16,12.34
6/17/2023 22:30,12.16,12.32
6/17/2023 23:00,11.91,12.26
6/17/2023 23:30,11.85,12.24
6/18/2023 0:00,11.74,12.2
6/18/2023 0:30,11.56,12.14
6/18/2023 1:00,11.56,12.04
6/18/2023 1:30,11.5,12.02
6/18/2023 2:00,11.83,12.1
6/18/2023 2:30,12.06,12.1
6/18/2023 3:00,12.32,12.18
6/18/2023 3:30,11.94,12.22
6/18/2023 4:00,11.97,12.2
6/18/2023 4:30,11.72,12.2
6/18/2023 5:00,10.99,12.04
6/18/2023 5:30,10.74,12.02
6/18/2023 6:00,10.71,11.9
6/18/2023 6:30,10.32,11.72
6/18/2023 7:00,10.82,11.88
6/18/2023 7:30,11.12,12
6/18/2023 8:00,11.36,12
6/18/2023 8:30,11.92,12.08
6/18/2023 9:00,11.89,12.22
6/18/2023 9:30,11.85,12.3
6/18/2023 10:00,11.72,12.24
6/18/2023 10:30,11.75,12.3
6/18/2023 11:00,11.8,12.32
6/18/2023 11:30,11.93,12.3
6/18/2023 12:00,11.5,12.14
6/18/2023 12:30,12.19,12.44
6/18/2023 13:00,12.15,12.46
6/18/2023 13:30,12.08,12.38
6/18/2023 14:00,11.97,12.32
6/18/2023 14:30,11.8,12.2
6/18/2023 15:00,11.52,12.14
6/18/2023 15:30,11.84,12.08
6/18/2023 16:00,11.75,12.1
6/18/2023 16:30,11.65,12
6/18/2023 17:00,11.49,11.92
6/18/2023 17:30,12.36,12.22
6/18/2023 18:00,12.04,12.12
6/18/2023 18:30,12.04,12.06
6/18/2023 19:00,11.97,12.08
6/18/2023 19:30,12.26,12.16
6/18/2023 20:00,11.04,11.86
6/18/2023 20:30,11.31,11.84
6/18/2023 21:00,11.12,11.78
6/18/2023 21:30,11.2,11.7
6/18/2023 22:00,11.01,11.64
6/18/2023 22:30,10.77,11.58
6/18/2023 23:00,10.65,11.54
6/18/2023 23:30,10.49,11.46
6/19/2023 0:00,10.54,11.44
6/19/2023 0:30,10.81,11.52
6/19/2023 1:00,10.76,11.58
6/19/2023 1:30,11.4,11.62
6/19/2023 2:00,11.51,11.64
6/19/2023 2:30,11.85,11.82
6/19/2023 3:00,11.95,11.86
6/19/2023 3:30,11.54,11.86
6/19/2023 4:00,11.74,11.8
6/19/2023 4:30,11.93,11.8
6/19/2023 5:00,11.58,11.76
6/19/2023 5:30,11.51,11.74
6/19/2023 6:00,11.4,11.7
6/19/2023 6:30,10.83,11.68
6/19/2023 7:00,10.71,11.64
6/19/2023 7:30,10.5,11.62
6/19/2023 8:00,10.97,11.66
6/19/2023 8:30,10.88,11.68
6/19/2023 9:00,11.03,11.66
6/19/2023 9:30,11.11,11.7
6/19/2023 10:00,11.31,11.72
6/19/2023 10:30,11.39,11.84
6/19/2023 11:00,11.26,11.8
6/19/2023 11:30,11.23,11.8
6/19/2023 12:00,11.28,11.76
6/19/2023 12:30,11.4,11.8
6/19/2023 13:00,11.61,11.88
6/19/2023 13:30,11.87,12
6/19/2023 14:00,12.13,12.1
6/19/2023 14:30,12.22,12.06
6/19/2023 15:00,12.16,12.1
6/19/2023 15:30,12.35,12.14
6/19/2023 16:00,11.93,12.02
6/19/2023 16:30,12.47,12.1
6/19/2023 17:00,12.61,12.1
6/19/2023 17:30,12.65,12.14
6/19/2023 18:00,13.01,12.26
6/19/2023 18:30,13.23,12.26
6/19/2023 19:00,12.9,12.16
6/19/2023 19:30,12.75,12.18
6/19/2023 20:00,11.87,11.92
6/19/2023 20:30,11.54,11.82
6/19/2023 21:00,11.15,11.66
6/19/2023 21:30,12.04,11.94
6/19/2023 22:00,11.49,11.74
6/19/2023 22:30,11.09,11.66
6/19/2023 23:00,10.87,11.6
6/19/2023 23:30,10.77,11.52
6/20/2023 0:00,10.65,11.52
6/20/2023 0:30,10.61,11.5
6/20/2023 1:00,10.62,11.48
6/20/2023 1:30,10.56,11.48
6/20/2023 2:00,10.49,11.46
6/20/2023 2:30,10.66,11.48
6/20/2023 3:00,10.79,11.56
6/20/2023 3:30,11.48,11.82
6/20/2023 4:00,11.48,11.8
6/20/2023 4:30,11.43,11.8
6/20/2023 5:00,11.32,11.82
6/20/2023 5:30,11.31,11.82
6/20/2023 6:00,11.52,11.92
6/20/2023 6:30,11.22,11.84
6/20/2023 7:00,10.86,11.7
6/20/2023 7:30,10.94,11.72
6/20/2023 8:00,10.7,11.72
6/20/2023 8:30,11.21,11.84
6/20/2023 9:00,11.27,11.84
6/20/2023 9:30,12.05,12.06
6/20/2023 10:00,11.92,12.34
6/20/2023 10:30,12.02,12.46
6/20/2023 11:00,11.94,12.68
6/20/2023 11:30,11.83,12.58
6/20/2023 12:00,12.02,12.52
6/20/2023 12:30,12.08,12.6
6/20/2023 13:00,12.83,13.2
6/20/2023 13:30,12.49,13.06
6/20/2023 14:00,12.74,13.02
6/20/2023 14:30,12.59,12.98
6/20/2023 15:00,12,12.48
6/20/2023 15:30,12.67,12.56
6/20/2023 16:00,12.56,12.7
6/20/2023 16:30,13.08,12.9
6/20/2023 17:00,12.96,12.62
6/20/2023 17:30,13.03,12.84
6/20/2023 18:00,13.18,12.78
6/20/2023 18:30,13.63,13
6/20/2023 19:00,13.72,13.02
6/20/2023 19:30,13.67,12.94
6/20/2023 20:00,13.47,12.64
6/20/2023 20:30,13.5,12.78
6/20/2023 21:00,11.67,12.26
6/20/2023 21:30,13.99,12.52
6/20/2023 22:00,11.56,12.16
6/20/2023 22:30,11.71,12
6/20/2023 23:00,11.64,12.12
6/20/2023 23:30,10.67,11.92
6/21/2023 0:00,11.29,11.9
6/21/2023 0:30,10.45,11.64
6/21/2023 1:00,11.67,11.8
6/21/2023 1:30,11.07,11.8
6/21/2023 2:00,10.99,11.76
6/21/2023 2:30,11.18,11.8
6/21/2023 3:00,11.45,11.94
6/21/2023 3:30,11.55,12.1
6/21/2023 4:00,11.99,12.5
6/21/2023 4:30,11.8,12.44
6/21/2023 5:00,11.83,12.46
6/21/2023 5:30,11.97,12.52
6/21/2023 6:00,11.71,12.36
6/21/2023 6:30,11.47,12.14
6/21/2023 7:00,12.04,12.3
6/21/2023 7:30,11.84,12.28
6/21/2023 8:00,11.71,12.34
6/21/2023 8:30,11.84,12.4
6/21/2023 9:00,12.31,12.72
6/21/2023 9:30,12.5,12.94
6/21/2023 10:00,12.36,13
6/21/2023 10:30,12.62,13.16
6/21/2023 11:00,12.51,13.76
6/21/2023 11:30,12.44,13.52
6/21/2023 12:00,12.47,13.82
6/21/2023 12:30,12.62,13.98
6/21/2023 13:00,12.64,14.4
6/21/2023 13:30,12.76,14.26
6/21/2023 14:00,12.87,14.4
6/21/2023 14:30,12.9,14.56
6/21/2023 15:00,13.03,14.26
6/21/2023 15:30,13.31,13.7
6/21/2023 16:00,13.39,13.82
6/21/2023 16:30,13.4,13.22
6/21/2023 17:00,13.09,13.5
6/21/2023 17:30,13.5,13.1
6/21/2023 18:00,12.79,12.82
6/21/2023 18:30,13.59,13.14
6/21/2023 19:00,13.51,13
6/21/2023 19:30,13.52,13.02
6/21/2023 20:00,13.29,12.9
6/21/2023 20:30,13.44,12.88
6/21/2023 21:00,12.63,12.7
6/21/2023 21:30,12.57,12.46
6/21/2023 22:00,12.15,12.42
6/21/2023 22:30,12.52,12.54
6/21/2023 23:00,12.84,12.82
6/21/2023 23:30,12.52,12.86
6/22/2023 0:00,12.16,12.76
6/22/2023 0:30,12.32,12.76
6/22/2023 1:00,12.52,12.96
6/22/2023 1:30,11.64,12.62
6/22/2023 2:00,11.62,12.54
6/22/2023 2:30,11.74,12.58
6/22/2023 3:00,11.66,12.62
6/22/2023 3:30,11.7,12.48
6/22/2023 4:00,11.88,12.56
6/22/2023 4:30,12.4,12.92
6/22/2023 5:00,12.38,13.06
6/22/2023 5:30,12.3,13.04
6/22/2023 6:00,12.28,13.06
6/22/2023 6:30,12.26,13.04
6/22/2023 7:00,12.44,13.04
6/22/2023 7:30,12.67,13.04
6/22/2023 8:00,12.6,13.02
6/22/2023 8:30,12.85,13.08
6/22/2023 9:00,12.64,13.02
6/22/2023 9:30,12.48,13
6/22/2023 10:00,12.14,12.98
6/22/2023 10:30,12.18,12.96
6/22/2023 11:00,11.95,13.06
6/22/2023 11:30,12.24,13.16
6/22/2023 12:00,12.91,13.36
6/22/2023 12:30,14.03,13.9
6/22/2023 13:00,14.01,13.92
6/22/2023 13:30,14.16,14.02
6/22/2023 14:00,14.3,14.06
6/22/2023 14:30,14.45,14.18
6/22/2023 15:00,12.69,13.36
6/22/2023 15:30,13.05,12.94
6/22/2023 16:00,12.91,13.14
6/22/2023 16:30,13.79,13.32
6/22/2023 17:00,13.3,13.2
6/22/2023 17:30,12.91,12.82
6/22/2023 18:00,12.69,12.7
6/22/2023 18:30,12.94,13.02
6/22/2023 19:00,12.28,12.42
6/22/2023 19:30,11.87,12.04
6/22/2023 20:00,12.3,12.34
6/22/2023 20:30,11.86,12.34
6/22/2023 21:00,11.73,12.24
6/22/2023 21:30,11.4,12.16
6/22/2023 22:00,11.73,12.1
6/22/2023 22:30,11.2,12
6/22/2023 23:00,12.02,12.18
6/22/2023 23:30,12.75,12.54
6/23/2023 0:00,12.72,12.74
6/23/2023 0:30,12.02,12.46
6/23/2023 1:00,12.68,12.72
6/23/2023 1:30,12.82,12.82
6/23/2023 2:00,12.04,12.6
6/23/2023 2:30,12.03,12.46
6/23/2023 3:00,12.29,12.56
6/23/2023 3:30,12.24,12.56
6/23/2023 4:00,12.13,12.48
6/23/2023 4:30,12.25,12.6
6/23/2023 5:00,12.35,12.6
6/23/2023 5:30,12.36,12.6
6/23/2023 6:00,12.51,12.64
6/23/2023 6:30,12.58,12.64
6/23/2023 7:00,12.69,12.64
6/23/2023 7:30,12.87,12.66
6/23/2023 8:00,13.04,12.72
6/23/2023 8:30,13.44,12.8
6/23/2023 9:00,13.58,12.9
6/23/2023 9:30,13.78,13.02
6/23/2023 10:00,13.04,12.82
6/23/2023 10:30,13.23,12.94
6/23/2023 11:00,13.09,13.04
6/23/2023 11:30,12.64,12.96
6/23/2023 12:00,13.09,13.02
6/23/2023 12:30,13.11,13.12
6/23/2023 13:00,13.12,13.14
6/23/2023 13:30,12.87,13.14
6/23/2023 14:00,13.52,13.16
6/23/2023 14:30,14.4,13.82
6/23/2023 15:00,14.69,13.7
6/23/2023 15:30,14.9,13.7
6/23/2023 16:00,14.25,13.04
6/23/2023 16:30,14.17,13.32
6/23/2023 17:00,13.75,13.14
6/23/2023 17:30,13.74,13.26
6/23/2023 18:00,13.45,13.26
6/23/2023 18:30,12.57,12.84
6/23/2023 19:00,12.57,12.54
6/23/2023 19:30,12.13,12.58
6/23/2023 20:00,12.51,12.36
6/23/2023 20:30,11.87,12.16
6/23/2023 21:00,12.27,12.24
6/23/2023 21:30,12.17,12.24
6/23/2023 22:00,11.98,12.12
6/23/2023 22:30,11.71,12.06
6/23/2023 23:00,13.03,12.4
6/23/2023 23:30,12.36,12.46
6/24/2023 0:00,11.3,12.02
6/24/2023 0:30,12.64,12.4
6/24/2023 1:00,13.35,12.72
6/24/2023 1:30,12.94,12.68
6/24/2023 2:00,12.86,12.72
6/24/2023 2:30,12.82,12.6
6/24/2023 3:00,12.32,12.44
6/24/2023 3:30,12.47,12.46
6/24/2023 4:00,11.73,12.28
6/24/2023 4:30,13.67,12.76
6/24/2023 5:00,12.85,12.68
6/24/2023 5:30,13.56,12.92
6/24/2023 6:00,13.23,12.82
6/24/2023 6:30,12.76,12.62
6/24/2023 7:00,12.54,12.52
6/24/2023 7:30,12.7,12.54
6/24/2023 8:00,12.64,12.54
6/24/2023 8:30,12.49,12.52
6/24/2023 9:00,12.5,12.44
6/24/2023 9:30,12.63,12.52
6/24/2023 10:00,12.75,12.5
6/24/2023 10:30,12.59,12.42
6/24/2023 11:00,12.43,12.4
6/24/2023 11:30,12.24,12.36
6/24/2023 12:00,12.48,12.32
6/24/2023 12:30,12.73,12.44
6/24/2023 13:00,12.9,12.44
6/24/2023 13:30,13.66,12.76
6/24/2023 14:00,13.45,12.66
6/24/2023 14:30,14.22,12.92
6/24/2023 15:00,15.53,13.48
6/24/2023 15:30,15.75,13.3
6/24/2023 16:00,16.29,13.56
6/24/2023 16:30,16.18,13.42
6/24/2023 17:00,14.92,12.9
6/24/2023 17:30,15,12.8
6/24/2023 18:00,14.13,12.92
6/24/2023 18:30,14.72,12.88
6/24/2023 19:00,13.07,12.44
6/24/2023 19:30,15.93,12.86
6/24/2023 20:00,17.03,13.48
6/24/2023 20:30,16.2,13.12
6/24/2023 21:00,14.3,12.8
6/24/2023 21:30,13.68,12.66
6/24/2023 22:00,14.33,12.72
6/24/2023 22:30,14.08,12.74
6/24/2023 23:00,14.05,12.6
6/24/2023 23:30,13.4,12.56
6/25/2023 0:00,13.73,12.62
6/25/2023 0:30,12.35,12.4
6/25/2023 1:00,11.97,12.22
6/25/2023 1:30,12.02,12.22
6/25/2023 2:00,12.09,12.2
6/25/2023 2:30,12.6,12.34
6/25/2023 3:00,12.21,12.28
6/25/2023 3:30,12.42,12.34
6/25/2023 4:00,12.5,12.38
6/25/2023 4:30,12.85,12.46
6/25/2023 5:00,12.13,12.3
6/25/2023 5:30,12.25,12.32
6/25/2023 6:00,12.22,12.36
6/25/2023 6:30,12.22,12.3
6/25/2023 7:00,12.15,12.3
6/25/2023 7:30,12.19,12.3
6/25/2023 8:00,12.87,12.34
6/25/2023 8:30,13.2,12.58
6/25/2023 9:00,13.61,12.54
6/25/2023 9:30,14.24,12.96
6/25/2023 10:00,13.79,12.94
6/25/2023 10:30,14.1,13.02
6/25/2023 11:00,13.97,13.22
6/25/2023 11:30,14.93,13.4
6/25/2023 12:00,14.95,13.26
6/25/2023 12:30,15.25,13.28
6/25/2023 13:00,14.19,12.9
6/25/2023 13:30,15.11,13.22
6/25/2023 14:00,15.18,13.48
6/25/2023 14:30,15.55,14.38
6/25/2023 15:00,15.66,14.32
6/25/2023 15:30,16.38,14.34
6/25/2023 16:00,16.34,14.44
6/25/2023 16:30,16.64,14.34
6/25/2023 17:00,16.36,13.78
6/25/2023 17:30,14.77,13.3
6/25/2023 18:00,15.75,13.46
6/25/2023 18:30,15.64,13.5
6/25/2023 19:00,13.52,12.8
6/25/2023 19:30,13.75,12.9
6/25/2023 20:00,13.64,12.64
6/25/2023 20:30,13.75,12.66
6/25/2023 21:00,13.52,12.68
6/25/2023 21:30,14.35,13.08
6/25/2023 22:00,14.77,13.26
6/25/2023 22:30,15.02,13.34
6/25/2023 23:00,13.95,13.02
6/25/2023 23:30,13.04,12.76
6/26/2023 0:00,12.7,12.58
6/26/2023 0:30,11.92,12.32
6/26/2023 1:00,12.1,12.34
6/26/2023 1:30,12.31,12.38
6/26/2023 2:00,12.75,12.52
6/26/2023 2:30,13.35,12.56
6/26/2023 3:00,14.47,12.98
6/26/2023 3:30,13.8,12.98
6/26/2023 4:00,13.64,12.92
6/26/2023 4:30,14.8,12.86
6/26/2023 5:00,12.78,12.8
6/26/2023 5:30,12.57,12.62
6/26/2023 6:00,12.11,12.52
6/26/2023 6:30,12.56,12.62
6/26/2023 7:00,13.69,13
6/26/2023 7:30,12.86,12.84
6/26/2023 8:00,13.26,12.72
6/26/2023 8:30,12.78,12.6
6/26/2023 9:00,13.39,12.72
6/26/2023 9:30,13.51,12.78
6/26/2023 10:00,13.94,12.88
6/26/2023 10:30,13.57,12.78
6/26/2023 11:00,14.94,13.44
6/26/2023 11:30,14.71,13.38
6/26/2023 12:00,14.74,13.58
6/26/2023 12:30,15.48,14.1
6/26/2023 13:00,14.96,13.3
6/26/2023 13:30,15.58,13.74
6/26/2023 14:00,15.57,13.84
6/26/2023 14:30,15.09,13.38
6/26/2023 15:00,15.13,14.06
6/26/2023 15:30,15.37,13.9
6/26/2023 16:00,15.58,14.22
6/26/2023 16:30,15.53,14.46
6/26/2023 17:00,15.56,14.14
6/26/2023 17:30,16.05,13.54
6/26/2023 18:00,15.49,13.1
6/26/2023 18:30,15.16,13.2
6/26/2023 19:00,15.74,13.28
6/26/2023 19:30,16.26,13.6
6/26/2023 20:00,16.23,13.46
6/26/2023 20:30,15.65,13.4
6/26/2023 21:00,15.14,13.26
6/26/2023 21:30,15.11,13.16
6/26/2023 22:00,15.36,13.28
6/26/2023 22:30,14.87,13.48
6/26/2023 23:00,14.78,13.56
6/26/2023 23:30,14.6,13.36
6/27/2023 0:00,14.54,13.08
6/27/2023 0:30,14.47,13.2
6/27/2023 1:00,13.99,12.98
6/27/2023 1:30,14.29,12.98
6/27/2023 2:00,13.93,13
6/27/2023 2:30,14.13,12.98
6/27/2023 3:00,13.91,12.96
6/27/2023 3:30,14.39,13.1
6/27/2023 4:00,13.71,13.1
6/27/2023 4:30,13.73,12.92
6/27/2023 5:00,13.52,12.92
6/27/2023 5:30,14.37,13.46
6/27/2023 6:00,14.45,13.78
6/27/2023 6:30,14.17,13.52
6/27/2023 7:00,14.88,13.78
6/27/2023 7:30,16.01,14.38
6/27/2023 8:00,15.72,14.52
6/27/2023 8:30,15.54,14.46
6/27/2023 9:00,15.85,14.6
6/27/2023 9:30,15.79,14.54
6/27/2023 10:00,15.82,14.34
6/27/2023 10:30,16.29,14.72
6/27/2023 11:00,16.31,14.72
6/27/2023 11:30,16.09,14.7
6/27/2023 12:00,16.14,14.7
6/27/2023 12:30,16.14,14.44
6/27/2023 13:00,16.23,14.62
6/27/2023 13:30,16.03,14.84
6/27/2023 14:00,16.58,15.18
6/27/2023 14:30,16.68,14.94
6/27/2023 15:00,16.89,14.92
6/27/2023 15:30,16.56,14.7
6/27/2023 16:00,17,14.9
6/27/2023 16:30,16.26,15.72
6/27/2023 17:00,16.15,15.94
6/27/2023 17:30,16.12,15.72
6/27/2023 18:00,16.43,15.54
6/27/2023 18:30,16.46,15.02
6/27/2023 19:00,17.75,14.64
6/27/2023 19:30,16.26,14.04
6/27/2023 20:00,15.76,13.74
6/27/2023 20:30,14.32,13.34
6/27/2023 21:00,15.07,13.78
6/27/2023 21:30,15.67,14.5
6/27/2023 22:00,15.47,14.52
6/27/2023 22:30,15.6,14.46
6/27/2023 23:00,15.24,14.4
6/27/2023 23:30,15.92,14.52
6/28/2023 0:00,15.46,14.6
6/28/2023 0:30,15.57,14.68
6/28/2023 1:00,16.02,15.12
6/28/2023 1:30,15.55,15.3
6/28/2023 2:00,14.83,14.62
6/28/2023 2:30,14.47,14.86
6/28/2023 3:00,13.7,15.4
6/28/2023 3:30,13.64,15.06
6/28/2023 4:00,13.34,15.24
6/28/2023 4:30,13.45,15.78
6/28/2023 5:00,13.16,15.5
6/28/2023 5:30,13.41,16.14
6/28/2023 6:00,13.49,16.58
6/28/2023 6:30,13.55,16.64
6/28/2023 7:00,13.67,16.66
6/28/2023 7:30,13.8,16.92
6/28/2023 8:00,13.63,16.56
6/28/2023 8:30,13.53,16.4
6/28/2023 9:00,13.67,16.32
6/28/2023 9:30,13.26,15.66
6/28/2023 10:00,14.14,15.68
6/28/2023 10:30,14.51,15.9
6/28/2023 11:00,14.56,15.82
6/28/2023 11:30,14.04,14.8
6/28/2023 12:00,14.47,14.04
6/28/2023 12:30,16.67,14.14
6/28/2023 13:00,14,15.46
6/28/2023 13:30,14.14,15.8
6/28/2023 14:00,13.78,16.66
6/28/2023 14:30,14.05,15.5
6/28/2023 15:00,13.99,14.68
6/28/2023 15:30,13.84,15.04
6/28/2023 16:00,14.17,15.56
6/28/2023 16:30,14.92,15.92
6/28/2023 17:00,14.68,16.14
6/28/2023 17:30,14.76,15.48
6/28/2023 18:00,14.56,15.46
6/28/2023 18:30,14.87,15.64
6/28/2023 19:00,14.79,16.18
6/28/2023 19:30,14.62,16.32
6/28/2023 20:00,14.44,15.92
6/28/2023 20:30,14.79,16.2
6/28/2023 21:00,14.74,16.26
6/28/2023 21:30,14.54,16.16
6/28/2023 22:00,14.52,16.08
6/28/2023 22:30,14.46,15.72
6/28/2023 23:00,14.4,15.76
6/28/2023 23:30,14.29,15.58
6/29/2023 0:00,14.25,15.84
6/29/2023 0:30,14.24,15.84
6/29/2023 1:00,14.02,15.84
6/29/2023 1:30,14.08,15.9
6/29/2023 2:00,13.96,15.96
6/29/2023 2:30,13.92,16.02
6/29/2023 3:00,13.88,15.94
6/29/2023 3:30,13.88,16.02
6/29/2023 4:00,13.6,16
6/29/2023 4:30,13.46,16.32
6/29/2023 5:00,13.69,16.86
6/29/2023 5:30,13.26,16.64
6/29/2023 6:00,13.27,16.54
6/29/2023 6:30,13.14,16.8
6/29/2023 7:00,13.28,16.96
6/29/2023 7:30,12.7,17.2
6/29/2023 8:00,14.78,17.26
6/29/2023 8:30,14.49,17.36
6/29/2023 9:00,13.97,17.22
6/29/2023 9:30,14.04,16.08
6/29/2023 10:00,14.29,15.84
6/29/2023 10:30,14.14,15.78
6/29/2023 11:00,14.06,15.38
6/29/2023 11:30,14.04,15.46
6/29/2023 12:00,14.39,15.74
6/29/2023 12:30,14.52,15.78
6/29/2023 13:00,14.38,15.86
6/29/2023 13:30,14.56,15.82
6/29/2023 14:00,14.66,15.9
6/29/2023 14:30,14.72,16.32
6/29/2023 15:00,14.58,16.76
6/29/2023 15:30,14.44,16.88
6/29/2023 16:00,14.73,16.9
6/29/2023 16:30,14.6,16.78
6/29/2023 17:00,14.74,15.8
6/29/2023 17:30,14.3,15.4
6/29/2023 18:00,13.57,14.82
6/29/2023 18:30,14.29,14.26
6/29/2023 19:00,13.37,14.02
6/29/2023 19:30,13.72,14.3
6/29/2023 20:00,13.67,14.7
6/29/2023 20:30,13.77,14.68
6/29/2023 21:00,13.61,14.62
6/29/2023 21:30,13.78,14.66
6/29/2023 22:00,13.13,15.4
6/29/2023 22:30,12.9,15.54
6/29/2023 23:00,13.6,15.8
6/29/2023 23:30,13.64,16
6/30/2023 0:00,13.59,15.98
6/30/2023 0:30,14.1,16.08
6/30/2023 1:00,14.02,16.14
6/30/2023 1:30,13.95,16.04
6/30/2023 2:00,14.02,15.86
6/30/2023 2:30,13.93,15.84
6/30/2023 3:00,12.81,15.46
6/30/2023 3:30,12.8,15.32
6/30/2023 4:00,13.08,15.4
6/30/2023 4:30,12.53,14.76
6/30/2023 5:00,13.02,15.4
6/30/2023 5:30,12.57,15.16
6/30/2023 6:00,13.13,15.68
6/30/2023 6:30,13.05,15.92
6/30/2023 7:00,12.9,15.8
6/30/2023 7:30,12.89,15.66
6/30/2023 8:00,13.41,16.36
6/30/2023 8:30,13.25,16.24
6/30/2023 9:00,14.05,16.32
6/30/2023 9:30,13.85,16.42
6/30/2023 10:00,13.94,16.32
6/30/2023 10:30,14.04,16.26
6/30/2023 11:00,13.9,16.66
6/30/2023 11:30,13.89,16.54
6/30/2023 12:00,14.34,16.9
6/30/2023 12:30,13.2,15.38
6/30/2023 13:00,13.66,15.4
6/30/2023 13:30,13.39,15.54
6/30/2023 14:00,13.59,15.28
6/30/2023 14:30,13.99,15.72
6/30/2023 15:00,13.72,14.94
6/30/2023 15:30,13.83,14.96
6/30/2023 16:00,13.35,14.88
6/30/2023 16:30,13.47,14.74
6/30/2023 17:00,13.35,14.94
6/30/2023 17:30,13.16,14.52
6/30/2023 18:00,12.76,14.26
6/30/2023 18:30,12.63,14.12
6/30/2023 19:00,12.47,13.82
6/30/2023 19:30,12.37,13.72
6/30/2023 20:00,12.28,13.6
6/30/2023 20:30,12.06,13.36
6/30/2023 21:00,12.32,13.42
6/30/2023 21:30,12.29,13.58
6/30/2023 22:00,12.22,13.44
6/30/2023 22:30,11.87,13.36
6/30/2023 23:00,11.96,13.3
6/30/2023 23:30,12.42,13.54
7/1/2023 0:00,12.52,13.86
7/1/2023 0:30,13.14,13.92
7/1/2023 1:00,13.04,14
7/1/2023 1:30,13,14.06
7/1/2023 2:00,13.14,14.54
7/1/2023 2:30,13.25,14.76
7/1/2023 3:00,13.47,15
7/1/2023 3:30,13.29,14.84
7/1/2023 4:00,12.54,14.26
7/1/2023 4:30,12.94,14.46
7/1/2023 5:00,12.71,14.42
7/1/2023 5:30,12.32,14.4
7/1/2023 6:00,12.42,14.4
7/1/2023 6:30,12.32,14.32
7/1/2023 7:00,12.24,14.32
7/1/2023 7:30,12.54,14.28
7/1/2023 8:00,12.25,14.24
7/1/2023 8:30,12.02,14.14
7/1/2023 9:00,12.27,14.22
7/1/2023 9:30,12.22,14.22
7/1/2023 10:00,12.3,14.22
7/1/2023 10:30,13.28,14.68
7/1/2023 11:00,12.76,14.52
7/1/2023 11:30,13.26,14.18
7/1/2023 12:00,13.82,14.6
7/1/2023 12:30,13.37,14.82
7/1/2023 13:00,13.28,14.62
7/1/2023 13:30,13.64,14.92
7/1/2023 14:00,13.77,15.02
7/1/2023 14:30,12.98,14.46
7/1/2023 15:00,12.52,13.9
7/1/2023 15:30,13.09,14.5
7/1/2023 16:00,12.49,13.68
7/1/2023 16:30,13.03,14.08
7/1/2023 17:00,13.03,13.88
7/1/2023 17:30,12.61,13.88
7/1/2023 18:00,12.64,13.98
7/1/2023 18:30,12.7,13.92
7/1/2023 19:00,12.44,13.92
7/1/2023 19:30,13.05,13.9
7/1/2023 20:00,13.4,14.12
7/1/2023 20:30,13.15,14.02
7/1/2023 21:00,12.79,13.92
7/1/2023 21:30,12.79,13.88
7/1/2023 22:00,12.7,13.86
7/1/2023 22:30,12.49,13.86
7/1/2023 23:00,11.27,13.54
7/1/2023 23:30,11.96,13.52
7/2/2023 0:00,11.59,13.3
7/2/2023 0:30,11.65,13.22
7/2/2023 1:00,11.78,13.26
7/2/2023 1:30,12.04,13.5
7/2/2023 2:00,12.07,13.48
7/2/2023 2:30,12.08,13.4
7/2/2023 3:00,11.94,13.5
7/2/2023 3:30,12.19,13.5
7/2/2023 4:00,11.5,13.28
7/2/2023 4:30,11.36,13.08
7/2/2023 5:00,10.88,12.96
7/2/2023 5:30,12,13.06
7/2/2023 6:00,11.15,12.9
7/2/2023 6:30,11,13.02
7/2/2023 7:00,10.93,12.92
7/2/2023 7:30,11.51,13.12
7/2/2023 8:00,11.19,13.04
7/2/2023 8:30,11.54,13.24
7/2/2023 9:00,11.3,13.16
7/2/2023 9:30,11.65,13.4
7/2/2023 10:00,11.69,13.48
7/2/2023 10:30,12.18,13.6
7/2/2023 11:00,13.36,14.02
7/2/2023 11:30,13.38,14.22
7/2/2023 12:00,12.97,14.38
7/2/2023 12:30,12.72,14.14
7/2/2023 13:00,11.87,13.58
7/2/2023 13:30,11.72,13.36
7/2/2023 14:00,12.1,13.44
7/2/2023 14:30,11.78,13.18
7/2/2023 15:00,12.09,13.6
7/2/2023 15:30,11.81,13.26
7/2/2023 16:00,11.61,13.04
7/2/2023 16:30,11.6,13.06
7/2/2023 17:00,11.3,12.9
7/2/2023 17:30,11.84,13.3
7/2/2023 18:00,11.56,13.18
7/2/2023 18:30,12.98,13.8
7/2/2023 19:00,11.95,13.28
7/2/2023 19:30,11.44,13.02
7/2/2023 20:00,11.16,12.8
7/2/2023 20:30,11.2,12.78
7/2/2023 21:00,10.82,12.74
7/2/2023 21:30,11.93,13.22
7/2/2023 22:00,11.76,13.14
7/2/2023 22:30,11.47,13.12
7/2/2023 23:00,11.07,13.1
7/2/2023 23:30,11.05,13
7/3/2023 0:00,10.71,12.96
7/3/2023 0:30,10.53,12.9
7/3/2023 1:00,10.24,12.78
7/3/2023 1:30,10.48,12.62
7/3/2023 2:00,9.97,12.62
7/3/2023 2:30,11.08,12.66
7/3/2023 3:00,10.38,12.52
7/3/2023 3:30,11.29,12.78
7/3/2023 4:00,11.26,12.86
7/3/2023 4:30,11.7,13.1
7/3/2023 5:00,11.61,12.98
7/3/2023 5:30,10.62,12.66
7/3/2023 6:00,10.64,12.58
7/3/2023 6:30,10.43,12.48
7/3/2023 7:00,10.26,12.5
7/3/2023 7:30,11.09,12.62
7/3/2023 8:00,10.59,12.74
7/3/2023 8:30,10.96,12.64
7/3/2023 9:00,12.05,13.08
7/3/2023 9:30,11.16,12.82
7/3/2023 10:00,11.62,13.1
7/3/2023 10:30,12.1,13.26
7/3/2023 11:00,12.38,13.4
7/3/2023 11:30,12.82,13.48
7/3/2023 12:00,12.74,13.5
7/3/2023 12:30,12.53,13.68
7/3/2023 13:00,12.79,13.88
7/3/2023 13:30,12.86,13.82
7/3/2023 14:00,13.24,13.76
7/3/2023 14:30,12.81,13.76
7/3/2023 15:00,13.16,13.82
7/3/2023 15:30,12.17,13.34
7/3/2023 16:00,11.11,12.72
7/3/2023 16:30,11.08,12.82
7/3/2023 17:00,11.4,12.92
7/3/2023 17:30,11.51,12.92
7/3/2023 18:00,11.99,13.18
7/3/2023 18:30,12.3,13.42
7/3/2023 19:00,12.08,13.26
7/3/2023 19:30,11.09,12.72
7/3/2023 20:00,11.11,12.64
7/3/2023 20:30,9.65,12.42
7/3/2023 21:00,9.82,12.08
7/3/2023 21:30,10.51,12.28
7/3/2023 22:00,10.02,12.28
7/3/2023 22:30,9.78,12.18
7/3/2023 23:00,10.11,12.38
7/3/2023 23:30,10.07,12.36
7/4/2023 0:00,9.93,12.42
7/4/2023 0:30,9.95,12.32
7/4/2023 1:00,9.47,12.3
7/4/2023 1:30,9.8,12.3
7/4/2023 2:00,10.13,12.36
7/4/2023 2:30,10.26,12.34
7/4/2023 3:00,11.08,12.52
7/4/2023 3:30,11.09,12.58
7/4/2023 4:00,10.35,12.38
7/4/2023 4:30,10.84,12.46
7/4/2023 5:00,10.13,12.4
7/4/2023 5:30,9.91,12.3
7/4/2023 6:00,9.85,12.26
7/4/2023 6:30,9.79,12.24
7/4/2023 7:00,10.08,12.28
7/4/2023 7:30,9.9,12.2
7/4/2023 8:00,9.73,12.14
7/4/2023 8:30,9.49,12
7/4/2023 9:00,9.69,12.04
7/4/2023 9:30,10.3,12.3
7/4/2023 10:00,11.67,12.6
7/4/2023 10:30,10.53,12.38
7/4/2023 11:00,11.27,12.74
7/4/2023 11:30,11.72,12.82
7/4/2023 12:00,12.13,13
7/4/2023 12:30,12.59,13.1
7/4/2023 13:00,12.19,13.02
7/4/2023 13:30,12.6,13.14
7/4/2023 14:00,12.25,13.16
7/4/2023 14:30,11.34,12.82
7/4/2023 15:00,11.45,12.92
7/4/2023 15:30,11.81,13.02
7/4/2023 16:00,11.77,13
7/4/2023 16:30,11.53,12.78
7/4/2023 17:00,10.99,12.68
7/4/2023 17:30,10.95,12.6
7/4/2023 18:00,11.26,12.78
7/4/2023 18:30,11.73,13.1
7/4/2023 19:00,11.25,12.78
7/4/2023 19:30,10.31,12.32
7/4/2023 20:00,10.2,12.22
7/4/2023 20:30,9.94,12.12
7/4/2023 21:00,9.46,11.94
7/4/2023 21:30,10.05,12.04
7/4/2023 22:00,9.46,11.96
7/4/2023 22:30,9.34,11.94
7/4/2023 23:00,8.91,11.96
7/4/2023 23:30,9.01,11.94
7/5/2023 0:00,9.33,11.92
7/5/2023 0:30,9.54,11.94
7/5/2023 1:00,10.31,12.08
7/5/2023 1:30,9.54,12.22
7/5/2023 2:00,9.41,12.18
7/5/2023 2:30,9.39,12.18
7/5/2023 3:00,9.49,11.94
7/5/2023 3:30,9.62,12
7/5/2023 4:00,9.78,12
7/5/2023 4:30,9.87,12.06
7/5/2023 5:00,10.35,12.22
7/5/2023 5:30,10.35,12.22
7/5/2023 6:00,10.29,12.32
7/5/2023 6:30,9.94,12.16
7/5/2023 7:00,9.72,12.1
7/5/2023 7:30,9.9,12.16
7/5/2023 8:00,9.95,12.18
7/5/2023 8:30,9.87,12.16
7/5/2023 9:00,10.2,12.18
7/5/2023 9:30,10.31,12.24
7/5/2023 10:00,10.06,12.2
7/5/2023 10:30,11.42,12.42
7/5/2023 11:00,10.34,12.32
7/5/2023 11:30,12.61,13.16
7/5/2023 12:00,12.28,13.08
7/5/2023 12:30,12.95,13.28
7/5/2023 13:00,12.44,13.38
7/5/2023 13:30,12.58,13.58
7/5/2023 14:00,13.79,13.48
7/5/2023 14:30,12.9,13.44
7/5/2023 15:00,13.01,13.46
7/5/2023 15:30,12.76,13.58
7/5/2023 16:00,11.93,12.96
7/5/2023 16:30,12.04,13.22
7/5/2023 17:00,11.97,13.08
7/5/2023 17:30,12.27,13.22
7/5/2023 18:00,11.26,12.62
7/5/2023 18:30,11.14,12.58
7/5/2023 19:00,11.8,12.78
7/5/2023 19:30,12.04,12.88
7/5/2023 20:00,11.19,12.68
7/5/2023 20:30,11.37,12.72
7/5/2023 21:00,9.98,12.38
7/5/2023 21:30,9.66,12
7/5/2023 22:00,9.6,11.94
7/5/2023 22:30,9.32,11.9
7/5/2023 23:00,9.34,12.02
7/5/2023 23:30,9.06,11.96
7/6/2023 0:00,8.75,11.88
7/6/2023 0:30,8.93,11.86
7/6/2023 1:00,8.88,11.88
7/6/2023 1:30,10.45,12.28
7/6/2023 2:00,10.45,12.38
7/6/2023 2:30,10.21,12.34
7/6/2023 3:00,10.46,12.34
7/6/2023 3:30,10.29,12.32
7/6/2023 4:00,10.13,12.26
7/6/2023 4:30,10.04,12.18
7/6/2023 5:00,10.1,12.2
7/6/2023 5:30,10.27,12.26
7/6/2023 6:00,10.15,12.24
7/6/2023 6:30,10.1,12.28
7/6/2023 7:00,10.06,12.34
7/6/2023 7:30,9.82,12.28
7/6/2023 8:00,9.88,12.24
7/6/2023 8:30,9.91,12.24
7/6/2023 9:00,9.93,12.2
7/6/2023 9:30,10.01,12.3
7/6/2023 10:00,10.95,12.62
7/6/2023 10:30,11.14,12.72
7/6/2023 11:00,12.8,13.42
7/6/2023 11:30,13.41,13.68
7/6/2023 12:00,13.39,14.14
7/6/2023 12:30,13.5,14.52
7/6/2023 13:00,13.3,14.64
7/6/2023 13:30,14.16,14.68
7/6/2023 14:00,13.63,14.62
7/6/2023 14:30,13.5,14.56
7/6/2023 15:00,14.11,14.36
7/6/2023 15:30,12.37,14.02
7/6/2023 16:00,13.46,14.24
7/6/2023 16:30,13.49,14.04
7/6/2023 17:00,13.4,13.96
7/6/2023 17:30,12.39,13.64
7/6/2023 18:00,12.41,13.74
7/6/2023 18:30,10.85,12.82
7/6/2023 19:00,11.08,12.92
7/6/2023 19:30,11.2,12.9
7/6/2023 20:00,10.9,12.76
7/6/2023 20:30,10.94,12.76
7/6/2023 21:00,10.82,12.7
7/6/2023 21:30,10.86,12.7
7/6/2023 22:00,9.62,12.4
7/6/2023 22:30,9.57,12.02
7/6/2023 23:00,9.39,11.96
7/6/2023 23:30,9.38,12.04
7/7/2023 0:00,8.91,11.9
7/7/2023 0:30,7.87,11.98
7/7/2023 1:00,8.43,11.94
7/7/2023 1:30,9.43,12.06
7/7/2023 2:00,10.33,12.56
7/7/2023 2:30,9.75,12.44
7/7/2023 3:00,8.46,12.4
7/7/2023 3:30,7.83,12.36
7/7/2023 4:00,9.89,12.44
7/7/2023 4:30,10.29,12.52
7/7/2023 5:00,10.56,12.74
7/7/2023 5:30,10.05,12.68
7/7/2023 6:00,10.6,12.58
7/7/2023 6:30,10.53,12.58
7/7/2023 7:00,10.08,12.54
7/7/2023 7:30,10.42,12.64
7/7/2023 8:00,10.62,12.7
7/7/2023 8:30,10.39,12.76
7/7/2023 9:00,10.9,13.3
7/7/2023 9:30,10.6,13.7
7/7/2023 10:00,11.17,14.32
7/7/2023 10:30,11.69,14.54
7/7/2023 11:00,11.33,14.32
7/7/2023 11:30,11.72,14.76
7/7/2023 12:00,11.97,14.74
7/7/2023 12:30,11.78,15.24
7/7/2023 13:00,11.52,14.92
7/7/2023 13:30,11.7,15.4
7/7/2023 14:00,12.5,16.86
7/7/2023 14:30,12.28,16.6
7/7/2023 15:00,11.52,16.46
7/7/2023 15:30,12.14,16.7
7/7/2023 16:00,12.1,16.22
7/7/2023 16:30,12.44,15.78
7/7/2023 17:00,12.41,15.84
7/7/2023 17:30,13.09,15.28
7/7/2023 18:00,12.58,14.92
7/7/2023 18:30,11.64,14.72
7/7/2023 19:00,10.97,13.66
7/7/2023 19:30,11.34,13.58
7/7/2023 20:00,10.04,13.48
7/7/2023 20:30,11.4,13.86
7/7/2023 21:00,10.59,13.36
7/7/2023 21:30,10.85,13.44
7/7/2023 22:00,11.1,13.5
7/7/2023 22:30,10.41,13
7/7/2023 23:00,13.31,13.24
7/7/2023 23:30,10.76,13.54
7/8/2023 0:00,10,12.9
7/8/2023 0:30,10.16,13.08
7/8/2023 1:00,9.99,13.08
7/8/2023 1:30,11.31,13.74
7/8/2023 2:00,11.12,13.72
7/8/2023 2:30,10.84,13.68
7/8/2023 3:00,10.31,13.68
7/8/2023 3:30,10.84,13.62
7/8/2023 4:00,8.16,13.56
7/8/2023 4:30,10.18,13.5
7/8/2023 5:00,10.92,14.2
7/8/2023 5:30,10.77,14.6
7/8/2023 6:00,10.13,14.58
7/8/2023 6:30,9.43,14.36
7/8/2023 7:00,10.62,14.44
7/8/2023 7:30,11.77,14.56
7/8/2023 8:00,11.7,14.5
7/8/2023 8:30,11.32,14.36
7/8/2023 9:00,11.69,14.48
7/8/2023 9:30,11.71,14.36
7/8/2023 10:00,11.27,14.2
7/8/2023 10:30,11.52,14.34
7/8/2023 11:00,11.88,14.44
7/8/2023 11:30,11.5,14.3
7/8/2023 12:00,11.67,14.24
7/8/2023 12:30,11.77,14.16
7/8/2023 13:00,12.36,14.76
7/8/2023 13:30,12.53,14.72
7/8/2023 14:00,12.79,15.84
7/8/2023 14:30,12.49,15.1
7/8/2023 15:00,12.84,16.16
7/8/2023 15:30,12.95,16.84
7/8/2023 16:00,12.18,17.06
7/8/2023 16:30,12.29,16.72
7/8/2023 17:00,13.09,16.26
7/8/2023 17:30,13.44,16.28
7/8/2023 18:00,12.44,16.04
7/8/2023 18:30,12.13,14.66
7/8/2023 19:00,11.47,13.98
7/8/2023 19:30,12.69,14.3
7/8/2023 20:00,13.01,15.16
7/8/2023 20:30,13.03,15.12
7/8/2023 21:00,13.09,15.34
7/8/2023 21:30,13.12,15.14
7/8/2023 22:00,12.75,14.94
7/8/2023 22:30,11.87,14.54
7/8/2023 23:00,12.09,14.48
7/8/2023 23:30,12.52,14.74
7/9/2023 0:00,11.18,13.96
7/9/2023 0:30,11.63,14.3
7/9/2023 1:00,10.99,14.14
7/9/2023 1:30,10.23,14.2
7/9/2023 2:00,10.23,13.86
7/9/2023 2:30,10.35,13.42
7/9/2023 3:00,10.4,13.58
7/9/2023 3:30,11.1,13.86
7/9/2023 4:00,11.08,14.26
7/9/2023 4:30,10.39,14.22
7/9/2023 5:00,11.7,14.74
7/9/2023 5:30,11.25,15.04
7/9/2023 6:00,7.01,14.9
7/9/2023 6:30,10.24,14.88
7/9/2023 7:00,11.18,14.44
7/9/2023 7:30,10.88,14.82
7/9/2023 8:00,11.62,14.54
7/9/2023 8:30,11.5,14.56
7/9/2023 9:00,11.4,14.6
7/9/2023 9:30,11.93,14.68
7/9/2023 10:00,12.3,14.56
7/9/2023 10:30,11.71,14.36
7/9/2023 11:00,10.84,14.42
7/9/2023 11:30,12.41,14.56
7/9/2023 12:00,12.41,14.88
7/9/2023 12:30,12.48,15.16
7/9/2023 13:00,12.87,15.06
7/9/2023 13:30,14.15,15.12
7/9/2023 14:00,13.07,15.32
7/9/2023 14:30,12.6,15.3
7/9/2023 15:00,12.82,15.3
7/9/2023 15:30,12.7,15.26
7/9/2023 16:00,12.58,15.22
7/9/2023 16:30,12.5,15.22
7/9/2023 17:00,12.41,15.3
7/9/2023 17:30,12.73,15.3
7/9/2023 18:00,13.27,15.02
7/9/2023 18:30,13.12,14.82
7/9/2023 19:00,12.96,14.68
7/9/2023 19:30,12.43,14.54
7/9/2023 20:00,12.63,14.44
7/9/2023 20:30,12.03,14.38
7/9/2023 21:00,12.33,14.3
7/9/2023 21:30,11.31,13.92
7/9/2023 22:00,11.59,14.16
7/9/2023 22:30,10.78,14.14
7/9/2023 23:00,10.65,13.8
7/9/2023 23:30,10.54,13.62
7/10/2023 0:00,10.96,13.82
7/10/2023 0:30,9.63,12.48
7/10/2023 1:00,9.28,12.28
7/10/2023 1:30,10.3,12.74
7/10/2023 2:00,11.15,12.84
7/10/2023 2:30,8.63,12.5
7/10/2023 3:00,10.26,12.88
7/10/2023 3:30,10.65,13.44
7/10/2023 4:00,11.49,13.94
7/10/2023 4:30,11.42,13.98
7/10/2023 5:00,10.89,13.8
7/10/2023 5:30,10.05,13.7
7/10/2023 6:00,8.79,13.8
7/10/2023 6:30,11.37,14.2
7/10/2023 7:00,10.84,14.38
7/10/2023 7:30,11.85,14.32
7/10/2023 8:00,12.09,14.32
7/10/2023 8:30,11.71,14.22
7/10/2023 9:00,11.98,14.16
7/10/2023 9:30,11.4,14.06
7/10/2023 10:00,11.83,13.98
7/10/2023 10:30,11.4,13.98
7/10/2023 11:00,11.54,13.96
7/10/2023 11:30,11.22,13.92
7/10/2023 12:00,10.96,13.98
7/10/2023 12:30,12.14,14.2
7/10/2023 13:00,12.29,14.3
7/10/2023 13:30,11.3,13.8
7/10/2023 14:00,12.69,14.4
7/10/2023 14:30,12.53,14.4
7/10/2023 15:00,11.94,14.18
7/10/2023 15:30,11.43,14.1
7/10/2023 16:00,11.91,14.36
7/10/2023 16:30,12.68,13.94
7/10/2023 17:00,12.29,13.64
7/10/2023 17:30,11.73,13.68
7/10/2023 18:00,12.29,13.74
7/10/2023 18:30,11.84,13.92
7/10/2023 19:00,13.47,14.28
7/10/2023 19:30,13.88,14.44
7/10/2023 20:00,14.25,14.7
7/10/2023 20:30,13.63,14.6
7/10/2023 21:00,12.82,14.42
7/10/2023 21:30,12.78,14.18
7/10/2023 22:00,11.81,14.04
7/10/2023 22:30,13.36,13.98
7/10/2023 23:00,12.29,14.02
7/10/2023 23:30,11.43,13.98
7/11/2023 0:00,11.23,13.56
7/11/2023 0:30,10.76,13.56
7/11/2023 1:00,11.47,13.52
7/11/2023 1:30,12.05,13.66
7/11/2023 2:00,11.2,13.52
7/11/2023 2:30,10.46,13.14
7/11/2023 3:00,10.96,13.04
7/11/2023 3:30,11.29,13.36
7/11/2023 4:00,11.94,13.82
7/11/2023 4:30,12.37,14
7/11/2023 5:00,12.47,14.26
7/11/2023 5:30,10.96,14.1
7/11/2023 6:00,10.55,13.98
7/11/2023 6:30,12.71,14.46
7/11/2023 7:00,12.54,14.7
7/11/2023 7:30,12.35,14.7
7/11/2023 8:00,10.93,14.74
7/11/2023 8:30,11.39,14.8
7/11/2023 9:00,12.22,14.8
7/11/2023 9:30,11.43,15.08
7/11/2023 10:00,13.3,14.92
7/11/2023 10:30,13.41,14.72
7/11/2023 11:00,12.28,14.76
7/11/2023 11:30,13.25,14.9
7/11/2023 12:00,13.01,14.62
7/11/2023 12:30,12.62,14.58
7/11/2023 13:00,12.49,14.14
7/11/2023 13:30,13.07,14.36
7/11/2023 14:00,12.63,14.06
7/11/2023 14:30,13.19,14.42
7/11/2023 15:00,13.66,15.34
7/11/2023 15:30,13.18,14.16
7/11/2023 16:00,14.02,14.44
7/11/2023 16:30,11.34,14.22
7/11/2023 17:00,12.09,13.96
7/11/2023 17:30,11.93,13.62
7/11/2023 18:00,10.05,12.92
7/11/2023 18:30,11.97,13.56
7/11/2023 19:00,14.44,14.3
7/11/2023 19:30,14.79,14.92
7/11/2023 20:00,14.83,14.96
7/11/2023 20:30,14.41,15
7/11/2023 21:00,14.14,14.94
7/11/2023 21:30,13.84,14.88
7/11/2023 22:00,14.22,14.86
7/11/2023 22:30,13.3,14.86
7/11/2023 23:00,13.33,14.84
7/11/2023 23:30,14.47,14.86
7/12/2023 0:00,14.25,14.92
7/12/2023 0:30,14.1,14.86
7/12/2023 1:00,13.88,14.94
7/12/2023 1:30,13.52,14.92
7/12/2023 2:00,14,14.92
7/12/2023 2:30,13.36,14.46
7/12/2023 3:00,10.73,14.12
7/12/2023 3:30,11.93,14.18
7/12/2023 4:00,13.33,15
7/12/2023 4:30,13.45,15.34
7/12/2023 5:00,13.24,16.02
7/12/2023 5:30,12.39,15.76
7/12/2023 6:00,12.08,15.54
7/12/2023 6:30,11.51,15.44
7/12/2023 7:00,12.48,15.52
7/12/2023 7:30,13.06,16.1
7/12/2023 8:00,10.75,16.12
7/12/2023 8:30,11.92,16.08
7/12/2023 9:00,12.9,16.12
7/12/2023 9:30,13.49,16.4
7/12/2023 10:00,12.79,16.5
7/12/2023 10:30,12.47,16
7/12/2023 11:00,12.95,16.04
7/12/2023 11:30,12.29,15.68
7/12/2023 12:00,12.19,14.88
7/12/2023 12:30,12.61,15.32
7/12/2023 13:00,12.78,15.14
7/12/2023 13:30,12.11,14.68
7/12/2023 14:00,12.3,14.9
7/12/2023 14:30,12.73,15.44
7/12/2023 15:00,13.6,14.92
7/12/2023 15:30,13.4,16.84
7/12/2023 16:00,13.51,16.8
7/12/2023 16:30,12.62,16.28
7/12/2023 17:00,12.32,15.44
7/12/2023 17:30,10.96,14.34
7/12/2023 18:00,10.78,13.72
7/12/2023 18:30,11.16,13.5
7/12/2023 19:00,10.65,13.74
7/12/2023 19:30,10.19,13.86
7/12/2023 20:00,11.05,13.84
7/12/2023 20:30,10.79,13.86
7/12/2023 21:00,10.33,14.14
7/12/2023 21:30,12.21,14.16
7/12/2023 22:00,9.08,14.16
7/12/2023 22:30,11.56,14.28
7/12/2023 23:00,12.86,14.5
7/12/2023 23:30,12.47,14.6
7/13/2023 0:00,12.04,14.58
7/13/2023 0:30,13.88,14.66
7/13/2023 1:00,13.55,14.72
7/13/2023 1:30,13.46,14.76
7/13/2023 2:00,13.28,14.8
7/13/2023 2:30,13.62,14.84
7/13/2023 3:00,13.11,14.76
7/13/2023 3:30,11.38,14.36
7/13/2023 4:00,10.98,14.26
7/13/2023 4:30,11.62,14.2
7/13/2023 5:00,12.5,14.42
7/13/2023 5:30,12.49,14.52
7/13/2023 6:00,12.61,14.5
7/13/2023 6:30,11.69,14.32
7/13/2023 7:00,11.01,14.4
7/13/2023 7:30,11.93,14.54
7/13/2023 8:00,13.2,15.22
7/13/2023 8:30,13.27,15.76
7/13/2023 9:00,13.03,16.02
7/13/2023 9:30,12.8,16.06
7/13/2023 10:00,12.21,15.9
7/13/2023 10:30,11.99,15.84
7/13/2023 11:00,12.54,15.9
7/13/2023 11:30,12.47,15.46
7/13/2023 12:00,12.56,15.34
7/13/2023 12:30,13.45,14.8
7/13/2023 13:00,11.93,14.3
7/13/2023 13:30,12.91,14.64
7/13/2023 14:00,12.83,14.6
7/13/2023 14:30,12.74,14.46
7/13/2023 15:00,12.72,14.8
7/13/2023 15:30,12.61,14.36
7/13/2023 16:00,12.5,14.16
7/13/2023 16:30,12.07,14.04
7/13/2023 17:00,10.21,13.96
7/13/2023 17:30,11.2,14.04
7/13/2023 18:00,11.14,13.66
7/13/2023 18:30,10.87,13.82
7/13/2023 19:00,10.49,13.86
7/13/2023 19:30,11.39,13.72
7/13/2023 20:00,11.03,13.78
7/13/2023 20:30,9.82,13.56
7/13/2023 21:00,9.49,13.58
7/13/2023 21:30,10.29,13.28
7/13/2023 22:00,10.32,14.02
7/13/2023 22:30,11.3,13.88
7/13/2023 23:00,10.4,13.6
7/13/2023 23:30,13,14.32
7/14/2023 0:00,13.04,14.64
7/14/2023 0:30,13.42,14.82
7/14/2023 1:00,13.29,14.82
7/14/2023 1:30,13.61,14.76
7/14/2023 2:00,13.62,14.86
7/14/2023 2:30,13.31,14.84
7/14/2023 3:00,13.01,14.78
7/14/2023 3:30,12.64,14.72
7/14/2023 4:00,11.45,14.66
7/14/2023 4:30,11.25,14.62
7/14/2023 5:00,11.4,14.58
7/14/2023 5:30,11.5,14.5
7/14/2023 6:00,9.89,14.34
7/14/2023 6:30,11.36,14.48
7/14/2023 7:00,11.74,14.52
7/14/2023 7:30,11.81,14.5
7/14/2023 8:00,11.64,14.46
7/14/2023 8:30,11.8,14.72
7/14/2023 9:00,12.18,14.8
7/14/2023 9:30,11.98,14.84
7/14/2023 10:00,11.77,14.88
7/14/2023 10:30,15.53,14.86
7/14/2023 11:00,12.53,14.72
7/14/2023 11:30,12.91,15.04
7/14/2023 12:00,12.48,15.18
7/14/2023 12:30,12.73,14.98
7/14/2023 13:00,12.79,15.36
7/14/2023 13:30,12.06,14.6
7/14/2023 14:00,12.84,14.82
7/14/2023 14:30,12.92,14.94
7/14/2023 15:00,13.3,14.88
7/14/2023 15:30,12.75,14.56
7/14/2023 16:00,12.51,14.36
7/14/2023 16:30,12.05,14.18
7/14/2023 17:00,11.23,13.7
7/14/2023 17:30,11.7,13.64
7/14/2023 18:00,10.98,13.76
7/14/2023 18:30,13.05,14.3
7/14/2023 19:00,12.76,14.62
7/14/2023 19:30,12,14.1
7/14/2023 20:00,12.79,14.6
7/14/2023 20:30,12.37,14.64
7/14/2023 21:00,11.91,14.28
7/14/2023 21:30,11.73,14.14
7/14/2023 22:00,10.43,13.82
7/14/2023 22:30,10.43,13.54
7/14/2023 23:00,9.28,13.6
7/14/2023 23:30,11.65,14.24
7/15/2023 0:00,12.74,14.46
7/15/2023 0:30,12.58,14.54
7/15/2023 1:00,12.92,14.46
7/15/2023 1:30,13.63,14.62
7/15/2023 2:00,13.34,14.64
7/15/2023 2:30,12.85,14.58
7/15/2023 3:00,13.52,14.66
7/15/2023 3:30,12.7,14.54
7/15/2023 4:00,12.72,14.44
7/15/2023 4:30,11.98,14.42
7/15/2023 5:00,11.53,14.22
7/15/2023 5:30,11.25,13.98
7/15/2023 6:00,10.52,13.52
7/15/2023 6:30,10.6,13.48
7/15/2023 7:00,11,13.66
7/15/2023 7:30,10.65,13.78
7/15/2023 8:00,11.21,14.04
7/15/2023 8:30,10.79,13.98
7/15/2023 9:00,10.51,14.06
7/15/2023 9:30,10.9,14.06
7/15/2023 10:00,10.76,13.94
7/15/2023 10:30,11.76,14.1
7/15/2023 11:00,11.87,14.22
7/15/2023 11:30,12,14.36
7/15/2023 12:00,11.64,14.12
7/15/2023 12:30,11.75,14.14
7/15/2023 13:00,11.6,14.1
7/15/2023 13:30,11.45,13.98
7/15/2023 14:00,11.14,14
7/15/2023 14:30,10.83,13.92
7/15/2023 15:00,11,13.88
7/15/2023 15:30,10.6,13.8
7/15/2023 16:00,11.26,13.98
7/15/2023 16:30,10.92,13.76
7/15/2023 17:00,11.7,13.78
7/15/2023 17:30,11.04,13.76
7/15/2023 18:00,10.19,13.68
7/15/2023 18:30,10.24,12.98
7/15/2023 19:00,10.46,12.94
7/15/2023 19:30,10.01,12.9
7/15/2023 20:00,10.48,13.12
7/15/2023 20:30,10.26,13.14
7/15/2023 21:00,10.31,13.26
7/15/2023 21:30,11.16,13.46
7/15/2023 22:00,11.04,13.44
7/15/2023 22:30,11.4,13.5
7/15/2023 23:00,9.47,13.46
7/15/2023 23:30,7.5,13.44
7/16/2023 0:00,6.75,13.44
7/16/2023 0:30,9.73,13.44
7/16/2023 1:00,9.42,13.42
7/16/2023 1:30,9.78,13.46
7/16/2023 2:00,11.18,13.5
7/16/2023 2:30,10.49,13.58
7/16/2023 3:00,10.97,13.68
7/16/2023 3:30,11.87,13.74
7/16/2023 4:00,11.38,13.64
7/16/2023 4:30,11.52,13.58
7/16/2023 5:00,10.89,13.42
7/16/2023 5:30,10.53,13.32
7/16/2023 6:00,10.4,13.3
7/16/2023 6:30,9.94,13.12
7/16/2023 7:00,10.29,13.16
7/16/2023 7:30,10.48,13.24
7/16/2023 8:00,10.4,13.18
7/16/2023 8:30,10.68,13.4
7/16/2023 9:00,10.74,13.46
7/16/2023 9:30,10.41,13.54
7/16/2023 10:00,9.62,13.52
7/16/2023 10:30,10.02,13.6
7/16/2023 11:00,10.31,13.5
7/16/2023 11:30,11.09,13.6
7/16/2023 12:00,13.95,14.02
7/16/2023 12:30,11.33,13.76
7/16/2023 13:00,11.61,13.54
7/16/2023 13:30,11.69,14
7/16/2023 14:00,10.45,14.14
7/16/2023 14:30,10.55,13.94
7/16/2023 15:00,11.44,13.74
7/16/2023 15:30,10.32,13.72
7/16/2023 16:00,10.34,13.56
7/16/2023 16:30,11.04,13.54
7/16/2023 17:00,11.55,13.62
7/16/2023 17:30,11.28,13.58
7/16/2023 18:00,11.18,13.6
7/16/2023 18:30,10.79,13.32
7/16/2023 19:00,10.61,13.12
7/16/2023 19:30,10.39,12.94
7/16/2023 20:00,9.99,12.84
7/16/2023 20:30,10.02,12.86
7/16/2023 21:00,10.06,12.98
7/16/2023 21:30,9.43,12.94
7/16/2023 22:00,10.28,13.2
7/16/2023 22:30,10.16,13.3
7/16/2023 23:00,10.08,13.28
7/16/2023 23:30,10.42,13.28
7/17/2023 0:00,8.57,13.26
7/17/2023 0:30,10.19,13.36
7/17/2023 1:00,8.62,13.36
7/17/2023 1:30,7.45,13.34
7/17/2023 2:00,8.36,13.34
7/17/2023 2:30,10.04,13.3
7/17/2023 3:00,9.88,13.42
7/17/2023 3:30,10.49,13.4
7/17/2023 4:00,10.85,13.38
7/17/2023 4:30,10.59,13.4
7/17/2023 5:00,10.57,13.42
7/17/2023 5:30,9.88,13.3
7/17/2023 6:00,10.31,13.3
7/17/2023 6:30,10.35,13.24
7/17/2023 7:00,10.21,13.18
7/17/2023 7:30,10.24,13.2
7/17/2023 8:00,10.82,13.36
7/17/2023 8:30,10.32,13.26
7/17/2023 9:00,9.11,13.88
7/17/2023 9:30,8.7,15
7/17/2023 10:00,8.6,16.08
7/17/2023 10:30,8.19,17.58
7/17/2023 11:00,8.37,17.28
7/17/2023 11:30,8.23,18.08
7/17/2023 12:00,8.2,18.36
7/17/2023 12:30,8,19.08
7/17/2023 13:00,8.81,22.38
