Plot Title: Man_july24_deploy,,,
#,"Date Time, GMT-07:00",DO_mgL,Temp_C
1,7/17/2024 14:00,13.48,15.12
2,7/17/2024 14:15,13.56,14.76
3,7/17/2024 14:30,14.73,15.32
4,7/17/2024 14:45,15.44,15.62
5,7/17/2024 15:00,15.15,15.66
6,7/17/2024 15:15,15.12,15.62
7,7/17/2024 15:30,15.16,15.62
8,7/17/2024 15:45,15.27,15.74
9,7/17/2024 16:00,15.43,15.72
10,7/17/2024 16:15,15.45,15.88
11,7/17/2024 16:30,15.66,16.08
12,7/17/2024 16:45,15.6,16.16
13,7/17/2024 17:00,15.7,16.24
14,7/17/2024 17:15,15.7,16.3
15,7/17/2024 17:30,15.75,16.36
16,7/17/2024 17:45,15.51,16.38
17,7/17/2024 18:00,15.63,16.4
18,7/17/2024 18:15,15.61,16.4
19,7/17/2024 18:30,15.81,16.34
20,7/17/2024 18:45,15.91,16.34
21,7/17/2024 19:00,15.84,16.36
22,7/17/2024 19:15,15.01,16.54
23,7/17/2024 19:30,16,16.62
24,7/17/2024 19:45,16.18,16.6
25,7/17/2024 20:00,16.11,16.64
26,7/17/2024 20:15,16.15,16.64
27,7/17/2024 20:30,16.3,16.58
28,7/17/2024 20:45,16.05,16.44
29,7/17/2024 21:00,16.59,16.76
30,7/17/2024 21:15,15.75,16.52
31,7/17/2024 21:30,15.84,16.52
32,7/17/2024 21:45,16.25,16.78
33,7/17/2024 22:00,15.44,16.44
34,7/17/2024 22:15,15.61,16.12
35,7/17/2024 22:30,15.72,15.96
36,7/17/2024 22:45,15.52,15.74
37,7/17/2024 23:00,15.52,15.62
38,7/17/2024 23:15,15.46,15.96
39,7/17/2024 23:30,15.52,15.7
40,7/17/2024 23:45,16.08,15.82
41,7/18/2024 0:00,15.5,15.68
42,7/18/2024 0:15,15.23,15.5
43,7/18/2024 0:30,14.56,15.74
44,7/18/2024 0:45,14.61,15.76
45,7/18/2024 1:00,15.72,15.86
46,7/18/2024 1:15,15.87,16.06
47,7/18/2024 1:30,15.8,16.14
48,7/18/2024 1:45,15.45,16.1
49,7/18/2024 2:00,15.5,16
50,7/18/2024 2:15,15.62,15.96
51,7/18/2024 2:30,15.65,15.9
52,7/18/2024 2:45,14.99,15.9
53,7/18/2024 3:00,15.73,15.86
54,7/18/2024 3:15,15.7,15.86
55,7/18/2024 3:30,15.41,15.88
56,7/18/2024 3:45,15.45,15.8
57,7/18/2024 4:00,15.34,15.76
58,7/18/2024 4:15,15.17,15.82
59,7/18/2024 4:30,15.45,15.92
60,7/18/2024 4:45,15.55,15.92
61,7/18/2024 5:00,15.51,15.94
62,7/18/2024 5:15,15.51,15.96
63,7/18/2024 5:30,15.43,15.96
64,7/18/2024 5:45,15.24,15.92
65,7/18/2024 6:00,14.32,15.78
66,7/18/2024 6:15,14.46,15.52
67,7/18/2024 6:30,14.61,15.58
68,7/18/2024 6:45,14.49,15.64
69,7/18/2024 7:00,14.5,15.68
70,7/18/2024 7:15,14.6,15.78
71,7/18/2024 7:30,14.82,15.88
72,7/18/2024 7:45,14.29,15.58
73,7/18/2024 8:00,13.6,15.24
74,7/18/2024 8:15,12.88,14.98
75,7/18/2024 8:30,13.12,14.88
76,7/18/2024 8:45,12.87,14.86
77,7/18/2024 9:00,12.8,14.86
78,7/18/2024 9:15,12.8,14.82
79,7/18/2024 9:30,12.77,14.78
80,7/18/2024 9:45,13.25,14.92
81,7/18/2024 10:00,13.02,15.16
82,7/18/2024 10:15,12.98,15.2
83,7/18/2024 10:30,12.72,15.02
84,7/18/2024 10:45,12.8,15
85,7/18/2024 11:00,12.9,15.02
86,7/18/2024 11:15,12.64,15.1
87,7/18/2024 11:30,13.05,15.26
88,7/18/2024 11:45,12.98,15.18
89,7/18/2024 12:00,13.09,15.18
90,7/18/2024 12:15,13.26,15.38
91,7/18/2024 12:30,13.29,15.3
92,7/18/2024 12:45,13.3,15.36
93,7/18/2024 13:00,13.19,15.32
94,7/18/2024 13:15,13.16,15.18
95,7/18/2024 13:30,11.78,14.72
96,7/18/2024 13:45,10.24,13.38
97,7/18/2024 14:00,10.02,12.88
98,7/18/2024 14:15,10.1,12.7
99,7/18/2024 14:30,10.13,12.72
100,7/18/2024 14:45,9.95,12.68
101,7/18/2024 15:00,9.73,12.46
102,7/18/2024 15:15,9.6,12.32
103,7/18/2024 15:30,11.89,13.48
104,7/18/2024 15:45,11.66,13.42
105,7/18/2024 16:00,11.94,13.5
106,7/18/2024 16:15,11.74,13.52
107,7/18/2024 16:30,11.7,13.54
108,7/18/2024 16:45,11.88,13.64
109,7/18/2024 17:00,13,14.28
110,7/18/2024 17:15,13.39,14.76
111,7/18/2024 17:30,13.2,14.66
112,7/18/2024 17:45,12.93,14.5
113,7/18/2024 18:00,13.2,14.56
114,7/18/2024 18:15,13.18,14.54
115,7/18/2024 18:30,13.19,14.56
116,7/18/2024 18:45,13.02,14.66
117,7/18/2024 19:00,12.93,14.72
118,7/18/2024 19:15,13.4,14.84
119,7/18/2024 19:30,13.28,15
120,7/18/2024 19:45,12.76,14.86
121,7/18/2024 20:00,12.83,14.74
122,7/18/2024 20:15,12.79,14.74
123,7/18/2024 20:30,13.07,14.8
124,7/18/2024 20:45,12.69,14.54
125,7/18/2024 21:00,12.49,14.6
126,7/18/2024 21:15,12.98,14.68
127,7/18/2024 21:30,12.87,14.74
128,7/18/2024 21:45,13.25,14.74
129,7/18/2024 22:00,13.04,14.72
130,7/18/2024 22:15,12.94,14.76
131,7/18/2024 22:30,12.9,14.82
132,7/18/2024 22:45,13.14,14.72
133,7/18/2024 23:00,12.33,15.16
134,7/18/2024 23:15,12.95,15.14
135,7/18/2024 23:30,13.2,14.92
136,7/18/2024 23:45,12.79,14.86
137,7/19/2024 0:00,13.01,14.72
138,7/19/2024 0:15,13.06,14.66
139,7/19/2024 0:30,12.8,14.56
140,7/19/2024 0:45,12.66,14.34
141,7/19/2024 1:00,12.66,14.36
142,7/19/2024 1:15,12.35,14.3
143,7/19/2024 1:30,12.6,14.32
144,7/19/2024 1:45,12.6,14.4
145,7/19/2024 2:00,12.34,14.34
146,7/19/2024 2:15,12.53,14.4
147,7/19/2024 2:30,13.6,14.54
148,7/19/2024 2:45,13.3,14.54
149,7/19/2024 3:00,13.16,14.54
150,7/19/2024 3:15,13.3,14.54
151,7/19/2024 3:30,12.8,14.48
152,7/19/2024 3:45,12.69,14.38
153,7/19/2024 4:00,12.79,14.4
154,7/19/2024 4:15,12.93,14.42
155,7/19/2024 4:30,12.94,14.42
156,7/19/2024 4:45,12.62,14.38
157,7/19/2024 5:00,12.51,14.34
158,7/19/2024 5:15,13,14.4
159,7/19/2024 5:30,12.83,14.36
160,7/19/2024 5:45,12.95,14.38
161,7/19/2024 6:00,12.95,14.36
162,7/19/2024 6:15,10.65,14.38
163,7/19/2024 6:30,12.65,14.44
164,7/19/2024 6:45,12.33,14.38
165,7/19/2024 7:00,12.1,14.28
166,7/19/2024 7:15,12.06,14.14
167,7/19/2024 7:30,12.24,14.18
168,7/19/2024 7:45,12.06,14.3
169,7/19/2024 8:00,12.05,14.36
170,7/19/2024 8:15,12.07,14.38
171,7/19/2024 8:30,12.07,14.42
172,7/19/2024 8:45,11.74,14.5
173,7/19/2024 9:00,12.05,14.5
174,7/19/2024 9:15,12.02,14.44
175,7/19/2024 9:30,12.28,14.52
176,7/19/2024 9:45,12.17,14.56
177,7/19/2024 10:00,12.1,14.56
178,7/19/2024 10:15,12.1,14.6
179,7/19/2024 10:30,12.63,14.78
180,7/19/2024 10:45,12.65,14.92
181,7/19/2024 11:00,12.58,14.94
182,7/19/2024 11:15,12.52,14.94
183,7/19/2024 11:30,12.77,15.02
184,7/19/2024 11:45,12.69,15.02
185,7/19/2024 12:00,12.44,15.04
186,7/19/2024 12:15,12.26,15.08
187,7/19/2024 12:30,12.85,15.1
188,7/19/2024 12:45,12.7,15.02
189,7/19/2024 13:00,12.72,15.28
190,7/19/2024 13:15,12.74,15.36
191,7/19/2024 13:30,12.77,15.28
192,7/19/2024 13:45,11.92,14.66
193,7/19/2024 14:00,11.01,14.06
194,7/19/2024 14:15,10.87,13.36
195,7/19/2024 14:30,10.53,13.1
196,7/19/2024 14:45,10.25,12.88
197,7/19/2024 15:00,9.98,12.62
198,7/19/2024 15:15,9.84,12.56
199,7/19/2024 15:30,9.73,12.44
200,7/19/2024 15:45,9.69,12.44
201,7/19/2024 16:00,9.85,12.48
202,7/19/2024 16:15,10.41,12.7
203,7/19/2024 16:30,10.29,12.8
204,7/19/2024 16:45,10.05,12.7
205,7/19/2024 17:00,9.96,12.6
206,7/19/2024 17:15,9.61,12.62
207,7/19/2024 17:30,10.93,13.3
208,7/19/2024 17:45,11.22,13.54
209,7/19/2024 18:00,11.59,13.66
210,7/19/2024 18:15,11.58,13.64
211,7/19/2024 18:30,11.87,13.74
212,7/19/2024 18:45,11.74,13.68
213,7/19/2024 19:00,12.03,13.78
214,7/19/2024 19:15,12.07,13.84
215,7/19/2024 19:30,12.12,13.84
216,7/19/2024 19:45,12.3,13.88
217,7/19/2024 20:00,12.2,13.84
218,7/19/2024 20:15,12.21,13.86
219,7/19/2024 20:30,12.35,14.06
220,7/19/2024 20:45,11.95,13.98
221,7/19/2024 21:00,11.61,13.7
222,7/19/2024 21:15,12.09,14.04
223,7/19/2024 21:30,12.48,14.18
224,7/19/2024 21:45,12.63,14.3
225,7/19/2024 22:00,12.81,14.54
226,7/19/2024 22:15,12.63,14.6
227,7/19/2024 22:30,12.93,14.24
228,7/19/2024 22:45,12.41,14.2
229,7/19/2024 23:00,12.53,14.12
230,7/19/2024 23:15,12.07,14.06
231,7/19/2024 23:30,12.21,14.42
232,7/19/2024 23:45,12.1,14.28
233,7/20/2024 0:00,12.15,14.32
234,7/20/2024 0:15,12.56,14.38
235,7/20/2024 0:30,12.42,14.36
236,7/20/2024 0:45,12.15,14.3
237,7/20/2024 1:00,12.16,14.16
238,7/20/2024 1:15,11.93,14.02
239,7/20/2024 1:30,11.71,13.92
240,7/20/2024 1:45,11.74,13.88
241,7/20/2024 2:00,11.77,14.02
242,7/20/2024 2:15,11.74,13.98
243,7/20/2024 2:30,11.67,13.88
244,7/20/2024 2:45,11.73,13.94
245,7/20/2024 3:00,11.67,13.88
246,7/20/2024 3:15,11.79,13.94
247,7/20/2024 3:30,11.05,13.92
248,7/20/2024 3:45,11.11,13.92
249,7/20/2024 4:00,11.71,13.94
250,7/20/2024 4:15,11.73,13.94
251,7/20/2024 4:30,11.72,13.92
252,7/20/2024 4:45,11.65,13.94
253,7/20/2024 5:00,11.53,13.94
254,7/20/2024 5:15,11.53,13.96
255,7/20/2024 5:30,11.57,13.98
256,7/20/2024 5:45,11.38,13.96
257,7/20/2024 6:00,11.65,13.92
258,7/20/2024 6:15,11.79,13.92
259,7/20/2024 6:30,11.79,13.94
260,7/20/2024 6:45,11.63,13.94
261,7/20/2024 7:00,11.79,13.94
262,7/20/2024 7:15,11.44,14.02
263,7/20/2024 7:30,11.85,13.96
264,7/20/2024 7:45,11.94,13.98
265,7/20/2024 8:00,11.88,14.02
266,7/20/2024 8:15,11.66,14
267,7/20/2024 8:30,11.73,14.1
268,7/20/2024 8:45,11.77,14.18
269,7/20/2024 9:00,11.77,14.3
270,7/20/2024 9:15,11.78,14.42
271,7/20/2024 9:30,11.64,14.48
272,7/20/2024 9:45,11.77,14.46
273,7/20/2024 10:00,11.81,14.32
274,7/20/2024 10:15,11.85,14.38
275,7/20/2024 10:30,11.75,14.46
276,7/20/2024 10:45,11.81,14.52
277,7/20/2024 11:00,11.98,14.66
278,7/20/2024 11:15,12.2,14.64
279,7/20/2024 11:30,12.22,14.74
280,7/20/2024 11:45,12.15,14.78
281,7/20/2024 12:00,12.22,14.82
282,7/20/2024 12:15,12.38,14.9
283,7/20/2024 12:30,12.27,14.98
284,7/20/2024 12:45,12.37,15.06
285,7/20/2024 13:00,12.13,15.1
286,7/20/2024 13:15,12.26,15.18
287,7/20/2024 13:30,12.36,15
288,7/20/2024 13:45,12.43,15
289,7/20/2024 14:00,12.55,15.06
290,7/20/2024 14:15,12.48,15.12
291,7/20/2024 14:30,12.12,14.96
292,7/20/2024 14:45,11.51,14.56
293,7/20/2024 15:00,10.68,13.98
294,7/20/2024 15:15,10.57,13.4
295,7/20/2024 15:30,10.25,13.22
296,7/20/2024 15:45,9.98,12.96
297,7/20/2024 16:00,9.61,12.66
298,7/20/2024 16:15,9.56,12.52
299,7/20/2024 16:30,9.6,12.5
300,7/20/2024 16:45,9.73,12.52
301,7/20/2024 17:00,10.52,12.8
302,7/20/2024 17:15,10.08,12.96
303,7/20/2024 17:30,10.12,12.8
304,7/20/2024 17:45,9.63,12.58
305,7/20/2024 18:00,9.68,12.52
306,7/20/2024 18:15,9.8,12.6
307,7/20/2024 18:30,9.84,12.64
308,7/20/2024 18:45,10.15,12.76
309,7/20/2024 19:00,10.47,13
310,7/20/2024 19:15,10.52,13.06
311,7/20/2024 19:30,10.55,13.06
312,7/20/2024 19:45,10.72,13.12
313,7/20/2024 20:00,10.81,13.2
314,7/20/2024 20:15,10.84,13.28
315,7/20/2024 20:30,10.84,13.32
316,7/20/2024 20:45,10.77,13.3
317,7/20/2024 21:00,10.87,13.32
318,7/20/2024 21:15,10.87,13.3
319,7/20/2024 21:30,10.61,13.26
320,7/20/2024 21:45,10.37,13.24
321,7/20/2024 22:00,10.65,13.22
322,7/20/2024 22:15,10.65,13.22
323,7/20/2024 22:30,10.73,13.2
324,7/20/2024 22:45,10.65,13.18
325,7/20/2024 23:00,10.74,13.18
326,7/20/2024 23:15,10.9,13.46
327,7/20/2024 23:30,10.86,13.36
328,7/20/2024 23:45,10.62,13.34
329,7/21/2024 0:00,10.72,13.32
330,7/21/2024 0:15,10.65,13.4
331,7/21/2024 0:30,10.72,13.28
332,7/21/2024 0:45,10.82,13.3
333,7/21/2024 1:00,11.24,13.54
334,7/21/2024 1:15,11.24,13.68
335,7/21/2024 1:30,11.11,13.78
336,7/21/2024 1:45,11.15,13.96
337,7/21/2024 2:00,11.07,13.98
338,7/21/2024 2:15,11.15,13.96
339,7/21/2024 2:30,11.04,13.94
340,7/21/2024 2:45,10.81,13.86
341,7/21/2024 3:00,10.9,13.88
342,7/21/2024 3:15,14.2,14.8
343,7/21/2024 3:30,14.62,14.92
344,7/21/2024 3:45,14.52,14.98
345,7/21/2024 4:00,14.42,14.98
346,7/21/2024 4:15,14.22,14.88
347,7/21/2024 4:30,14.22,14.86
348,7/21/2024 4:45,14.38,14.86
349,7/21/2024 5:00,14.36,14.9
350,7/21/2024 5:15,14.4,14.9
351,7/21/2024 5:30,14.13,14.9
352,7/21/2024 5:45,14.06,14.88
353,7/21/2024 6:00,14.06,14.84
354,7/21/2024 6:15,14.05,14.84
355,7/21/2024 6:30,13.7,14.84
356,7/21/2024 6:45,13.99,14.82
357,7/21/2024 7:00,14.21,14.82
358,7/21/2024 7:15,14.28,14.82
359,7/21/2024 7:30,14.14,14.84
360,7/21/2024 7:45,14.18,14.82
361,7/21/2024 8:00,14.13,14.88
362,7/21/2024 8:15,14.21,14.92
363,7/21/2024 8:30,13.86,14.96
364,7/21/2024 8:45,13.68,14.84
365,7/21/2024 9:00,13.28,14.7
366,7/21/2024 9:15,12.88,14.66
367,7/21/2024 9:30,12.13,14.5
368,7/21/2024 9:45,11.95,14.46
369,7/21/2024 10:00,12.1,14.6
370,7/21/2024 10:15,11.53,14.42
371,7/21/2024 10:30,11.57,14.34
372,7/21/2024 10:45,11.57,14.38
373,7/21/2024 11:00,11.49,14.4
374,7/21/2024 11:15,11.26,14.44
375,7/21/2024 11:30,11.44,14.46
376,7/21/2024 11:45,11.5,14.5
377,7/21/2024 12:00,11.56,14.56
378,7/21/2024 12:15,11.47,14.58
379,7/21/2024 12:30,11.64,14.6
380,7/21/2024 12:45,11.65,14.62
381,7/21/2024 13:00,11.53,14.62
382,7/21/2024 13:15,11.54,14.62
383,7/21/2024 13:30,11.53,14.62
384,7/21/2024 13:45,11.88,14.82
385,7/21/2024 14:00,11.74,14.88
386,7/21/2024 14:15,11.54,14.8
387,7/21/2024 14:30,11.82,14.84
388,7/21/2024 14:45,11.86,14.9
389,7/21/2024 15:00,11.86,14.9
390,7/21/2024 15:15,11,14.58
391,7/21/2024 15:30,10.46,13.86
392,7/21/2024 15:45,10.33,13.36
393,7/21/2024 16:00,10.19,13.08
394,7/21/2024 16:15,10.26,13
395,7/21/2024 16:30,10.13,13.02
396,7/21/2024 16:45,10.34,13.08
397,7/21/2024 17:00,10.1,13
398,7/21/2024 17:15,9.74,12.74
399,7/21/2024 17:30,9.88,12.66
400,7/21/2024 17:45,9.82,12.74
401,7/21/2024 18:00,9.85,12.7
402,7/21/2024 18:15,10.05,12.8
403,7/21/2024 18:30,9.96,12.84
404,7/21/2024 18:45,9.94,12.82
405,7/21/2024 19:00,10.09,12.92
406,7/21/2024 19:15,10.15,13
407,7/21/2024 19:30,10.32,13.04
408,7/21/2024 19:45,10.43,13.14
409,7/21/2024 20:00,10.22,13
410,7/21/2024 20:15,10.3,12.98
411,7/21/2024 20:30,10.32,13.02
412,7/21/2024 20:45,10.25,13.02
413,7/21/2024 21:00,10.24,13
414,7/21/2024 21:15,10.16,12.98
415,7/21/2024 21:30,10.15,13.06
416,7/21/2024 21:45,9.97,13.02
417,7/21/2024 22:00,10.06,13.1
418,7/21/2024 22:15,9.99,13.08
419,7/21/2024 22:30,10.22,13.06
420,7/21/2024 22:45,10.25,13.06
421,7/21/2024 23:00,10.26,13.02
422,7/21/2024 23:15,10.36,13.1
423,7/21/2024 23:30,10.36,13.16
424,7/21/2024 23:45,10.22,13.1
425,7/22/2024 0:00,10.34,13.1
426,7/22/2024 0:15,10.48,13.22
427,7/22/2024 0:30,10.74,13.3
428,7/22/2024 0:45,10.79,13.4
429,7/22/2024 1:00,10.31,13.24
430,7/22/2024 1:15,10.46,13.26
431,7/22/2024 1:30,10.64,13.44
432,7/22/2024 1:45,10.62,13.62
433,7/22/2024 2:00,10.59,13.68
434,7/22/2024 2:15,10.67,13.76
435,7/22/2024 2:30,10.64,13.82
436,7/22/2024 2:45,10.61,13.84
437,7/22/2024 3:00,10.54,13.84
438,7/22/2024 3:15,10.53,13.84
439,7/22/2024 3:30,10.4,13.7
440,7/22/2024 3:45,10.39,13.76
441,7/22/2024 4:00,10.52,13.72
442,7/22/2024 4:15,10.39,13.76
443,7/22/2024 4:30,10.6,13.76
444,7/22/2024 4:45,10.61,13.74
445,7/22/2024 5:00,10.46,13.72
446,7/22/2024 5:15,10.13,13.72
447,7/22/2024 5:30,10.11,13.7
448,7/22/2024 5:45,12.77,13.88
449,7/22/2024 6:00,13.13,14.22
450,7/22/2024 6:15,13.13,14.3
451,7/22/2024 6:30,12.69,14.26
452,7/22/2024 6:45,12.5,14.18
453,7/22/2024 7:00,12.31,14.1
454,7/22/2024 7:15,13.08,14.32
455,7/22/2024 7:30,12.95,14.32
456,7/22/2024 7:45,12.48,14.24
457,7/22/2024 8:00,12.17,14.12
458,7/22/2024 8:15,12.39,14.08
459,7/22/2024 8:30,12.64,14.14
460,7/22/2024 8:45,12.71,14.16
461,7/22/2024 9:00,12.35,14.12
462,7/22/2024 9:15,12.5,14.12
463,7/22/2024 9:30,12.7,14.14
464,7/22/2024 9:45,12.24,14.12
465,7/22/2024 10:00,10.59,14.06
466,7/22/2024 10:15,10.91,14.02
467,7/22/2024 10:30,10.83,14.08
468,7/22/2024 10:45,10.71,14.12
469,7/22/2024 11:00,10.93,14.14
470,7/22/2024 11:15,10.86,14.18
471,7/22/2024 11:30,11.08,14.24
472,7/22/2024 11:45,11.18,14.3
473,7/22/2024 12:00,11.19,14.42
474,7/22/2024 12:15,11.32,14.52
475,7/22/2024 12:30,11.19,14.54
476,7/22/2024 12:45,11.32,14.54
477,7/22/2024 13:00,11.36,14.6
478,7/22/2024 13:15,11.33,14.68
479,7/22/2024 13:30,11.31,14.7
480,7/22/2024 13:45,11.33,14.76
481,7/22/2024 14:00,11.44,14.8
482,7/22/2024 14:15,11.32,14.78
483,7/22/2024 14:30,10.94,14.78
484,7/22/2024 14:45,11.17,14.76
485,7/22/2024 15:00,11.05,14.72
486,7/22/2024 15:15,11.21,14.74
487,7/22/2024 15:30,11.44,14.82
488,7/22/2024 15:45,10.98,14.54
489,7/22/2024 16:00,10.76,14.26
490,7/22/2024 16:15,10.36,13.98
491,7/22/2024 16:30,10.19,13.4
492,7/22/2024 16:45,9.89,13.06
493,7/22/2024 17:00,9.98,12.9
494,7/22/2024 17:15,10.19,13.08
495,7/22/2024 17:30,10.12,13.04
496,7/22/2024 17:45,10.08,13.02
497,7/22/2024 18:00,10.11,13.04
498,7/22/2024 18:15,9.92,13
499,7/22/2024 18:30,9.67,12.88
500,7/22/2024 18:45,9.55,12.74
501,7/22/2024 19:00,9.5,12.68
502,7/22/2024 19:15,9.52,12.68
503,7/22/2024 19:30,9.49,12.64
504,7/22/2024 19:45,9.49,12.64
505,7/22/2024 20:00,9.5,12.62
506,7/22/2024 20:15,9.53,12.66
507,7/22/2024 20:30,9.56,12.68
508,7/22/2024 20:45,9.75,12.74
509,7/22/2024 21:00,9.7,12.8
510,7/22/2024 21:15,9.63,12.78
511,7/22/2024 21:30,9.64,12.78
512,7/22/2024 21:45,9.5,12.78
513,7/22/2024 22:00,9.49,12.72
514,7/22/2024 22:15,10.11,13
515,7/22/2024 22:30,10.31,13.16
516,7/22/2024 22:45,10.03,13.14
517,7/22/2024 23:00,10.08,13.1
518,7/22/2024 23:15,10.01,13.08
519,7/22/2024 23:30,9.98,13.06
520,7/22/2024 23:45,10.15,13.16
521,7/23/2024 0:00,10.04,13.22
522,7/23/2024 0:15,9.97,13.22
523,7/23/2024 0:30,10.09,13.26
524,7/23/2024 0:45,9.84,13.1
525,7/23/2024 1:00,9.99,13.06
526,7/23/2024 1:15,10.2,13.26
527,7/23/2024 1:30,10.29,13.46
528,7/23/2024 1:45,10.25,13.52
529,7/23/2024 2:00,10.25,13.56
530,7/23/2024 2:15,10.27,13.6
531,7/23/2024 2:30,10.2,13.58
532,7/23/2024 2:45,10.13,13.52
533,7/23/2024 3:00,9.88,13.52
534,7/23/2024 3:15,10.19,13.58
535,7/23/2024 3:30,10.03,13.6
536,7/23/2024 3:45,10.22,13.58
537,7/23/2024 4:00,10.2,13.58
538,7/23/2024 4:15,10.09,13.6
539,7/23/2024 4:30,9.95,13.6
540,7/23/2024 4:45,10.09,13.6
541,7/23/2024 5:00,9.9,13.6
542,7/23/2024 5:15,9.83,13.58
543,7/23/2024 5:30,10.03,13.56
544,7/23/2024 5:45,9.89,13.54
545,7/23/2024 6:00,9.47,13.5
546,7/23/2024 6:15,9.5,13.44
547,7/23/2024 6:30,9.74,13.48
548,7/23/2024 6:45,9.92,13.5
549,7/23/2024 7:00,10.02,13.48
550,7/23/2024 7:15,9.85,13.4
551,7/23/2024 7:30,9.83,13.26
552,7/23/2024 7:45,9.96,13.26
553,7/23/2024 8:00,9.97,13.24
554,7/23/2024 8:15,9.75,13.3
555,7/23/2024 8:30,9.95,13.52
556,7/23/2024 8:45,10.25,13.78
557,7/23/2024 9:00,10.27,13.9
558,7/23/2024 9:15,10.34,13.84
559,7/23/2024 9:30,10.27,13.82
560,7/23/2024 9:45,10.31,13.88
561,7/23/2024 10:00,10.43,13.9
562,7/23/2024 10:15,10.45,14
563,7/23/2024 10:30,10.52,14.08
564,7/23/2024 10:45,10.81,13.86
565,7/23/2024 11:00,10.75,13.92
566,7/23/2024 11:15,10.77,14.02
567,7/23/2024 11:30,10.88,14.34
568,7/23/2024 11:45,10.87,14.32
569,7/23/2024 12:00,11.22,14.32
570,7/23/2024 12:15,11.1,14.38
571,7/23/2024 12:30,10.94,14.4
572,7/23/2024 12:45,10.83,14.46
573,7/23/2024 13:00,10.83,14.38
574,7/23/2024 13:15,10.94,14.44
575,7/23/2024 13:30,10.77,14.44
576,7/23/2024 13:45,10.89,14.46
577,7/23/2024 14:00,10.54,14.52
578,7/23/2024 14:15,11.04,14.54
579,7/23/2024 14:30,10.93,14.6
580,7/23/2024 14:45,11.16,14.68
581,7/23/2024 15:00,11.05,14.7
582,7/23/2024 15:15,11.01,14.7
583,7/23/2024 15:30,11.07,14.72
584,7/23/2024 15:45,10.93,14.62
585,7/23/2024 16:00,10.08,14.06
586,7/23/2024 16:15,10.09,13.6
587,7/23/2024 16:30,10.68,13.86
588,7/23/2024 16:45,10.48,13.84
589,7/23/2024 17:00,10.15,13.6
590,7/23/2024 17:15,10.12,13.4
591,7/23/2024 17:30,10.15,13.38
592,7/23/2024 17:45,10.08,13.28
593,7/23/2024 18:00,10.05,13.22
594,7/23/2024 18:15,9.81,13.1
595,7/23/2024 18:30,9.4,12.78
596,7/23/2024 18:45,9.29,12.66
597,7/23/2024 19:00,9.28,12.66
598,7/23/2024 19:15,9.28,12.68
599,7/23/2024 19:30,9.24,12.66
600,7/23/2024 19:45,9.24,12.62
601,7/23/2024 20:00,9.26,12.62
602,7/23/2024 20:15,9.25,12.64
603,7/23/2024 20:30,9.61,12.82
604,7/23/2024 20:45,9.64,12.82
605,7/23/2024 21:00,10.02,12.92
606,7/23/2024 21:15,9.75,13
607,7/23/2024 21:30,9.59,12.92
608,7/23/2024 21:45,9.49,12.84
609,7/23/2024 22:00,9.47,12.84
610,7/23/2024 22:15,9.41,12.9
611,7/23/2024 22:30,9.94,13.06
612,7/23/2024 22:45,10.6,13.44
613,7/23/2024 23:00,10.29,13.64
614,7/23/2024 23:15,10.17,13.48
615,7/23/2024 23:30,9.98,13.32
616,7/23/2024 23:45,10.13,13.36
617,7/24/2024 0:00,10.01,13.24
618,7/24/2024 0:15,10.03,13.22
619,7/24/2024 0:30,9.96,13.3
620,7/24/2024 0:45,9.85,13.16
621,7/24/2024 1:00,9.53,12.96
622,7/24/2024 1:15,9.57,12.92
623,7/24/2024 1:30,9.82,13.1
624,7/24/2024 1:45,9.92,13.28
625,7/24/2024 2:00,9.99,13.44
626,7/24/2024 2:15,10.13,13.56
627,7/24/2024 2:30,10.15,13.6
628,7/24/2024 2:45,10.11,13.64
629,7/24/2024 3:00,10.06,13.64
630,7/24/2024 3:15,10.08,13.62
631,7/24/2024 3:30,10.02,13.6
632,7/24/2024 3:45,9.91,13.62
633,7/24/2024 4:00,9.89,13.62
634,7/24/2024 4:15,10.05,13.62
635,7/24/2024 4:30,9.96,13.64
636,7/24/2024 4:45,9.87,13.68
637,7/24/2024 5:00,10.01,13.72
638,7/24/2024 5:15,9.85,13.72
639,7/24/2024 5:30,9.88,13.7
640,7/24/2024 5:45,9.88,13.72
641,7/24/2024 6:00,9.98,13.7
642,7/24/2024 6:15,10.08,13.66
643,7/24/2024 6:30,9.71,13.66
644,7/24/2024 6:45,9.62,13.62
645,7/24/2024 7:00,9.62,13.62
646,7/24/2024 7:15,9.76,13.56
647,7/24/2024 7:30,9.84,13.44
648,7/24/2024 7:45,9.91,13.48
649,7/24/2024 8:00,9.85,13.54
650,7/24/2024 8:15,9.78,13.4
651,7/24/2024 8:30,9.82,13.36
652,7/24/2024 8:45,9.94,13.4
653,7/24/2024 9:00,9.95,13.42
654,7/24/2024 9:15,9.9,13.42
655,7/24/2024 9:30,9.75,13.44
656,7/24/2024 9:45,9.92,13.46
657,7/24/2024 10:00,10.27,13.84
658,7/24/2024 10:15,10.26,13.94
659,7/24/2024 10:30,10.46,13.92
660,7/24/2024 10:45,10.71,13.94
661,7/24/2024 11:00,11.07,14.08
662,7/24/2024 11:15,10.4,13.96
663,7/24/2024 11:30,10.47,13.84
664,7/24/2024 11:45,10.62,13.92
665,7/24/2024 12:00,10.52,14.04
666,7/24/2024 12:15,10.64,14.16
667,7/24/2024 12:30,11.38,14.64
668,7/24/2024 12:45,10.72,14.54
669,7/24/2024 13:00,10.73,14.52
670,7/24/2024 13:15,10.6,14.3
671,7/24/2024 13:30,10.73,14.34
672,7/24/2024 13:45,10.76,14.48
673,7/24/2024 14:00,10.84,14.5
674,7/24/2024 14:15,10.82,14.54
675,7/24/2024 14:30,10.94,14.62
676,7/24/2024 14:45,10.87,14.58
677,7/24/2024 15:00,10.77,14.58
678,7/24/2024 15:15,11.04,14.72
679,7/24/2024 15:30,11.07,14.76
680,7/24/2024 15:45,11.02,14.76
681,7/24/2024 16:00,11.04,14.78
682,7/24/2024 16:15,10.84,14.72
683,7/24/2024 16:30,10.66,14.7
684,7/24/2024 16:45,10.79,14.6
685,7/24/2024 17:00,10.86,14.66
686,7/24/2024 17:15,10.61,14.34
687,7/24/2024 17:30,10.32,14.18
688,7/24/2024 17:45,10.03,13.82
689,7/24/2024 18:00,9.92,13.52
690,7/24/2024 18:15,9.82,13.34
691,7/24/2024 18:30,9.68,13.16
692,7/24/2024 18:45,9.59,12.96
693,7/24/2024 19:00,9.5,12.92
694,7/24/2024 19:15,9.42,12.82
695,7/24/2024 19:30,9.39,12.8
696,7/24/2024 19:45,9.36,12.74
697,7/24/2024 20:00,9.4,12.74
698,7/24/2024 20:15,9.4,12.76
699,7/24/2024 20:30,9.45,12.78
700,7/24/2024 20:45,9.43,12.78
701,7/24/2024 21:00,9.42,12.78
702,7/24/2024 21:15,9.42,12.78
703,7/24/2024 21:30,9.45,12.8
704,7/24/2024 21:45,9.61,12.92
705,7/24/2024 22:00,9.68,12.94
706,7/24/2024 22:15,9.68,12.94
707,7/24/2024 22:30,9.69,12.98
708,7/24/2024 22:45,9.76,13
709,7/24/2024 23:00,9.59,13.1
710,7/24/2024 23:15,9.43,13
711,7/24/2024 23:30,9.54,12.98
712,7/24/2024 23:45,9.55,12.94
713,7/25/2024 0:00,10.04,13
714,7/25/2024 0:15,9.97,13.38
715,7/25/2024 0:30,9.75,13.36
716,7/25/2024 0:45,9.78,13.3
717,7/25/2024 1:00,9.97,13.28
718,7/25/2024 1:15,10.15,13.42
719,7/25/2024 1:30,9.4,13.34
720,7/25/2024 1:45,9.71,13.22
721,7/25/2024 2:00,9.88,13.34
722,7/25/2024 2:15,9.94,13.48
723,7/25/2024 2:30,10.12,13.68
724,7/25/2024 2:45,10.1,13.82
725,7/25/2024 3:00,10.08,13.86
726,7/25/2024 3:15,10.09,13.84
727,7/25/2024 3:30,10.08,13.88
728,7/25/2024 3:45,9.88,13.88
729,7/25/2024 4:00,10.08,13.88
730,7/25/2024 4:15,10.18,13.88
731,7/25/2024 4:30,10.22,13.9
732,7/25/2024 4:45,10.05,13.88
733,7/25/2024 5:00,9.99,13.86
734,7/25/2024 5:15,9.97,13.84
735,7/25/2024 5:30,9.9,13.84
736,7/25/2024 5:45,10.04,13.86
737,7/25/2024 6:00,10.17,13.88
738,7/25/2024 6:15,10.11,13.9
739,7/25/2024 6:30,10.04,13.88
740,7/25/2024 6:45,9.89,13.84
741,7/25/2024 7:00,9.98,13.86
742,7/25/2024 7:15,9.56,13.84
743,7/25/2024 7:30,9.4,13.74
744,7/25/2024 7:45,9.56,13.46
745,7/25/2024 8:00,9.7,13.46
746,7/25/2024 8:15,9.73,13.38
747,7/25/2024 8:30,9.63,13.22
748,7/25/2024 8:45,9.55,13.12
749,7/25/2024 9:00,9.54,13.12
750,7/25/2024 9:15,9.56,13.42
751,7/25/2024 9:30,9.83,13.52
752,7/25/2024 9:45,9.84,13.48
753,7/25/2024 10:00,9.85,13.46
754,7/25/2024 10:15,9.84,13.44
755,7/25/2024 10:30,9.73,13.46
756,7/25/2024 10:45,10.02,13.5
757,7/25/2024 11:00,10.03,13.68
758,7/25/2024 11:15,10.04,13.58
759,7/25/2024 11:30,10.13,13.64
760,7/25/2024 11:45,10.24,13.86
761,7/25/2024 12:00,10.19,13.9
762,7/25/2024 12:15,10.89,14.2
763,7/25/2024 12:30,11.73,14.44
764,7/25/2024 12:45,10.47,14.18
765,7/25/2024 13:00,10.55,14.02
766,7/25/2024 13:15,10.48,14.1
767,7/25/2024 13:30,10.58,14.22
768,7/25/2024 13:45,10.46,14.24
769,7/25/2024 14:00,10.41,14.26
770,7/25/2024 14:15,10.36,14.28
771,7/25/2024 14:30,10.52,14.3
772,7/25/2024 14:45,10.59,14.34
773,7/25/2024 15:00,10.57,14.38
774,7/25/2024 15:15,10.65,14.4
775,7/25/2024 15:30,10.87,14.44
776,7/25/2024 15:45,10.77,14.62
777,7/25/2024 16:00,10.79,14.56
778,7/25/2024 16:15,10.89,14.6
779,7/25/2024 16:30,10.74,14.62
780,7/25/2024 16:45,10.9,14.62
781,7/25/2024 17:00,10.61,14.54
782,7/25/2024 17:15,10.59,14.52
783,7/25/2024 17:30,10.79,14.58
784,7/25/2024 17:45,10.79,14.6
785,7/25/2024 18:00,10.67,14.46
786,7/25/2024 18:15,10.27,14.42
787,7/25/2024 18:30,10.36,14.18
788,7/25/2024 18:45,10.06,13.7
789,7/25/2024 19:00,9.77,13.38
790,7/25/2024 19:15,9.56,13.06
791,7/25/2024 19:30,9.55,12.96
792,7/25/2024 19:45,9.45,12.88
793,7/25/2024 20:00,9.41,12.84
794,7/25/2024 20:15,9.39,12.84
795,7/25/2024 20:30,9.36,12.82
796,7/25/2024 20:45,9.38,12.8
797,7/25/2024 21:00,9.35,12.78
798,7/25/2024 21:15,9.31,12.8
799,7/25/2024 21:30,9.33,12.78
800,7/25/2024 21:45,9.34,12.78
801,7/25/2024 22:00,9.49,12.8
802,7/25/2024 22:15,9.43,12.88
803,7/25/2024 22:30,9.42,12.88
804,7/25/2024 22:45,9.38,12.9
805,7/25/2024 23:00,9.34,12.88
806,7/25/2024 23:15,9.19,12.84
807,7/25/2024 23:30,9.64,12.94
808,7/25/2024 23:45,9.92,13.3
809,7/26/2024 0:00,9.84,13.46
810,7/26/2024 0:15,9.96,13.58
811,7/26/2024 0:30,9.85,13.62
812,7/26/2024 0:45,9.69,13.54
813,7/26/2024 1:00,9.69,13.5
814,7/26/2024 1:15,9.34,13.18
815,7/26/2024 1:30,9.56,13.06
816,7/26/2024 1:45,9.66,13.02
817,7/26/2024 2:00,9.7,13.12
818,7/26/2024 2:15,9.83,13.3
819,7/26/2024 2:30,10.03,13.5
820,7/26/2024 2:45,9.96,13.58
821,7/26/2024 3:00,9.92,13.62
822,7/26/2024 3:15,9.99,13.64
823,7/26/2024 3:30,10.08,13.7
824,7/26/2024 3:45,10.06,13.76
825,7/26/2024 4:00,9.99,13.76
826,7/26/2024 4:15,10.12,13.82
827,7/26/2024 4:30,10.01,13.86
828,7/26/2024 4:45,10.1,13.88
829,7/26/2024 5:00,10.03,13.92
830,7/26/2024 5:15,9.81,13.94
831,7/26/2024 5:30,9.87,13.94
832,7/26/2024 5:45,10.11,13.94
833,7/26/2024 6:00,9.85,13.92
834,7/26/2024 6:15,9.83,13.92
835,7/26/2024 6:30,9.88,13.92
836,7/26/2024 6:45,9.77,13.92
837,7/26/2024 7:00,9.69,13.92
838,7/26/2024 7:15,9.62,13.92
839,7/26/2024 7:30,9.35,13.92
840,7/26/2024 7:45,9.77,13.88
841,7/26/2024 8:00,9.82,13.9
842,7/26/2024 8:15,10.23,13.9
843,7/26/2024 8:30,9.68,13.9
844,7/26/2024 8:45,9.64,13.86
845,7/26/2024 9:00,9.5,13.9
846,7/26/2024 9:15,9.8,13.86
847,7/26/2024 9:30,9.85,13.72
848,7/26/2024 9:45,9.9,13.64
849,7/26/2024 10:00,9.9,13.6
850,7/26/2024 10:15,9.94,13.54
851,7/26/2024 10:30,9.9,13.6
852,7/26/2024 10:45,9.96,13.56
853,7/26/2024 11:00,9.96,13.6
854,7/26/2024 11:15,9.97,13.56
855,7/26/2024 11:30,9.99,13.62
856,7/26/2024 11:45,10.12,14.04
857,7/26/2024 12:00,10.6,14.3
858,7/26/2024 12:15,10.51,14.64
859,7/26/2024 12:30,10.64,14.7
860,7/26/2024 12:45,11.14,14.54
861,7/26/2024 13:00,11.3,14.8
862,7/26/2024 13:15,10.66,15
863,7/26/2024 13:30,11.86,15.02
864,7/26/2024 13:45,12.62,14.94
865,7/26/2024 14:00,10.68,14.7
866,7/26/2024 14:15,10.54,14.26
867,7/26/2024 14:30,10.37,14.32
868,7/26/2024 14:45,10.45,14.24
869,7/26/2024 15:00,10.52,14.2
870,7/26/2024 15:15,10.47,14.32
871,7/26/2024 15:30,10.4,14.24
872,7/26/2024 15:45,10.47,14.24
873,7/26/2024 16:00,10.33,14.18
874,7/26/2024 16:15,10.43,14.18
875,7/26/2024 16:30,10.06,14.24
876,7/26/2024 16:45,10.72,14.34
877,7/26/2024 17:00,10.76,14.46
878,7/26/2024 17:15,10.79,14.48
879,7/26/2024 17:30,10.54,14.46
880,7/26/2024 17:45,10.54,14.44
881,7/26/2024 18:00,10.37,14.46
882,7/26/2024 18:15,10.54,14.48
883,7/26/2024 18:30,10.47,14.46
884,7/26/2024 18:45,10.5,14.36
885,7/26/2024 19:00,10.6,14.46
886,7/26/2024 19:15,10.33,14.16
887,7/26/2024 19:30,10.08,14.02
888,7/26/2024 19:45,9.96,13.96
889,7/26/2024 20:00,10.03,13.84
890,7/26/2024 20:15,9.76,13.46
891,7/26/2024 20:30,9.5,13.14
892,7/26/2024 20:45,9.5,12.96
893,7/26/2024 21:00,9.6,12.98
894,7/26/2024 21:15,9.67,13.02
895,7/26/2024 21:30,9.7,13.02
896,7/26/2024 21:45,9.6,13
897,7/26/2024 22:00,9.55,12.96
898,7/26/2024 22:15,9.56,12.96
899,7/26/2024 22:30,9.6,13
900,7/26/2024 22:45,9.68,13.06
901,7/26/2024 23:00,9.59,13.08
902,7/26/2024 23:15,9.55,13.08
903,7/26/2024 23:30,9.56,13.06
904,7/26/2024 23:45,9.52,13.08
905,7/27/2024 0:00,9.53,13.1
906,7/27/2024 0:15,10.03,13.5
907,7/27/2024 0:30,10.16,13.58
908,7/27/2024 0:45,10.01,13.6
909,7/27/2024 1:00,10.12,13.6
910,7/27/2024 1:15,10.06,13.66
911,7/27/2024 1:30,9.94,13.58
912,7/27/2024 1:45,9.87,13.48
913,7/27/2024 2:00,9.66,13.5
914,7/27/2024 2:15,9.47,13.48
915,7/27/2024 2:30,9.67,13.26
916,7/27/2024 2:45,9.73,13.3
917,7/27/2024 3:00,9.77,13.38
918,7/27/2024 3:15,10.03,13.6
919,7/27/2024 3:30,10.13,13.74
920,7/27/2024 3:45,10.17,13.8
921,7/27/2024 4:00,10.22,13.94
922,7/27/2024 4:15,10.24,14
923,7/27/2024 4:30,10.11,14
924,7/27/2024 4:45,9.87,14
925,7/27/2024 5:00,10.23,13.98
926,7/27/2024 5:15,10.19,14.08
927,7/27/2024 5:30,10.26,14.1
928,7/27/2024 5:45,10.27,14.12
929,7/27/2024 6:00,10.36,14.16
930,7/27/2024 6:15,10.32,14.2
931,7/27/2024 6:30,10.45,14.2
932,7/27/2024 6:45,10.19,14.2
933,7/27/2024 7:00,10.1,14.2
934,7/27/2024 7:15,10.01,14.16
935,7/27/2024 7:30,10.05,14.16
936,7/27/2024 7:45,10.08,14.02
937,7/27/2024 8:00,9.94,14.1
938,7/27/2024 8:15,9.74,14.04
939,7/27/2024 8:30,9.99,14.12
940,7/27/2024 8:45,10.23,14.08
941,7/27/2024 9:00,10.1,13.98
942,7/27/2024 9:15,10.08,13.94
943,7/27/2024 9:30,10.1,13.98
944,7/27/2024 9:45,9.67,13.82
945,7/27/2024 10:00,9.62,13.66
946,7/27/2024 10:15,9.82,13.82
947,7/27/2024 10:30,10.02,13.7
948,7/27/2024 10:45,9.94,13.8
949,7/27/2024 11:00,9.92,13.54
950,7/27/2024 11:15,9.81,13.4
951,7/27/2024 11:30,9.88,13.44
952,7/27/2024 11:45,9.98,13.46
953,7/27/2024 12:00,9.89,13.54
954,7/27/2024 12:15,9.88,13.54
955,7/27/2024 12:30,9.96,13.64
956,7/27/2024 12:45,9.92,13.74
957,7/27/2024 13:00,9.53,14
958,7/27/2024 13:15,10.44,14.62
959,7/27/2024 13:30,11.47,14.84
960,7/27/2024 13:45,11.93,14.62
961,7/27/2024 14:00,11.66,14.92
962,7/27/2024 14:15,11.39,15.16
963,7/27/2024 14:30,13.77,15.48
964,7/27/2024 14:45,12.59,15.3
965,7/27/2024 15:00,12.42,15.3
966,7/27/2024 15:15,12.49,15.38
967,7/27/2024 15:30,12.01,15.5
968,7/27/2024 15:45,12.67,15.72
969,7/27/2024 16:00,12.86,15.74
970,7/27/2024 16:15,10.6,14.24
971,7/27/2024 16:30,10.84,14.22
972,7/27/2024 16:45,10.69,14.36
973,7/27/2024 17:00,10.68,14.42
974,7/27/2024 17:15,10.8,14.46
975,7/27/2024 17:30,10.79,14.48
976,7/27/2024 17:45,10.67,14.5
977,7/27/2024 18:00,10.5,14.5
978,7/27/2024 18:15,10.81,14.48
979,7/27/2024 18:30,10.68,14.42
980,7/27/2024 18:45,10.73,14.44
981,7/27/2024 19:00,10.25,14.22
982,7/27/2024 19:15,10.25,14.2
983,7/27/2024 19:30,10.33,13.98
984,7/27/2024 19:45,10.33,13.92
985,7/27/2024 20:00,10.43,13.94
986,7/27/2024 20:15,10.5,14.04
987,7/27/2024 20:30,10.17,13.9
988,7/27/2024 20:45,9.63,13.7
989,7/27/2024 21:00,9.63,13.58
990,7/27/2024 21:15,9.7,13.38
991,7/27/2024 21:30,9.95,13.38
992,7/27/2024 21:45,10.08,13.4
993,7/27/2024 22:00,9.92,13.34
994,7/27/2024 22:15,10.19,13.42
995,7/27/2024 22:30,10.09,13.46
996,7/27/2024 22:45,9.99,13.42
997,7/27/2024 23:00,9.97,13.4
998,7/27/2024 23:15,9.88,13.36
999,7/27/2024 23:30,9.95,13.38
1000,7/27/2024 23:45,9.96,13.42
1001,7/28/2024 0:00,9.81,13.42
1002,7/28/2024 0:15,9.89,13.42
1003,7/28/2024 0:30,8.98,13.4
1004,7/28/2024 0:45,10.01,13.48
1005,7/28/2024 1:00,10.41,13.84
1006,7/28/2024 1:15,9.99,13.64
1007,7/28/2024 1:30,10.16,13.6
1008,7/28/2024 1:45,10.12,13.76
1009,7/28/2024 2:00,10.09,13.68
1010,7/28/2024 2:15,9.96,13.66
1011,7/28/2024 2:30,10.01,13.7
1012,7/28/2024 2:45,10.01,13.56
1013,7/28/2024 3:00,9.63,13.46
1014,7/28/2024 3:15,9.64,13.46
1015,7/28/2024 3:30,9.75,13.52
1016,7/28/2024 3:45,10.01,13.62
1017,7/28/2024 4:00,10.04,13.72
1018,7/28/2024 4:15,10.13,13.8
1019,7/28/2024 4:30,10.12,13.82
1020,7/28/2024 4:45,10.04,13.92
1021,7/28/2024 5:00,10.22,13.98
1022,7/28/2024 5:15,10.3,14.04
1023,7/28/2024 5:30,10.29,14.1
1024,7/28/2024 5:45,10.38,14.14
1025,7/28/2024 6:00,10.36,14.16
1026,7/28/2024 6:15,10.44,14.2
1027,7/28/2024 6:30,10.33,14.22
1028,7/28/2024 6:45,10.5,14.26
1029,7/28/2024 7:00,10.4,14.34
1030,7/28/2024 7:15,10.3,14.28
1031,7/28/2024 7:30,10.2,14.26
1032,7/28/2024 7:45,10.46,14.34
1033,7/28/2024 8:00,10.52,14.32
1034,7/28/2024 8:15,10.53,14.32
1035,7/28/2024 8:30,10.25,14.3
1036,7/28/2024 8:45,10.3,14.26
1037,7/28/2024 9:00,10.09,14.28
1038,7/28/2024 9:15,10.12,14.28
1039,7/28/2024 9:30,10.03,14.2
1040,7/28/2024 9:45,9.98,14.12
1041,7/28/2024 10:00,10.15,14.04
1042,7/28/2024 10:15,9.83,13.92
1043,7/28/2024 10:30,9.84,13.76
1044,7/28/2024 10:45,9.83,13.58
1045,7/28/2024 11:00,9.84,13.48
1046,7/28/2024 11:15,9.82,13.54
1047,7/28/2024 11:30,9.9,13.48
1048,7/28/2024 11:45,10.47,13.94
1049,7/28/2024 12:00,9.38,13.3
1050,7/28/2024 12:15,9.45,13.18
1051,7/28/2024 12:30,9.46,13.1
1052,7/28/2024 12:45,9.41,13.06
1053,7/28/2024 13:00,9.63,13.96
1054,7/28/2024 13:15,9.55,13.66
1055,7/28/2024 13:30,9.8,13.46
1056,7/28/2024 13:45,9.34,13.2
1057,7/28/2024 14:00,9.82,13.4
1058,7/28/2024 14:15,9.68,13.42
1059,7/28/2024 14:30,9.68,13.36
1060,7/28/2024 14:45,9.84,13.42
1061,7/28/2024 15:00,9.75,13.36
1062,7/28/2024 15:15,9.67,13.32
1063,7/28/2024 15:30,10.18,13.54
1064,7/28/2024 15:45,11.16,14.26
1065,7/28/2024 16:00,11.28,14.46
1066,7/28/2024 16:15,11.17,14.38
1067,7/28/2024 16:30,10.91,14.28
1068,7/28/2024 16:45,10.83,14.12
1069,7/28/2024 17:00,10.72,13.86
1070,7/28/2024 17:15,10.19,13.72
1071,7/28/2024 17:30,10.13,13.72
1072,7/28/2024 17:45,10.34,13.6
1073,7/28/2024 18:00,10.36,13.76
1074,7/28/2024 18:15,10.26,13.9
1075,7/28/2024 18:30,10.41,13.96
1076,7/28/2024 18:45,10.43,13.9
1077,7/28/2024 19:00,10.4,14.02
1078,7/28/2024 19:15,10.51,14.1
1079,7/28/2024 19:30,10.58,14.14
1080,7/28/2024 19:45,10.36,14.08
1081,7/28/2024 20:00,10.67,13.82
1082,7/28/2024 20:15,10.59,13.78
1083,7/28/2024 20:30,10.57,13.74
1084,7/28/2024 20:45,10.37,13.76
1085,7/28/2024 21:00,10.38,13.74
1086,7/28/2024 21:15,10.15,13.64
1087,7/28/2024 21:30,10.67,13.8
1088,7/28/2024 21:45,10.29,13.68
1089,7/28/2024 22:00,9.59,13.36
1090,7/28/2024 22:15,9.56,13.26
1091,7/28/2024 22:30,9.6,13.16
1092,7/28/2024 22:45,9.68,13.14
1093,7/28/2024 23:00,9.48,13.08
1094,7/28/2024 23:15,9.47,12.98
1095,7/28/2024 23:30,9.29,12.92
1096,7/28/2024 23:45,9.33,12.9
1097,7/29/2024 0:00,9.25,12.88
1098,7/29/2024 0:15,9.1,12.84
1099,7/29/2024 0:30,9.35,13
1100,7/29/2024 0:45,9.32,13.02
1101,7/29/2024 1:00,9.32,13
1102,7/29/2024 1:15,9.27,12.98
1103,7/29/2024 1:30,9.14,13
1104,7/29/2024 1:45,9.05,13
1105,7/29/2024 2:00,10.05,13.26
1106,7/29/2024 2:15,10.22,13.7
1107,7/29/2024 2:30,9.91,13.74
1108,7/29/2024 2:45,9.83,13.66
1109,7/29/2024 3:00,10.27,13.72
1110,7/29/2024 3:15,9.98,13.56
1111,7/29/2024 3:30,9.41,13.38
1112,7/29/2024 3:45,9.53,13.14
1113,7/29/2024 4:00,9.52,13.18
1114,7/29/2024 4:15,9.92,13.32
1115,7/29/2024 4:30,10.09,13.64
1116,7/29/2024 4:45,9.94,13.68
1117,7/29/2024 5:00,9.98,13.74
1118,7/29/2024 5:15,10.04,13.82
1119,7/29/2024 5:30,9.91,13.86
1120,7/29/2024 5:45,10.1,13.9
1121,7/29/2024 6:00,10.19,13.9
1122,7/29/2024 6:15,10.3,14.02
1123,7/29/2024 6:30,10.13,14.02
1124,7/29/2024 6:45,10.31,14.04
1125,7/29/2024 7:00,10.23,14.08
1126,7/29/2024 7:15,10.18,14.1
1127,7/29/2024 7:30,10.32,14.12
1128,7/29/2024 7:45,10.18,14.12
1129,7/29/2024 8:00,10.1,14.12
1130,7/29/2024 8:15,10.3,14.18
1131,7/29/2024 8:30,10.36,14.18
1132,7/29/2024 8:45,10.3,14.16
1133,7/29/2024 9:00,10.17,14.16
1134,7/29/2024 9:15,10.26,14.16
1135,7/29/2024 9:30,10.36,14.18
1136,7/29/2024 9:45,10.29,14.18
1137,7/29/2024 10:00,10.33,14.18
1138,7/29/2024 10:15,10.25,14.2
1139,7/29/2024 10:30,10.22,14.22
1140,7/29/2024 10:45,10.52,14.22
1141,7/29/2024 11:00,10.27,14.2
1142,7/29/2024 11:15,10.1,14.06
1143,7/29/2024 11:30,9.89,13.74
1144,7/29/2024 11:45,9.41,13.32
1145,7/29/2024 12:00,9.22,13.04
1146,7/29/2024 12:15,9.18,12.88
1147,7/29/2024 12:30,9.19,12.86
1148,7/29/2024 12:45,9.2,12.86
1149,7/29/2024 13:00,9.17,12.82
1150,7/29/2024 13:15,9.24,12.86
1151,7/29/2024 13:30,9.26,12.9
1152,7/29/2024 13:45,9.27,12.9
1153,7/29/2024 14:00,9.28,12.9
1154,7/29/2024 14:15,9.31,12.9
1155,7/29/2024 14:30,9.26,12.92
1156,7/29/2024 14:45,9.22,12.88
1157,7/29/2024 15:00,9.53,13.04
1158,7/29/2024 15:15,9.64,13.26
1159,7/29/2024 15:30,9.78,13.48
1160,7/29/2024 15:45,9.89,13.44
1161,7/29/2024 16:00,9.4,13.4
1162,7/29/2024 16:15,9.49,13.22
1163,7/29/2024 16:30,9.4,13.06
1164,7/29/2024 16:45,9.56,13.12
1165,7/29/2024 17:00,9.66,13.14
1166,7/29/2024 17:15,9.55,13.18
1167,7/29/2024 17:30,9.55,13.14
1168,7/29/2024 17:45,9.49,13.1
1169,7/29/2024 18:00,9.5,13.1
1170,7/29/2024 18:15,10.31,13.34
1171,7/29/2024 18:30,10.55,13.6
1172,7/29/2024 18:45,10.54,13.6
1173,7/29/2024 19:00,10.34,13.48
1174,7/29/2024 19:15,10.16,13.34
1175,7/29/2024 19:30,10.27,13.32
1176,7/29/2024 19:45,10.43,13.44
1177,7/29/2024 20:00,10.37,13.46
1178,7/29/2024 20:15,10.44,13.46
1179,7/29/2024 20:30,10.48,13.52
1180,7/29/2024 20:45,10.59,13.74
1181,7/29/2024 21:00,10.24,13.7
1182,7/29/2024 21:15,9.85,13.46
1183,7/29/2024 21:30,9.71,13.42
1184,7/29/2024 21:45,9.6,13.32
1185,7/29/2024 22:00,9.56,13.24
1186,7/29/2024 22:15,9.56,13.16
1187,7/29/2024 22:30,9.55,13.16
1188,7/29/2024 22:45,9.91,13.22
1189,7/29/2024 23:00,9.48,13.18
1190,7/29/2024 23:15,9.6,13.2
1191,7/29/2024 23:30,9.45,13.2
1192,7/29/2024 23:45,9.32,13.18
1193,7/30/2024 0:00,9.34,13.16
1194,7/30/2024 0:15,9.26,13.1
1195,7/30/2024 0:30,9.09,13.08
1196,7/30/2024 0:45,9.1,13.06
1197,7/30/2024 1:00,9.27,13.06
1198,7/30/2024 1:15,9.34,13.08
1199,7/30/2024 1:30,9.57,13.14
1200,7/30/2024 1:45,9.57,13.2
1201,7/30/2024 2:00,9.36,13.12
1202,7/30/2024 2:15,9.15,13.1
1203,7/30/2024 2:30,9.04,13.1
1204,7/30/2024 2:45,9.48,13.12
1205,7/30/2024 3:00,9.94,13.26
1206,7/30/2024 3:15,9.94,13.32
1207,7/30/2024 3:30,9.66,13.26
1208,7/30/2024 3:45,9.73,13.36
1209,7/30/2024 4:00,9.7,13.24
1210,7/30/2024 4:15,9.96,13.22
1211,7/30/2024 4:30,9.57,13.24
1212,7/30/2024 4:45,9.26,13.14
1213,7/30/2024 5:00,9.35,13.14
1214,7/30/2024 5:15,9.43,13.24
1215,7/30/2024 5:30,9.68,13.36
1216,7/30/2024 5:45,9.53,13.46
1217,7/30/2024 6:00,9.88,13.62
1218,7/30/2024 6:15,9.85,13.78
1219,7/30/2024 6:30,9.95,13.82
1220,7/30/2024 6:45,10.01,13.86
1221,7/30/2024 7:00,9.97,13.88
1222,7/30/2024 7:15,10.01,13.88
1223,7/30/2024 7:30,9.97,13.9
1224,7/30/2024 7:45,9.98,13.9
1225,7/30/2024 8:00,9.87,13.92
1226,7/30/2024 8:15,10.04,13.94
1227,7/30/2024 8:30,9.88,13.96
1228,7/30/2024 8:45,10.1,14
1229,7/30/2024 9:00,9.91,14.02
1230,7/30/2024 9:15,9.91,14.04
1231,7/30/2024 9:30,10.16,14.1
1232,7/30/2024 9:45,10.23,14.14
1233,7/30/2024 10:00,10.12,14.14
1234,7/30/2024 10:15,10.08,14.1
1235,7/30/2024 10:30,9.84,14.08
1236,7/30/2024 10:45,9.87,14.1
1237,7/30/2024 11:00,9.35,14.14
1238,7/30/2024 11:15,10.11,14.18
1239,7/30/2024 11:30,10.13,14.14
1240,7/30/2024 11:45,9.96,13.98
1241,7/30/2024 12:00,10.09,13.94
1242,7/30/2024 12:15,9.57,13.7
1243,7/30/2024 12:30,9.34,13.44
1244,7/30/2024 12:45,9.35,13.42
1245,7/30/2024 13:00,9.34,13.28
1246,7/30/2024 13:15,9.15,13.16
1247,7/30/2024 13:30,9.18,13.1
1248,7/30/2024 13:45,10.4,13.94
1249,7/30/2024 14:00,10.83,14.7
1250,7/30/2024 14:15,9.62,14.1
1251,7/30/2024 14:30,9.41,13.68
1252,7/30/2024 14:45,10.36,14.44
1253,7/30/2024 15:00,10.79,14.6
1254,7/30/2024 15:15,10.89,14.78
1255,7/30/2024 15:30,10.71,14.72
1256,7/30/2024 15:45,10.5,14.24
1257,7/30/2024 16:00,11.14,14.78
1258,7/30/2024 16:15,10.54,14.42
1259,7/30/2024 16:30,11.18,14.48
1260,7/30/2024 16:45,9.89,13.78
1261,7/30/2024 17:00,10.05,13.64
1262,7/30/2024 17:15,10.31,14
1263,7/30/2024 17:30,11.03,14.22
1264,7/30/2024 17:45,11.63,14.3
1265,7/30/2024 18:00,11.22,13.9
1266,7/30/2024 18:15,10.88,13.74
1267,7/30/2024 18:30,10.66,13.72
1268,7/30/2024 18:45,10.69,13.74
1269,7/30/2024 19:00,10.74,13.86
1270,7/30/2024 19:15,10.38,13.98
1271,7/30/2024 19:30,11.05,13.9
1272,7/30/2024 19:45,11.11,13.92
1273,7/30/2024 20:00,11.03,13.94
1274,7/30/2024 20:15,10.98,13.92
1275,7/30/2024 20:30,11.11,13.84
1276,7/30/2024 20:45,11.11,13.82
1277,7/30/2024 21:00,10.83,13.66
1278,7/30/2024 21:15,11.23,13.58
1279,7/30/2024 21:30,11.96,13.56
1280,7/30/2024 21:45,12.28,13.6
1281,7/30/2024 22:00,11.51,13.44
1282,7/30/2024 22:15,11.11,13.36
1283,7/30/2024 22:30,10.32,13.28
1284,7/30/2024 22:45,9.87,13.22
1285,7/30/2024 23:00,9.33,13.16
1286,7/30/2024 23:15,9.15,13.08
1287,7/30/2024 23:30,8.93,13.06
1288,7/30/2024 23:45,9.17,13.06
1289,7/31/2024 0:00,9.27,13.08
1290,7/31/2024 0:15,9.36,13.1
1291,7/31/2024 0:30,9.33,13.12
1292,7/31/2024 0:45,9.17,13.1
1293,7/31/2024 1:00,9.11,13.1
1294,7/31/2024 1:15,9.32,13.12
1295,7/31/2024 1:30,9.31,13.12
1296,7/31/2024 1:45,8.88,13.1
1297,7/31/2024 2:00,8.76,13.1
1298,7/31/2024 2:15,9.2,13.08
1299,7/31/2024 2:30,9.62,13.3
1300,7/31/2024 2:45,9.47,13.36
1301,7/31/2024 3:00,9.45,13.36
1302,7/31/2024 3:15,9.21,13.28
1303,7/31/2024 3:30,9.28,13.26
1304,7/31/2024 3:45,9.55,13.2
1305,7/31/2024 4:00,9.66,13.26
1306,7/31/2024 4:15,9.54,13.24
1307,7/31/2024 4:30,9.59,13.26
1308,7/31/2024 4:45,9.53,13.26
1309,7/31/2024 5:00,9.46,13.26
1310,7/31/2024 5:15,9.36,13.24
1311,7/31/2024 5:30,9.36,13.24
1312,7/31/2024 5:45,9.52,13.28
1313,7/31/2024 6:00,9.52,13.36
1314,7/31/2024 6:15,9.52,13.4
1315,7/31/2024 6:30,9.54,13.48
1316,7/31/2024 6:45,9.7,13.58
1317,7/31/2024 7:00,9.88,13.7
1318,7/31/2024 7:15,9.59,13.7
1319,7/31/2024 7:30,9.53,13.74
1320,7/31/2024 7:45,9.78,13.82
1321,7/31/2024 8:00,9.74,13.86
1322,7/31/2024 8:15,9.78,13.86
1323,7/31/2024 8:30,9.85,13.92
1324,7/31/2024 8:45,9.95,14
1325,7/31/2024 9:00,9.85,14
1326,7/31/2024 9:15,9.99,14.02
1327,7/31/2024 9:30,9.98,14.04
1328,7/31/2024 9:45,9.91,14.08
1329,7/31/2024 10:00,9.69,14.06
1330,7/31/2024 10:15,9.77,14.08
1331,7/31/2024 10:30,10.01,14.14
1332,7/31/2024 10:45,9.5,14.16
1333,7/31/2024 11:00,10.01,14.2
1334,7/31/2024 11:15,10.19,14.3
1335,7/31/2024 11:30,10.11,14.28
1336,7/31/2024 11:45,10.16,14.22
1337,7/31/2024 12:00,10.27,14.4
1338,7/31/2024 12:15,10.29,14.42
1339,7/31/2024 12:30,9.91,14.2
1340,7/31/2024 12:45,9.55,13.92
1341,7/31/2024 13:00,9.31,13.62
1342,7/31/2024 13:15,9.19,13.32
1343,7/31/2024 13:30,8.93,13.02
1344,7/31/2024 13:45,9,12.96
1345,7/31/2024 14:00,9,12.98
1346,7/31/2024 14:15,8.81,12.96
1347,7/31/2024 14:30,8.67,12.82
1348,7/31/2024 14:45,8.68,12.76
1349,7/31/2024 15:00,8.69,12.72
1350,7/31/2024 15:15,8.72,12.7
1351,7/31/2024 15:30,8.99,12.78
1352,7/31/2024 15:45,9.18,13.04
1353,7/31/2024 16:00,9.22,13.08
1354,7/31/2024 16:15,9.29,13.14
1355,7/31/2024 16:30,9.29,13.14
1356,7/31/2024 16:45,9.35,13.18
1357,7/31/2024 17:00,9.45,13.22
1358,7/31/2024 17:15,9.34,13.28
1359,7/31/2024 17:30,9.45,13.34
1360,7/31/2024 17:45,9.47,13.42
1361,7/31/2024 18:00,9.52,13.38
1362,7/31/2024 18:15,9.47,13.38
1363,7/31/2024 18:30,9.5,13.38
1364,7/31/2024 18:45,9.45,13.36
1365,7/31/2024 19:00,9.46,13.34
1366,7/31/2024 19:15,9.45,13.38
1367,7/31/2024 19:30,9.22,13.38
1368,7/31/2024 19:45,8.91,13.42
1369,7/31/2024 20:00,9.24,13.44
1370,7/31/2024 20:15,9.12,13.42
1371,7/31/2024 20:30,9.48,13.4
1372,7/31/2024 20:45,9.56,13.44
1373,7/31/2024 21:00,9.76,13.48
1374,7/31/2024 21:15,10.2,13.64
1375,7/31/2024 21:30,10.03,13.64
1376,7/31/2024 21:45,10.33,13.72
1377,7/31/2024 22:00,10.2,13.82
1378,7/31/2024 22:15,9.94,13.66
1379,7/31/2024 22:30,10.24,13.66
1380,7/31/2024 22:45,9.91,13.58
1381,7/31/2024 23:00,9.74,13.6
1382,7/31/2024 23:15,9.63,13.46
1383,7/31/2024 23:30,9.67,13.38
1384,7/31/2024 23:45,9.73,13.4
1385,8/1/2024 0:00,9.73,13.42
1386,8/1/2024 0:15,9.78,13.52
1387,8/1/2024 0:30,9.62,13.54
1388,8/1/2024 0:45,9.85,13.7
1389,8/1/2024 1:00,9.5,13.48
1390,8/1/2024 1:15,9.54,13.38
1391,8/1/2024 1:30,9.55,13.5
1392,8/1/2024 1:45,9.41,13.4
1393,8/1/2024 2:00,9.59,13.36
1394,8/1/2024 2:15,9.6,13.36
1395,8/1/2024 2:30,9.5,13.34
1396,8/1/2024 2:45,9.18,13.26
1397,8/1/2024 3:00,9.54,13.32
1398,8/1/2024 3:15,9.77,13.52
1399,8/1/2024 3:30,9.77,13.62
1400,8/1/2024 3:45,9.68,13.64
1401,8/1/2024 4:00,9.59,13.62
1402,8/1/2024 4:15,9.41,13.52
1403,8/1/2024 4:30,9.38,13.48
1404,8/1/2024 4:45,9.28,13.5
1405,8/1/2024 5:00,9.56,13.48
1406,8/1/2024 5:15,10.1,13.54
1407,8/1/2024 5:30,9.97,13.5
1408,8/1/2024 5:45,10.02,13.58
1409,8/1/2024 6:00,9.35,13.44
1410,8/1/2024 6:15,9.47,13.42
1411,8/1/2024 6:30,9.46,13.44
1412,8/1/2024 6:45,9.41,13.44
1413,8/1/2024 7:00,9.4,13.52
1414,8/1/2024 7:15,9.42,13.52
1415,8/1/2024 7:30,9.73,13.66
1416,8/1/2024 7:45,9.68,13.7
1417,8/1/2024 8:00,9.8,13.78
1418,8/1/2024 8:15,9.97,13.88
1419,8/1/2024 8:30,9.99,13.92
1420,8/1/2024 8:45,9.96,14
1421,8/1/2024 9:00,9.96,14.04
1422,8/1/2024 9:15,9.99,14.06
1423,8/1/2024 9:30,10.06,14.06
1424,8/1/2024 9:45,9.82,14.06
1425,8/1/2024 10:00,9.96,14.1
1426,8/1/2024 10:15,10.08,14.14
1427,8/1/2024 10:30,9.67,14.14
1428,8/1/2024 10:45,10.2,14.22
1429,8/1/2024 11:00,10.15,14.3
1430,8/1/2024 11:15,10.25,14.32
1431,8/1/2024 11:30,10.04,14.28
1432,8/1/2024 11:45,10.15,14.32
1433,8/1/2024 12:00,10.31,14.32
1434,8/1/2024 12:15,9.99,14.42
1435,8/1/2024 12:30,10.08,14.42
1436,8/1/2024 12:45,10.26,14.6
1437,8/1/2024 13:00,10.43,14.7
1438,8/1/2024 13:15,10.37,14.6
1439,8/1/2024 13:30,10.11,14.28
1440,8/1/2024 13:45,9.82,14.06
1441,8/1/2024 14:00,9.61,13.72
1442,8/1/2024 14:15,9.19,13.5
1443,8/1/2024 14:30,9.21,13.48
1444,8/1/2024 14:45,8.75,13.12
1445,8/1/2024 15:00,8.64,12.92
1446,8/1/2024 15:15,8.55,12.84
1447,8/1/2024 15:30,8.46,12.74
1448,8/1/2024 15:45,8.51,12.68
1449,8/1/2024 16:00,8.48,12.68
1450,8/1/2024 16:15,8.5,12.68
1451,8/1/2024 16:30,8.5,12.68
1452,8/1/2024 16:45,8.53,12.72
1453,8/1/2024 17:00,8.56,12.74
1454,8/1/2024 17:15,8.64,12.8
1455,8/1/2024 17:30,8.98,13
1456,8/1/2024 17:45,9.05,13.16
1457,8/1/2024 18:00,9.34,13.22
1458,8/1/2024 18:15,9.45,13.28
1459,8/1/2024 18:30,9.55,13.36
1460,8/1/2024 18:45,9.64,13.46
1461,8/1/2024 19:00,9.61,13.46
1462,8/1/2024 19:15,9.59,13.46
1463,8/1/2024 19:30,9.57,13.44
1464,8/1/2024 19:45,9.55,13.44
1465,8/1/2024 20:00,9.47,13.46
1466,8/1/2024 20:15,9.63,13.52
1467,8/1/2024 20:30,9.66,13.48
1468,8/1/2024 20:45,9.73,13.44
1469,8/1/2024 21:00,9.74,13.4
1470,8/1/2024 21:15,9.73,13.4
1471,8/1/2024 21:30,9.78,13.38
1472,8/1/2024 21:45,9.81,13.38
1473,8/1/2024 22:00,9.78,13.36
1474,8/1/2024 22:15,9.75,13.34
1475,8/1/2024 22:30,9.63,13.38
1476,8/1/2024 22:45,9.61,13.52
1477,8/1/2024 23:00,10.05,13.52
1478,8/1/2024 23:15,10.83,13.82
1479,8/1/2024 23:30,9.76,13.54
1480,8/1/2024 23:45,10.04,13.7
1481,8/2/2024 0:00,10.34,13.82
1482,8/2/2024 0:15,10.8,14
1483,8/2/2024 0:30,11.53,14.5
1484,8/2/2024 0:45,11.07,14.54
1485,8/2/2024 1:00,10.43,14.24
1486,8/2/2024 1:15,10.33,14.16
1487,8/2/2024 1:30,10.31,14.1
1488,8/2/2024 1:45,10.2,14.1
1489,8/2/2024 2:00,9.55,13.84
1490,8/2/2024 2:15,9.82,13.78
1491,8/2/2024 2:30,9.7,13.74
1492,8/2/2024 2:45,9.67,13.76
1493,8/2/2024 3:00,9.06,13.84
1494,8/2/2024 3:15,9.41,13.8
1495,8/2/2024 3:30,9.46,13.74
1496,8/2/2024 3:45,9.02,13.7
1497,8/2/2024 4:00,9.32,13.62
1498,8/2/2024 4:15,9.78,13.86
1499,8/2/2024 4:30,9.69,13.86
1500,8/2/2024 4:45,9.62,13.88
1501,8/2/2024 5:00,9.62,13.88
1502,8/2/2024 5:15,9.53,13.84
1503,8/2/2024 5:30,9.34,13.84
1504,8/2/2024 5:45,10.13,13.84
1505,8/2/2024 6:00,10.33,13.88
1506,8/2/2024 6:15,10.09,13.84
1507,8/2/2024 6:30,10.16,13.82
1508,8/2/2024 6:45,10.17,13.76
1509,8/2/2024 7:00,10.04,13.88
1510,8/2/2024 7:15,9.62,13.78
1511,8/2/2024 7:30,9.61,13.76
1512,8/2/2024 7:45,9.82,13.84
1513,8/2/2024 8:00,10.04,13.92
1514,8/2/2024 8:15,10.15,14.02
1515,8/2/2024 8:30,10.15,14.06
1516,8/2/2024 8:45,10.17,14.16
1517,8/2/2024 9:00,10.17,14.24
1518,8/2/2024 9:15,10.29,14.26
1519,8/2/2024 9:30,10.33,14.24
1520,8/2/2024 9:45,10.22,14.24
1521,8/2/2024 10:00,10.53,14.34
1522,8/2/2024 10:15,10.48,14.38
1523,8/2/2024 10:30,10.45,14.38
1524,8/2/2024 10:45,10.54,14.42
1525,8/2/2024 11:00,10.57,14.5
1526,8/2/2024 11:15,10.59,14.5
1527,8/2/2024 11:30,10.65,14.5
1528,8/2/2024 11:45,10.61,14.6
1529,8/2/2024 12:00,10.5,14.68
1530,8/2/2024 12:15,10.58,14.58
1531,8/2/2024 12:30,10.57,14.68
1532,8/2/2024 12:45,10.59,14.8
1533,8/2/2024 13:00,10.77,14.82
1534,8/2/2024 13:15,10.69,14.84
1535,8/2/2024 13:30,10.74,15.12
1536,8/2/2024 13:45,10.96,15.02
1537,8/2/2024 14:00,10.76,14.84
1538,8/2/2024 14:15,9.63,14.24
1539,8/2/2024 14:30,9.13,13.52
1540,8/2/2024 14:45,9.21,13.4
1541,8/2/2024 15:00,9.14,13.3
1542,8/2/2024 15:15,8.92,13.2
1543,8/2/2024 15:30,8.71,12.94
1544,8/2/2024 15:45,8.74,12.84
1545,8/2/2024 16:00,8.83,12.84
1546,8/2/2024 16:15,8.78,12.84
1547,8/2/2024 16:30,8.84,12.88
1548,8/2/2024 16:45,8.85,12.88
1549,8/2/2024 17:00,8.92,12.98
1550,8/2/2024 17:15,8.88,12.96
1551,8/2/2024 17:30,9.07,13.04
1552,8/2/2024 17:45,9.12,13.12
1553,8/2/2024 18:00,9.25,13.14
1554,8/2/2024 18:15,9.29,13.2
1555,8/2/2024 18:30,9.33,13.2
1556,8/2/2024 18:45,9.4,13.22
1557,8/2/2024 19:00,9.32,13.24
1558,8/2/2024 19:15,9.4,13.34
1559,8/2/2024 19:30,9.67,13.44
1560,8/2/2024 19:45,9.7,13.52
1561,8/2/2024 20:00,9.71,13.52
1562,8/2/2024 20:15,9.59,13.52
1563,8/2/2024 20:30,9.43,13.44
1564,8/2/2024 20:45,9.4,13.4
1565,8/2/2024 21:00,9.28,13.4
1566,8/2/2024 21:15,9.2,13.42
1567,8/2/2024 21:30,9.28,13.44
1568,8/2/2024 21:45,9.66,13.46
1569,8/2/2024 22:00,9.67,13.5
1570,8/2/2024 22:15,9.68,13.5
1571,8/2/2024 22:30,9.76,13.48
1572,8/2/2024 22:45,9.7,13.46
1573,8/2/2024 23:00,10.12,13.58
1574,8/2/2024 23:15,9.82,13.64
1575,8/2/2024 23:30,10.19,13.52
1576,8/2/2024 23:45,9.45,13.72
1577,8/3/2024 0:00,9.53,13.38
1578,8/3/2024 0:15,9.62,13.44
1579,8/3/2024 0:30,9.64,13.52
1580,8/3/2024 0:45,9.67,13.6
1581,8/3/2024 1:00,9.67,13.66
1582,8/3/2024 1:15,9.43,13.78
1583,8/3/2024 1:30,9.7,13.82
1584,8/3/2024 1:45,9.42,13.8
1585,8/3/2024 2:00,9.22,13.8
1586,8/3/2024 2:15,9.39,13.84
1587,8/3/2024 2:30,9.41,13.74
1588,8/3/2024 2:45,9.2,13.68
1589,8/3/2024 3:00,9.25,13.7
1590,8/3/2024 3:15,8.39,13.74
1591,8/3/2024 3:30,8.74,13.76
1592,8/3/2024 3:45,9,13.74
1593,8/3/2024 4:00,9.67,13.76
1594,8/3/2024 4:15,9.73,13.76
1595,8/3/2024 4:30,9.66,13.76
1596,8/3/2024 4:45,9.26,13.72
1597,8/3/2024 5:00,9.11,13.68
1598,8/3/2024 5:15,9.25,13.74
1599,8/3/2024 5:30,9,13.68
1600,8/3/2024 5:45,9.06,13.64
1601,8/3/2024 6:00,9.19,13.66
1602,8/3/2024 6:15,9.28,13.68
1603,8/3/2024 6:30,9.47,13.7
1604,8/3/2024 6:45,9.91,13.76
1605,8/3/2024 7:00,9.96,13.8
1606,8/3/2024 7:15,9.68,13.76
1607,8/3/2024 7:30,9.09,13.66
1608,8/3/2024 7:45,9.28,13.66
1609,8/3/2024 8:00,9.17,13.72
1610,8/3/2024 8:15,9.5,13.64
1611,8/3/2024 8:30,9.63,13.64
1612,8/3/2024 8:45,9.77,13.74
1613,8/3/2024 9:00,10.11,13.96
1614,8/3/2024 9:15,10.19,14.12
1615,8/3/2024 9:30,10.1,14.18
1616,8/3/2024 9:45,9.95,14.18
1617,8/3/2024 10:00,9.96,14.18
1618,8/3/2024 10:15,10.2,14.2
1619,8/3/2024 10:30,10.03,14.22
1620,8/3/2024 10:45,10.05,14.24
1621,8/3/2024 11:00,10.41,14.28
1622,8/3/2024 11:15,10.18,14.28
1623,8/3/2024 11:30,10.46,14.38
1624,8/3/2024 11:45,10.46,14.38
1625,8/3/2024 12:00,10.5,14.4
1626,8/3/2024 12:15,10.24,14.44
1627,8/3/2024 12:30,10.71,14.66
1628,8/3/2024 12:45,10.72,14.8
1629,8/3/2024 13:00,10.57,14.68
1630,8/3/2024 13:15,10.75,14.68
1631,8/3/2024 13:30,10.71,14.66
1632,8/3/2024 13:45,10.5,14.64
1633,8/3/2024 14:00,10.71,14.68
1634,8/3/2024 14:15,10.65,14.68
1635,8/3/2024 14:30,10.38,14.5
1636,8/3/2024 14:45,10.18,14.42
1637,8/3/2024 15:00,10.05,13.98
1638,8/3/2024 15:15,9.52,13.82
1639,8/3/2024 15:30,9.05,13.5
1640,8/3/2024 15:45,8.88,13.3
1641,8/3/2024 16:00,8.88,13.04
1642,8/3/2024 16:15,8.88,12.96
1643,8/3/2024 16:30,8.84,13.04
1644,8/3/2024 16:45,8.81,12.94
1645,8/3/2024 17:00,8.82,12.92
1646,8/3/2024 17:15,8.69,12.88
1647,8/3/2024 17:30,8.77,12.9
1648,8/3/2024 17:45,8.65,12.9
1649,8/3/2024 18:00,8.67,12.88
1650,8/3/2024 18:15,8.57,12.84
1651,8/3/2024 18:30,8.56,12.82
1652,8/3/2024 18:45,8.6,12.82
1653,8/3/2024 19:00,8.68,12.88
1654,8/3/2024 19:15,8.97,13
1655,8/3/2024 19:30,9.19,13.14
1656,8/3/2024 19:45,9.04,13.06
1657,8/3/2024 20:00,8.81,13.02
1658,8/3/2024 20:15,8.75,13.02
1659,8/3/2024 20:30,8.77,13
1660,8/3/2024 20:45,8.81,13
1661,8/3/2024 21:00,9.76,13.28
1662,8/3/2024 21:15,10.15,13.68
1663,8/3/2024 21:30,9.83,13.56
1664,8/3/2024 21:45,9.89,13.5
1665,8/3/2024 22:00,9.38,13.4
1666,8/3/2024 22:15,9.54,13.38
1667,8/3/2024 22:30,9.46,13.48
1668,8/3/2024 22:45,9.64,13.5
1669,8/3/2024 23:00,9.55,13.46
1670,8/3/2024 23:15,9.63,13.42
1671,8/3/2024 23:30,9.82,13.38
1672,8/3/2024 23:45,9.76,13.48
1673,8/4/2024 0:00,10.44,13.64
1674,8/4/2024 0:15,9.49,13.44
1675,8/4/2024 0:30,9.56,13.36
1676,8/4/2024 0:45,9.62,13.46
1677,8/4/2024 1:00,9.63,13.54
1678,8/4/2024 1:15,9.62,13.58
1679,8/4/2024 1:30,9.64,13.64
1680,8/4/2024 1:45,9.5,13.68
1681,8/4/2024 2:00,9.06,13.68
1682,8/4/2024 2:15,8.95,13.7
1683,8/4/2024 2:30,8.88,13.68
1684,8/4/2024 2:45,9.11,13.72
1685,8/4/2024 3:00,9.24,13.66
1686,8/4/2024 3:15,9.24,13.64
1687,8/4/2024 3:30,8.71,13.66
1688,8/4/2024 3:45,9.06,13.66
1689,8/4/2024 4:00,9.07,13.66
1690,8/4/2024 4:15,9.14,13.64
1691,8/4/2024 4:30,8.76,13.58
1692,8/4/2024 4:45,9.06,13.56
1693,8/4/2024 5:00,9.02,13.58
1694,8/4/2024 5:15,8.77,13.56
1695,8/4/2024 5:30,8.83,13.58
1696,8/4/2024 5:45,9.1,13.58
1697,8/4/2024 6:00,8.89,13.52
1698,8/4/2024 6:15,8.86,13.48
1699,8/4/2024 6:30,8.65,13.4
1700,8/4/2024 6:45,8.82,13.36
1701,8/4/2024 7:00,8.71,13.44
1702,8/4/2024 7:15,9.41,13.48
1703,8/4/2024 7:30,9.73,13.64
1704,8/4/2024 7:45,9.74,13.72
1705,8/4/2024 8:00,9.43,13.7
1706,8/4/2024 8:15,9.11,13.62
1707,8/4/2024 8:30,8.82,13.6
1708,8/4/2024 8:45,8.93,13.68
1709,8/4/2024 9:00,9.46,13.6
1710,8/4/2024 9:15,9.82,13.74
1711,8/4/2024 9:30,9.98,13.84
1712,8/4/2024 9:45,10.04,13.94
1713,8/4/2024 10:00,10.05,13.98
1714,8/4/2024 10:15,10.22,14.08
1715,8/4/2024 10:30,10.25,14.18
1716,8/4/2024 10:45,10.02,14.14
1717,8/4/2024 11:00,10.09,14.16
1718,8/4/2024 11:15,10.62,14.4
1719,8/4/2024 11:30,10.3,14.36
1720,8/4/2024 11:45,10.33,14.38
1721,8/4/2024 12:00,10.3,14.38
1722,8/4/2024 12:15,10.2,14.38
1723,8/4/2024 12:30,10.48,14.4
1724,8/4/2024 12:45,11.14,14.6
1725,8/4/2024 13:00,10.73,14.58
1726,8/4/2024 13:15,10.52,14.52
1727,8/4/2024 13:30,10.43,14.54
1728,8/4/2024 13:45,10.44,14.6
1729,8/4/2024 14:00,10.75,14.62
1730,8/4/2024 14:15,10.55,14.64
1731,8/4/2024 14:30,10.47,14.72
1732,8/4/2024 14:45,10.71,14.86
1733,8/4/2024 15:00,10.73,14.68
1734,8/4/2024 15:15,10.47,14.6
1735,8/4/2024 15:30,9.95,14.32
1736,8/4/2024 15:45,10.02,14.26
1737,8/4/2024 16:00,9.54,13.88
1738,8/4/2024 16:15,9.31,13.6
1739,8/4/2024 16:30,9.06,13.36
1740,8/4/2024 16:45,9.1,13.18
1741,8/4/2024 17:00,9.17,13.16
1742,8/4/2024 17:15,8.89,13.12
1743,8/4/2024 17:30,9.21,13.14
1744,8/4/2024 17:45,8.81,13.16
1745,8/4/2024 18:00,8.55,13
1746,8/4/2024 18:15,8.6,12.92
1747,8/4/2024 18:30,8.64,12.88
1748,8/4/2024 18:45,8.65,12.88
1749,8/4/2024 19:00,8.53,12.88
1750,8/4/2024 19:15,8.76,12.96
1751,8/4/2024 19:30,9.06,13.22
1752,8/4/2024 19:45,9.33,13.36
1753,8/4/2024 20:00,9.27,13.3
1754,8/4/2024 20:15,9.03,13.22
1755,8/4/2024 20:30,9.07,13.18
1756,8/4/2024 20:45,8.76,13.14
1757,8/4/2024 21:00,8.64,13.08
1758,8/4/2024 21:15,8.53,13.12
1759,8/4/2024 21:30,8.53,13.12
1760,8/4/2024 21:45,8.77,13.16
1761,8/4/2024 22:00,9.56,13.54
1762,8/4/2024 22:15,10.1,13.78
1763,8/4/2024 22:30,10.52,13.84
1764,8/4/2024 22:45,10.08,13.76
1765,8/4/2024 23:00,9.92,13.64
1766,8/4/2024 23:15,9.54,13.58
1767,8/4/2024 23:30,9.38,13.64
1768,8/4/2024 23:45,9.36,13.56
1769,8/5/2024 0:00,9.88,13.52
1770,8/5/2024 0:15,9.57,13.56
1771,8/5/2024 0:30,9.49,13.52
1772,8/5/2024 0:45,9.47,13.38
1773,8/5/2024 1:00,9.52,13.4
1774,8/5/2024 1:15,9.55,13.52
1775,8/5/2024 1:30,9.71,13.62
1776,8/5/2024 1:45,9.74,13.72
1777,8/5/2024 2:00,9.61,13.78
1778,8/5/2024 2:15,9.32,13.82
1779,8/5/2024 2:30,8.83,13.8
1780,8/5/2024 2:45,8.67,13.8
1781,8/5/2024 3:00,8.43,13.8
1782,8/5/2024 3:15,9.03,13.8
1783,8/5/2024 3:30,8.75,13.8
1784,8/5/2024 3:45,8.72,13.74
1785,8/5/2024 4:00,8.07,13.78
1786,8/5/2024 4:15,7.45,13.78
1787,8/5/2024 4:30,8.02,13.74
1788,8/5/2024 4:45,8.77,13.68
1789,8/5/2024 5:00,8.76,13.66
1790,8/5/2024 5:15,8.46,13.66
1791,8/5/2024 5:30,8.4,13.64
1792,8/5/2024 5:45,8.54,13.64
1793,8/5/2024 6:00,9.13,13.72
1794,8/5/2024 6:15,8.72,13.68
1795,8/5/2024 6:30,9.53,13.78
1796,8/5/2024 6:45,9.05,13.72
1797,8/5/2024 7:00,8.86,13.66
1798,8/5/2024 7:15,8.64,13.54
1799,8/5/2024 7:30,8.78,13.4
1800,8/5/2024 7:45,8.71,13.5
1801,8/5/2024 8:00,8.74,13.7
1802,8/5/2024 8:15,9.66,13.78
1803,8/5/2024 8:30,9.62,13.88
1804,8/5/2024 8:45,9.56,13.9
1805,8/5/2024 9:00,9.42,13.86
1806,8/5/2024 9:15,9.12,13.8
1807,8/5/2024 9:30,9.15,13.8
1808,8/5/2024 9:45,9.32,13.76
1809,8/5/2024 10:00,9.39,13.52
1810,8/5/2024 10:15,9.61,13.64
1811,8/5/2024 10:30,9.85,13.8
1812,8/5/2024 10:45,10.1,13.96
1813,8/5/2024 11:00,10.09,14.1
1814,8/5/2024 11:15,10.11,14.12
1815,8/5/2024 11:30,9.89,14.16
1816,8/5/2024 11:45,10.09,14.24
1817,8/5/2024 12:00,10.08,14.22
1818,8/5/2024 12:15,10.02,14.26
1819,8/5/2024 12:30,9.76,14.28
1820,8/5/2024 12:45,10.27,14.3
1821,8/5/2024 13:00,10.52,14.5
1822,8/5/2024 13:15,10.2,14.42
1823,8/5/2024 13:30,10.11,14.46
1824,8/5/2024 13:45,10.08,14.48
1825,8/5/2024 14:00,9.88,14.54
1826,8/5/2024 14:15,10.08,14.58
1827,8/5/2024 14:30,10.24,14.66
1828,8/5/2024 14:45,10.33,14.6
1829,8/5/2024 15:00,10.45,14.54
1830,8/5/2024 15:15,10.25,14.62
1831,8/5/2024 15:30,10.32,14.8
1832,8/5/2024 15:45,10.55,14.72
1833,8/5/2024 16:00,9.95,14.4
1834,8/5/2024 16:15,9.64,14.26
1835,8/5/2024 16:30,9.26,13.84
1836,8/5/2024 16:45,9,13.64
1837,8/5/2024 17:00,8.95,13.4
1838,8/5/2024 17:15,8.98,13.14
1839,8/5/2024 17:30,8.79,13.06
1840,8/5/2024 17:45,8.71,12.96
1841,8/5/2024 18:00,8.74,12.94
1842,8/5/2024 18:15,8.81,13.02
1843,8/5/2024 18:30,8.81,13.02
1844,8/5/2024 18:45,8.37,13.04
1845,8/5/2024 19:00,8.56,12.98
1846,8/5/2024 19:15,8.46,12.9
1847,8/5/2024 19:30,8.47,12.88
1848,8/5/2024 19:45,9.1,13.3
1849,8/5/2024 20:00,8.98,13.36
1850,8/5/2024 20:15,8.89,13.32
1851,8/5/2024 20:30,9.31,13.46
1852,8/5/2024 20:45,9.4,13.66
1853,8/5/2024 21:00,8.82,13.38
1854,8/5/2024 21:15,8.28,13.06
1855,8/5/2024 21:30,8.41,13.06
1856,8/5/2024 21:45,8.05,13.08
1857,8/5/2024 22:00,7.79,13.02
1858,8/5/2024 22:15,7.98,13.08
1859,8/5/2024 22:30,9.22,13.52
1860,8/5/2024 22:45,9.06,13.36
1861,8/5/2024 23:00,9.42,13.44
1862,8/5/2024 23:15,9.12,13.4
1863,8/5/2024 23:30,8.85,13.28
1864,8/5/2024 23:45,9.35,13.32
1865,8/6/2024 0:00,9.96,13.46
1866,8/6/2024 0:15,9.32,13.34
1867,8/6/2024 0:30,8.98,13.18
1868,8/6/2024 0:45,8.98,13.12
1869,8/6/2024 1:00,9.22,13.26
1870,8/6/2024 1:15,9.5,13.48
1871,8/6/2024 1:30,9.41,13.6
1872,8/6/2024 1:45,9.5,13.7
1873,8/6/2024 2:00,9.49,13.7
1874,8/6/2024 2:15,9.56,13.76
1875,8/6/2024 2:30,9.56,13.82
1876,8/6/2024 2:45,9.54,13.86
1877,8/6/2024 3:00,9.42,13.86
1878,8/6/2024 3:15,8.49,13.86
1879,8/6/2024 3:30,8.06,13.88
1880,8/6/2024 3:45,8.32,13.88
1881,8/6/2024 4:00,7.7,13.88
1882,8/6/2024 4:15,8.7,13.88
1883,8/6/2024 4:30,9.07,13.86
1884,8/6/2024 4:45,8.21,13.84
1885,8/6/2024 5:00,8.32,13.86
1886,8/6/2024 5:15,8.82,13.78
1887,8/6/2024 5:30,8.91,13.76
1888,8/6/2024 5:45,9.05,13.8
1889,8/6/2024 6:00,9.26,13.84
1890,8/6/2024 6:15,9.2,13.84
1891,8/6/2024 6:30,9.21,13.84
1892,8/6/2024 6:45,8.6,13.86
1893,8/6/2024 7:00,8.5,13.84
1894,8/6/2024 7:15,8.69,13.72
1895,8/6/2024 7:30,8.55,13.68
1896,8/6/2024 7:45,8.44,13.6
1897,8/6/2024 8:00,8.79,13.5
1898,8/6/2024 8:15,8.58,13.36
1899,8/6/2024 8:30,8.91,13.76
1900,8/6/2024 8:45,8.95,13.84
1901,8/6/2024 9:00,9.64,13.92
1902,8/6/2024 9:15,9.67,13.98
1903,8/6/2024 9:30,9.53,13.98
1904,8/6/2024 9:45,9.38,13.92
1905,8/6/2024 10:00,9.22,13.9
1906,8/6/2024 10:15,9.22,13.86
1907,8/6/2024 10:30,9.47,13.72
1908,8/6/2024 10:45,9.59,13.68
1909,8/6/2024 11:00,9.62,13.72
1910,8/6/2024 11:15,9.75,13.8
1911,8/6/2024 11:30,9.9,13.86
1912,8/6/2024 11:45,9.74,13.98
1913,8/6/2024 12:00,9.57,14.02
1914,8/6/2024 12:15,8.86,14.04
1915,8/6/2024 12:30,9.85,14.08
1916,8/6/2024 12:45,9.91,14.08
1917,8/6/2024 13:00,9.83,14.12
1918,8/6/2024 13:15,9.88,14.14
1919,8/6/2024 13:30,9.81,14.12
1920,8/6/2024 13:45,9.54,14.14
1921,8/6/2024 14:00,9.34,14.16
1922,8/6/2024 14:15,9.53,14.18
1923,8/6/2024 14:30,9.66,14.2
1924,8/6/2024 14:45,8.78,14.2
1925,8/6/2024 15:00,9.48,14.2
1926,8/6/2024 15:15,9.29,14.2
1927,8/6/2024 15:30,9.54,14.24
1928,8/6/2024 15:45,9.88,14.24
1929,8/6/2024 16:00,9.39,14.22
1930,8/6/2024 16:15,9.13,14.28
1931,8/6/2024 16:30,8.62,14.18
1932,8/6/2024 16:45,8.57,14.22
1933,8/6/2024 17:00,9.07,13.94
1934,8/6/2024 17:15,8.86,13.72
1935,8/6/2024 17:30,8.3,13.48
1936,8/6/2024 17:45,8.62,13.28
1937,8/6/2024 18:00,8.12,13.02
1938,8/6/2024 18:15,8.36,12.88
1939,8/6/2024 18:30,8.55,12.88
1940,8/6/2024 18:45,8.63,12.92
1941,8/6/2024 19:00,8.65,12.96
1942,8/6/2024 19:15,8.64,12.92
1943,8/6/2024 19:30,8.57,13
1944,8/6/2024 19:45,8.5,12.9
1945,8/6/2024 20:00,8.51,12.86
1946,8/6/2024 20:15,8.3,12.86
1947,8/6/2024 20:30,8.26,12.84
1948,8/6/2024 20:45,8.19,12.8
1949,8/6/2024 21:00,8.26,12.86
1950,8/6/2024 21:15,8.26,12.88
1951,8/6/2024 21:30,8.46,12.96
1952,8/6/2024 21:45,7.92,13
1953,8/6/2024 22:00,7.77,13.04
1954,8/6/2024 22:15,8.06,13.22
1955,8/6/2024 22:30,8.04,13.26
1956,8/6/2024 22:45,8.93,13.5
1957,8/6/2024 23:00,9.48,13.56
1958,8/6/2024 23:15,9.15,13.34
1959,8/6/2024 23:30,9.1,13.26
1960,8/6/2024 23:45,8.74,13.24
1961,8/7/2024 0:00,8.67,13.3
1962,8/7/2024 0:15,8.63,13.2
1963,8/7/2024 0:30,8.58,13.1
1964,8/7/2024 0:45,9.11,13.18
1965,8/7/2024 1:00,8.82,13.16
1966,8/7/2024 1:15,8.9,13.16
1967,8/7/2024 1:30,8.96,13.3
1968,8/7/2024 1:45,8.98,13.4
1969,8/7/2024 2:00,8.89,13.42
1970,8/7/2024 2:15,8.65,13.5
1971,8/7/2024 2:30,8.01,13.58
1972,8/7/2024 2:45,8.29,13.58
1973,8/7/2024 3:00,8.48,13.58
1974,8/7/2024 3:15,8.16,13.58
1975,8/7/2024 3:30,8.56,13.64
1976,8/7/2024 3:45,8.68,13.7
1977,8/7/2024 4:00,8.71,13.68
1978,8/7/2024 4:15,8.11,13.68
1979,8/7/2024 4:30,7.83,13.68
1980,8/7/2024 4:45,7.88,13.66
1981,8/7/2024 5:00,8.72,13.64
1982,8/7/2024 5:15,8.35,13.62
1983,8/7/2024 5:30,7.55,13.62
1984,8/7/2024 5:45,8.62,13.62
1985,8/7/2024 6:00,8.47,13.62
1986,8/7/2024 6:15,7.97,13.62
1987,8/7/2024 6:30,8.21,13.58
1988,8/7/2024 6:45,8.28,13.56
1989,8/7/2024 7:00,8.14,13.54
1990,8/7/2024 7:15,8.13,13.52
1991,8/7/2024 7:30,8.28,13.5
1992,8/7/2024 7:45,8.27,13.48
1993,8/7/2024 8:00,8.41,13.5
1994,8/7/2024 8:15,8.28,13.48
1995,8/7/2024 8:30,7.92,13.38
1996,8/7/2024 8:45,8.29,13.36
1997,8/7/2024 9:00,8.21,13.34
1998,8/7/2024 9:15,8.34,13.3
1999,8/7/2024 9:30,8.33,13.34
2000,8/7/2024 9:45,8.81,13.32
2001,8/7/2024 10:00,9.14,13.54
2002,8/7/2024 10:15,9.07,13.62
2003,8/7/2024 10:30,9.11,13.64
2004,8/7/2024 10:45,8.92,13.62
2005,8/7/2024 11:00,9.21,13.64
2006,8/7/2024 11:15,9.46,13.76
2007,8/7/2024 11:30,9.61,13.84
2008,8/7/2024 11:45,9.88,13.86
2009,8/7/2024 12:00,9.54,13.82
2010,8/7/2024 12:15,9.49,13.94
2011,8/7/2024 12:30,9.91,14
2012,8/7/2024 12:45,9.75,13.98
2013,8/7/2024 13:00,9.52,14.04
2014,8/7/2024 13:15,9.18,14.04
2015,8/7/2024 13:30,9.29,14.08
2016,8/7/2024 13:45,9.52,14.1
2017,8/7/2024 14:00,9.46,14.12
2018,8/7/2024 14:15,9.49,14.18
2019,8/7/2024 14:30,9.31,14.36
2020,8/7/2024 14:45,9.29,14.32
2021,8/7/2024 15:00,9.99,14.36
2022,8/7/2024 15:15,10.32,14.5
2023,8/7/2024 15:30,10.91,14.88
2024,8/7/2024 15:45,9.73,14.52
2025,8/7/2024 16:00,9.82,14.34
2026,8/7/2024 16:15,9.68,14.22
2027,8/7/2024 16:30,9.63,14.24
2028,8/7/2024 16:45,9.47,14.26
2029,8/7/2024 17:00,9.67,14.08
2030,8/7/2024 17:15,9.34,14
2031,8/7/2024 17:30,9.57,14.08
2032,8/7/2024 17:45,8.91,13.76
2033,8/7/2024 18:00,8.76,13.62
2034,8/7/2024 18:15,8.55,13.3
2035,8/7/2024 18:30,8.48,13.1
2036,8/7/2024 18:45,8.09,12.94
2037,8/7/2024 19:00,8.16,12.86
2038,8/7/2024 19:15,8.34,12.82
2039,8/7/2024 19:30,8.3,12.82
2040,8/7/2024 19:45,8.22,12.82
2041,8/7/2024 20:00,8.27,12.82
2042,8/7/2024 20:15,8.33,12.82
2043,8/7/2024 20:30,8.25,12.82
2044,8/7/2024 20:45,8.33,12.82
2045,8/7/2024 21:00,8.29,12.82
2046,8/7/2024 21:15,8.34,12.88
2047,8/7/2024 21:30,8.33,12.98
2048,8/7/2024 21:45,7.9,12.98
2049,8/7/2024 22:00,7.77,12.96
2050,8/7/2024 22:15,7.66,12.94
2051,8/7/2024 22:30,7.24,13.02
2052,8/7/2024 22:45,9.96,13.66
2053,8/7/2024 23:00,9.64,13.84
2054,8/7/2024 23:15,9.31,13.54
2055,8/7/2024 23:30,9.29,13.44
2056,8/7/2024 23:45,9.05,13.44
2057,8/8/2024 0:00,8.78,13.46
2058,8/8/2024 0:15,8.91,13.38
2059,8/8/2024 0:30,8.82,13.28
2060,8/8/2024 0:45,8.76,13.34
2061,8/8/2024 1:00,8.77,13.14
2062,8/8/2024 1:15,8.82,13.14
2063,8/8/2024 1:30,9,13.26
2064,8/8/2024 1:45,9.22,13.4
2065,8/8/2024 2:00,9.2,13.56
2066,8/8/2024 2:15,9.31,13.66
2067,8/8/2024 2:30,9.32,13.74
2068,8/8/2024 2:45,9.48,13.8
2069,8/8/2024 3:00,9.03,13.82
2070,8/8/2024 3:15,8.32,13.84
2071,8/8/2024 3:30,6.89,13.84
2072,8/8/2024 3:45,8.7,13.84
2073,8/8/2024 4:00,8.37,13.84
2074,8/8/2024 4:15,8.71,13.94
2075,8/8/2024 4:30,8.7,13.94
2076,8/8/2024 4:45,8.16,13.92
2077,8/8/2024 5:00,8.65,13.92
2078,8/8/2024 5:15,8.21,13.9
2079,8/8/2024 5:30,7.69,13.9
2080,8/8/2024 5:45,8.11,13.88
2081,8/8/2024 6:00,8.27,13.82
2082,8/8/2024 6:15,7.84,13.8
2083,8/8/2024 6:30,8.05,13.8
2084,8/8/2024 6:45,7.99,13.78
2085,8/8/2024 7:00,9.06,13.8
2086,8/8/2024 7:15,8.47,13.8
2087,8/8/2024 7:30,8.44,13.8
2088,8/8/2024 7:45,8.54,13.78
2089,8/8/2024 8:00,8.75,13.82
2090,8/8/2024 8:15,9.06,13.8
2091,8/8/2024 8:30,9.11,13.82
2092,8/8/2024 8:45,8.99,13.84
2093,8/8/2024 9:00,8.61,13.76
2094,8/8/2024 9:15,8.49,13.58
2095,8/8/2024 9:30,8.55,13.52
2096,8/8/2024 9:45,8.35,13.46
2097,8/8/2024 10:00,8.32,13.5
2098,8/8/2024 10:15,8.3,13.64
2099,8/8/2024 10:30,9.35,13.88
2100,8/8/2024 10:45,9.78,13.96
2101,8/8/2024 11:00,9.66,14.06
2102,8/8/2024 11:15,9.41,14.12
2103,8/8/2024 11:30,9.4,14.06
2104,8/8/2024 11:45,10.1,14.26
2105,8/8/2024 12:00,10.37,14.32
2106,8/8/2024 12:15,9.71,14.08
2107,8/8/2024 12:30,10.12,13.84
2108,8/8/2024 12:45,9.85,13.9
2109,8/8/2024 13:00,10.18,14.08
2110,8/8/2024 13:15,10.25,14.14
2111,8/8/2024 13:30,10.08,14.3
2112,8/8/2024 13:45,10.05,14.4
2113,8/8/2024 14:00,10.18,14.36
2114,8/8/2024 14:15,9.88,14.36
2115,8/8/2024 14:30,10.01,14.46
2116,8/8/2024 14:45,9.56,14.48
2117,8/8/2024 15:00,9.91,14.44
2118,8/8/2024 15:15,9.92,14.48
2119,8/8/2024 15:30,10.04,14.5
2120,8/8/2024 15:45,9.94,14.5
2121,8/8/2024 16:00,9.62,14.5
2122,8/8/2024 16:15,10.05,14.54
2123,8/8/2024 16:30,9.73,14.56
2124,8/8/2024 16:45,9.82,14.48
2125,8/8/2024 17:00,9.84,14.54
2126,8/8/2024 17:15,9.03,14.68
2127,8/8/2024 17:30,9.69,14.74
2128,8/8/2024 17:45,9.5,14.48
2129,8/8/2024 18:00,9.27,14.4
2130,8/8/2024 18:15,9.5,14.1
2131,8/8/2024 18:30,8.79,13.66
2132,8/8/2024 18:45,8.39,13.36
2133,8/8/2024 19:00,8.34,13.18
2134,8/8/2024 19:15,7.98,13.22
2135,8/8/2024 19:30,8.11,13.22
2136,8/8/2024 19:45,7.8,13.08
2137,8/8/2024 20:00,7.49,12.92
2138,8/8/2024 20:15,8.12,12.86
2139,8/8/2024 20:30,7.87,12.8
2140,8/8/2024 20:45,7.97,12.78
2141,8/8/2024 21:00,7.34,12.78
2142,8/8/2024 21:15,8.29,12.8
2143,8/8/2024 21:30,8.96,12.88
2144,8/8/2024 21:45,8.57,13.08
2145,8/8/2024 22:00,8.42,13.22
2146,8/8/2024 22:15,8.16,13.2
2147,8/8/2024 22:30,8.22,13.16
2148,8/8/2024 22:45,7.86,13.14
2149,8/8/2024 23:00,8.11,13.16
2150,8/8/2024 23:15,8.26,13.18
2151,8/8/2024 23:30,9.29,13.62
2152,8/8/2024 23:45,9.54,13.58
2153,8/9/2024 0:00,9.04,13.48
2154,8/9/2024 0:15,8.65,13.36
2155,8/9/2024 0:30,8.57,13.34
2156,8/9/2024 0:45,8.44,13.52
2157,8/9/2024 1:00,8.84,13.4
2158,8/9/2024 1:15,8.98,13.36
2159,8/9/2024 1:30,8.83,13.44
2160,8/9/2024 1:45,8.19,13.46
2161,8/9/2024 2:00,8.41,13.76
2162,8/9/2024 2:15,9.1,13.94
2163,8/9/2024 2:30,9.05,14.02
2164,8/9/2024 2:45,8.5,14.02
2165,8/9/2024 3:00,9.38,14.1
2166,8/9/2024 3:15,9.48,14.12
2167,8/9/2024 3:30,9.09,14.12
2168,8/9/2024 3:45,8.58,14.14
2169,8/9/2024 4:00,9.82,14.14
2170,8/9/2024 4:15,8.55,14.14
2171,8/9/2024 4:30,8.7,14.16
2172,8/9/2024 4:45,8.41,14.16
2173,8/9/2024 5:00,8.47,14.16
2174,8/9/2024 5:15,8.18,14.16
2175,8/9/2024 5:30,8.04,14.16
2176,8/9/2024 5:45,9.29,14.16
2177,8/9/2024 6:00,8.89,14.16
2178,8/9/2024 6:15,9.21,14.14
2179,8/9/2024 6:30,9.47,14.16
2180,8/9/2024 6:45,9.25,14.14
2181,8/9/2024 7:00,8.91,14.14
2182,8/9/2024 7:15,8.81,14.14
2183,8/9/2024 7:30,8.23,14.14
2184,8/9/2024 7:45,9.36,14.14
2185,8/9/2024 8:00,9.33,14.16
2186,8/9/2024 8:15,9.66,14.14
2187,8/9/2024 8:30,9.26,14.14
2188,8/9/2024 8:45,8.96,14.12
2189,8/9/2024 9:00,8.91,14.1
2190,8/9/2024 9:15,9,14.06
2191,8/9/2024 9:30,9.4,13.98
2192,8/9/2024 9:45,9.74,14.24
2193,8/9/2024 10:00,9.52,14.08
2194,8/9/2024 10:15,9.19,13.9
2195,8/9/2024 10:30,8.98,13.8
2196,8/9/2024 10:45,8.74,13.74
2197,8/9/2024 11:00,8.77,13.86
2198,8/9/2024 11:15,9.6,14.22
2199,8/9/2024 11:30,9.56,14.32
2200,8/9/2024 11:45,10.11,14.24
2201,8/9/2024 12:00,10.47,14.48
2202,8/9/2024 12:15,10.52,14.62
2203,8/9/2024 12:30,10.8,14.56
2204,8/9/2024 12:45,10.97,14.72
2205,8/9/2024 13:00,11.05,14.82
2206,8/9/2024 13:15,11.15,15.02
2207,8/9/2024 13:30,11.15,15.42
2208,8/9/2024 13:45,10.51,14.98
2209,8/9/2024 14:00,10.31,14.24
2210,8/9/2024 14:15,10.15,14.26
2211,8/9/2024 14:30,10.25,14.28
2212,8/9/2024 14:45,10.04,14.32
2213,8/9/2024 15:00,10.1,14.38
2214,8/9/2024 15:15,9.99,14.4
2215,8/9/2024 15:30,10.29,14.42
2216,8/9/2024 15:45,10.18,14.46
2217,8/9/2024 16:00,10.17,14.5
2218,8/9/2024 16:15,10.08,14.5
2219,8/9/2024 16:30,10.05,14.62
2220,8/9/2024 16:45,10.06,14.6
2221,8/9/2024 17:00,9.83,14.58
2222,8/9/2024 17:15,9.19,14.7
2223,8/9/2024 17:30,9.31,14.8
2224,8/9/2024 17:45,9.22,14.9
2225,8/9/2024 18:00,9.84,14.74
2226,8/9/2024 18:15,9.68,14.56
2227,8/9/2024 18:30,9.78,14.52
2228,8/9/2024 18:45,9.25,14.48
2229,8/9/2024 19:00,9.34,14.42
2230,8/9/2024 19:15,8.91,14.12
2231,8/9/2024 19:30,9.04,13.98
2232,8/9/2024 19:45,9.03,13.68
2233,8/9/2024 20:00,9.89,13.98
2234,8/9/2024 20:15,9.57,14.02
2235,8/9/2024 20:30,9.75,13.96
2236,8/9/2024 20:45,9.61,13.92
2237,8/9/2024 21:00,9.18,13.84
2238,8/9/2024 21:15,9.59,13.82
2239,8/9/2024 21:30,9.74,13.78
2240,8/9/2024 21:45,9.41,13.66
2241,8/9/2024 22:00,8.9,13.54
2242,8/9/2024 22:15,9.42,13.56
2243,8/9/2024 22:30,8.3,13.66
2244,8/9/2024 22:45,8.72,13.64
2245,8/9/2024 23:00,8.42,13.62
2246,8/9/2024 23:15,8.92,13.6
2247,8/9/2024 23:30,8.71,13.62
2248,8/9/2024 23:45,8.49,13.62
2249,8/10/2024 0:00,9.92,13.82
2250,8/10/2024 0:15,9.98,13.82
2251,8/10/2024 0:30,9.81,13.8
2252,8/10/2024 0:45,9.35,13.82
2253,8/10/2024 1:00,9.33,13.8
2254,8/10/2024 1:15,9.24,13.96
2255,8/10/2024 1:30,9.99,13.98
2256,8/10/2024 1:45,9.88,13.96
2257,8/10/2024 2:00,9.31,13.56
2258,8/10/2024 2:15,9.42,13.6
2259,8/10/2024 2:30,9.8,13.86
2260,8/10/2024 2:45,9.69,13.98
2261,8/10/2024 3:00,9.82,14.08
2262,8/10/2024 3:15,8.93,14.08
2263,8/10/2024 3:30,9.8,14.12
2264,8/10/2024 3:45,9.55,14.12
2265,8/10/2024 4:00,9.54,14.12
2266,8/10/2024 4:15,9.52,14.14
2267,8/10/2024 4:30,9.62,14.16
2268,8/10/2024 4:45,9.35,14.12
2269,8/10/2024 5:00,9.52,14.24
2270,8/10/2024 5:15,9.18,14.28
2271,8/10/2024 5:30,7.49,14.26
2272,8/10/2024 5:45,7.99,14.26
2273,8/10/2024 6:00,8.16,14.26
2274,8/10/2024 6:15,9.35,14.26
2275,8/10/2024 6:30,9.36,14.24
2276,8/10/2024 6:45,9,14.26
2277,8/10/2024 7:00,8.23,14.28
2278,8/10/2024 7:15,7.37,14.3
2279,8/10/2024 7:30,8.47,14.3
2280,8/10/2024 7:45,7.77,14.3
2281,8/10/2024 8:00,7.92,14.3
2282,8/10/2024 8:15,8.85,14.3
2283,8/10/2024 8:30,9.18,14.3
2284,8/10/2024 8:45,9.19,14.28
2285,8/10/2024 9:00,9.15,14.3
2286,8/10/2024 9:15,9.21,14.26
2287,8/10/2024 9:30,8.82,13.94
2288,8/10/2024 9:45,8.46,13.68
2289,8/10/2024 10:00,8.54,13.64
2290,8/10/2024 10:15,9.26,13.68
2291,8/10/2024 10:30,9.06,13.72
2292,8/10/2024 10:45,8.5,13.7
2293,8/10/2024 11:00,8.21,13.64
2294,8/10/2024 11:15,8.67,13.72
2295,8/10/2024 11:30,8.28,13.8
2296,8/10/2024 11:45,8.71,13.9
2297,8/10/2024 12:00,9.04,14.2
2298,8/10/2024 12:15,9.04,14.32
2299,8/10/2024 12:30,9.26,14.52
2300,8/10/2024 12:45,9.17,14.72
2301,8/10/2024 13:00,9.57,14.72
2302,8/10/2024 13:15,9.67,14.66
2303,8/10/2024 13:30,9.64,14.56
2304,8/10/2024 13:45,9.77,14.44
2305,8/10/2024 14:00,10.79,14.44
2306,8/10/2024 14:15,10.91,14.44
2307,8/10/2024 14:30,9.99,14.32
2308,8/10/2024 14:45,10.05,14.28
2309,8/10/2024 15:00,10.29,14.38
2310,8/10/2024 15:15,10.24,14.54
2311,8/10/2024 15:30,10.52,14.52
2312,8/10/2024 15:45,10.3,14.56
2313,8/10/2024 16:00,10.26,14.6
2314,8/10/2024 16:15,10.26,14.62
2315,8/10/2024 16:30,9.87,14.68
2316,8/10/2024 16:45,9.63,14.7
2317,8/10/2024 17:00,9.36,14.8
2318,8/10/2024 17:15,9.43,14.76
2319,8/10/2024 17:30,9.81,14.72
2320,8/10/2024 17:45,9.17,14.56
2321,8/10/2024 18:00,9.35,14.44
2322,8/10/2024 18:15,9,14.38
2323,8/10/2024 18:30,8.97,14.44
2324,8/10/2024 18:45,9.34,14.66
2325,8/10/2024 19:00,9.32,14.38
2326,8/10/2024 19:15,9.49,14.12
2327,8/10/2024 19:30,9.41,14.26
2328,8/10/2024 19:45,8.47,13.96
2329,8/10/2024 20:00,9.02,13.9
2330,8/10/2024 20:15,8.53,14.02
2331,8/10/2024 20:30,8.18,13.94
2332,8/10/2024 20:45,8.74,14.06
2333,8/10/2024 21:00,8.89,14.14
2334,8/10/2024 21:15,8.65,14.04
2335,8/10/2024 21:30,9.56,13.9
2336,8/10/2024 21:45,9.67,13.94
2337,8/10/2024 22:00,8.68,13.84
2338,8/10/2024 22:15,7.99,13.6
2339,8/10/2024 22:30,8.18,13.42
2340,8/10/2024 22:45,7.66,13.3
2341,8/10/2024 23:00,8.76,13.34
2342,8/10/2024 23:15,7.73,13.36
2343,8/10/2024 23:30,8.49,13.72
2344,8/10/2024 23:45,7.88,13.68
2345,8/11/2024 0:00,9.38,14.2
2346,8/11/2024 0:15,9.6,14.56
2347,8/11/2024 0:30,9.18,14.14
2348,8/11/2024 0:45,9.85,13.96
2349,8/11/2024 1:00,9.34,13.94
2350,8/11/2024 1:15,9.56,14
2351,8/11/2024 1:30,9.42,13.86
2352,8/11/2024 1:45,9.21,13.9
2353,8/11/2024 2:00,9.21,13.68
2354,8/11/2024 2:15,9.4,13.66
2355,8/11/2024 2:30,9.22,13.52
2356,8/11/2024 2:45,9.35,13.66
2357,8/11/2024 3:00,9.38,13.78
2358,8/11/2024 3:15,9.61,13.94
2359,8/11/2024 3:30,8.85,14.08
2360,8/11/2024 3:45,9.34,14.12
2361,8/11/2024 4:00,9.61,14.18
2362,8/11/2024 4:15,9.43,14.18
2363,8/11/2024 4:30,9.55,14.22
2364,8/11/2024 4:45,9.05,14.26
2365,8/11/2024 5:00,8.93,14.26
2366,8/11/2024 5:15,9.12,14.26
2367,8/11/2024 5:30,9.34,14.34
2368,8/11/2024 5:45,8.09,14.34
2369,8/11/2024 6:00,7.66,14.34
2370,8/11/2024 6:15,8.13,14.32
2371,8/11/2024 6:30,8.49,14.34
2372,8/11/2024 6:45,9.28,14.34
2373,8/11/2024 7:00,9.24,14.36
2374,8/11/2024 7:15,9.12,14.34
2375,8/11/2024 7:30,8.41,14.34
2376,8/11/2024 7:45,7.9,14.34
2377,8/11/2024 8:00,7.76,14.34
2378,8/11/2024 8:15,7.88,14.32
2379,8/11/2024 8:30,7.86,14.32
2380,8/11/2024 8:45,8.57,14.32
2381,8/11/2024 9:00,8.18,14.34
2382,8/11/2024 9:15,9.07,14.32
2383,8/11/2024 9:30,9.03,14.26
2384,8/11/2024 9:45,8.82,14.22
2385,8/11/2024 10:00,9.06,14.24
2386,8/11/2024 10:15,8.47,13.86
2387,8/11/2024 10:30,7.98,13.64
2388,8/11/2024 10:45,8.19,13.56
2389,8/11/2024 11:00,7.85,13.32
2390,8/11/2024 11:15,8.02,13.22
2391,8/11/2024 11:30,8.3,13.24
2392,8/11/2024 11:45,8.5,13.28
2393,8/11/2024 12:00,8.75,13.74
2394,8/11/2024 12:15,8.74,13.68
2395,8/11/2024 12:30,8.71,13.64
2396,8/11/2024 12:45,9.06,14.02
2397,8/11/2024 13:00,8.92,14.26
2398,8/11/2024 13:15,8.85,14.44
2399,8/11/2024 13:30,8.58,14.22
2400,8/11/2024 13:45,9.28,14.36
2401,8/11/2024 14:00,9.2,14.04
2402,8/11/2024 14:15,9.36,14.56
2403,8/11/2024 14:30,10.01,14.54
2404,8/11/2024 14:45,10.02,14.8
2405,8/11/2024 15:00,10.08,14.84
2406,8/11/2024 15:15,9.76,14.82
2407,8/11/2024 15:30,9.68,14.78
2408,8/11/2024 15:45,9.85,14.62
2409,8/11/2024 16:00,9.96,14.36
2410,8/11/2024 16:15,9.63,14.04
2411,8/11/2024 16:30,9.52,13.92
2412,8/11/2024 16:45,9.52,13.9
2413,8/11/2024 17:00,9.33,14.04
2414,8/11/2024 17:15,9.84,13.98
2415,8/11/2024 17:30,9.68,14.04
2416,8/11/2024 17:45,9.1,14.22
2417,8/11/2024 18:00,9.35,14.46
2418,8/11/2024 18:15,9.56,14.5
2419,8/11/2024 18:30,9.2,14.36
2420,8/11/2024 18:45,9.29,14.14
2421,8/11/2024 19:00,9.46,14.06
2422,8/11/2024 19:15,9.49,14.02
2423,8/11/2024 19:30,9.12,13.98
2424,8/11/2024 19:45,8.35,13.9
2425,8/11/2024 20:00,7.78,13.76
2426,8/11/2024 20:15,8.01,13.46
2427,8/11/2024 20:30,8.33,13.28
2428,8/11/2024 20:45,8.68,13.24
2429,8/11/2024 21:00,8.14,13.24
2430,8/11/2024 21:15,8.78,13.28
2431,8/11/2024 21:30,8.97,13.34
2432,8/11/2024 21:45,8.23,13.34
2433,8/11/2024 22:00,8.04,13.32
2434,8/11/2024 22:15,8.32,13.3
2435,8/11/2024 22:30,8.28,13.3
2436,8/11/2024 22:45,8.19,13.28
2437,8/11/2024 23:00,7.17,13.2
2438,8/11/2024 23:15,8.55,13.18
2439,8/11/2024 23:30,8.28,13.22
2440,8/11/2024 23:45,7.86,13.22
2441,8/12/2024 0:00,7.91,13.2
2442,8/12/2024 0:15,7.93,13.2
2443,8/12/2024 0:30,7.73,13.24
2444,8/12/2024 0:45,8.67,13.32
2445,8/12/2024 1:00,9.26,13.56
2446,8/12/2024 1:15,9.56,13.64
2447,8/12/2024 1:30,8.76,13.38
2448,8/12/2024 1:45,9.19,13.56
2449,8/12/2024 2:00,9.34,13.64
2450,8/12/2024 2:15,8.65,13.44
2451,8/12/2024 2:30,8.83,13.28
2452,8/12/2024 2:45,9.19,13.34
2453,8/12/2024 3:00,9.29,13.48
2454,8/12/2024 3:15,9.18,13.56
2455,8/12/2024 3:30,9.29,13.68
2456,8/12/2024 3:45,9.34,13.78
2457,8/12/2024 4:00,9.42,13.82
2458,8/12/2024 4:15,9.53,13.98
2459,8/12/2024 4:30,8.48,14.08
2460,8/12/2024 4:45,9.12,14.12
2461,8/12/2024 5:00,8.81,14.12
2462,8/12/2024 5:15,9.19,14.14
2463,8/12/2024 5:30,9.14,14.12
2464,8/12/2024 5:45,8.76,14.12
2465,8/12/2024 6:00,8.62,14.1
2466,8/12/2024 6:15,7.98,14.1
2467,8/12/2024 6:30,8.69,14.1
2468,8/12/2024 6:45,8.47,14.1
2469,8/12/2024 7:00,8.06,14.12
2470,8/12/2024 7:15,8.62,14.14
2471,8/12/2024 7:30,8.22,14.14
2472,8/12/2024 7:45,9.34,14.22
2473,8/12/2024 8:00,9.46,14.24
2474,8/12/2024 8:15,8.9,14.18
2475,8/12/2024 8:30,8.39,14.18
2476,8/12/2024 8:45,8.14,14.26
2477,8/12/2024 9:00,8.69,14.3
2478,8/12/2024 9:15,9.41,14.38
2479,8/12/2024 9:30,9.6,14.42
2480,8/12/2024 9:45,9.02,14.42
2481,8/12/2024 10:00,9.71,14.5
2482,8/12/2024 10:15,9.26,14.4
2483,8/12/2024 10:30,9.35,14.4
2484,8/12/2024 10:45,9.35,14.24
2485,8/12/2024 11:00,8.41,13.78
2486,8/12/2024 11:15,8.26,13.42
2487,8/12/2024 11:30,8.2,13.4
2488,8/12/2024 11:45,7.85,13.46
2489,8/12/2024 12:00,8.01,13.18
2490,8/12/2024 12:15,11.01,13.34
,,,
