#,"Date Time, GMT-07:00",DO_mgL,Temp_C
2,6/18/2024 12:15,11.37,13.44
3,6/18/2024 12:30,11.65,13.18
4,6/18/2024 12:45,11.67,13.22
5,6/18/2024 13:00,11.75,13.24
6,6/18/2024 13:15,11.79,13.04
7,6/18/2024 13:30,11.92,13.08
8,6/18/2024 13:45,11.32,12.74
9,6/18/2024 14:00,11.01,12.46
10,6/18/2024 14:15,10.72,12.24
11,6/18/2024 14:30,10.13,11.9
12,6/18/2024 14:45,9.92,11.8
13,6/18/2024 15:00,9.98,11.7
14,6/18/2024 15:15,9.69,11.62
15,6/18/2024 15:30,9.49,11.38
16,6/18/2024 15:45,9.42,11.34
17,6/18/2024 16:00,9.35,11.28
18,6/18/2024 16:15,9.39,11.32
19,6/18/2024 16:30,9.59,11.54
20,6/18/2024 16:45,9.82,11.7
21,6/18/2024 17:00,10.41,11.72
22,6/18/2024 17:15,10.81,12.36
23,6/18/2024 17:30,10.9,12.2
24,6/18/2024 17:45,10.67,12.12
25,6/18/2024 18:00,10.79,12.06
26,6/18/2024 18:15,11.14,12.16
27,6/18/2024 18:30,10.91,12.18
28,6/18/2024 18:45,10.94,12.12
29,6/18/2024 19:00,10.93,12.18
30,6/18/2024 19:15,10.87,12.18
31,6/18/2024 19:30,10.91,12.24
32,6/18/2024 19:45,10.93,12.28
33,6/18/2024 20:00,10.96,12.24
34,6/18/2024 20:15,10.95,12.26
35,6/18/2024 20:30,10.77,12.14
36,6/18/2024 20:45,11.04,12.28
37,6/18/2024 21:00,11.59,12.58
38,6/18/2024 21:15,11.67,12.62
39,6/18/2024 21:30,11.73,12.6
40,6/18/2024 21:45,11.56,12.54
41,6/18/2024 22:00,11.46,12.42
42,6/18/2024 22:15,11.39,12.5
43,6/18/2024 22:30,11.29,12.5
44,6/18/2024 22:45,11.37,12.44
45,6/18/2024 23:00,11.79,12.6
46,6/18/2024 23:15,11.89,12.7
47,6/18/2024 23:30,11.68,12.64
48,6/18/2024 23:45,11.89,12.7
49,6/19/2024 0:00,11.99,12.68
50,6/19/2024 0:15,11.86,12.68
51,6/19/2024 0:30,11.8,12.66
52,6/19/2024 0:45,11.88,12.54
53,6/19/2024 1:00,11.49,12.58
54,6/19/2024 1:15,11.98,12.54
55,6/19/2024 1:30,11.75,12.48
56,6/19/2024 1:45,11.84,12.54
57,6/19/2024 2:00,13.77,12.78
58,6/19/2024 2:15,13.6,12.96
59,6/19/2024 2:30,13.64,12.98
60,6/19/2024 2:45,13.48,12.96
61,6/19/2024 3:00,13.46,12.94
62,6/19/2024 3:15,13.5,12.94
63,6/19/2024 3:30,13.46,12.94
64,6/19/2024 3:45,13.46,12.94
65,6/19/2024 4:00,13.22,12.9
66,6/19/2024 4:15,12.99,12.9
67,6/19/2024 4:30,13.13,12.9
68,6/19/2024 4:45,13.14,12.9
69,6/19/2024 5:00,13.18,12.88
70,6/19/2024 5:15,13.08,12.88
71,6/19/2024 5:30,13.15,12.86
72,6/19/2024 5:45,13.16,12.82
73,6/19/2024 6:00,13.19,12.82
74,6/19/2024 6:15,13.14,12.82
75,6/19/2024 6:30,13.02,12.8
76,6/19/2024 6:45,13.11,12.78
77,6/19/2024 7:00,13.4,12.68
78,6/19/2024 7:15,11.96,12.56
79,6/19/2024 7:30,11.88,12.48
80,6/19/2024 7:45,12.08,12.58
81,6/19/2024 8:00,11.49,12.62
82,6/19/2024 8:15,11.24,12.64
83,6/19/2024 8:30,11.28,12.64
84,6/19/2024 8:45,11.38,12.64
85,6/19/2024 9:00,11.23,12.64
86,6/19/2024 9:15,11.15,12.6
87,6/19/2024 9:30,11.09,12.62
88,6/19/2024 9:45,11.36,12.7
89,6/19/2024 10:00,11.35,12.76
90,6/19/2024 10:15,11.38,12.78
91,6/19/2024 10:30,11.39,12.8
92,6/19/2024 10:45,11.4,12.82
93,6/19/2024 11:00,11.33,12.84
94,6/19/2024 11:15,11.65,12.92
95,6/19/2024 11:30,11.65,12.96
96,6/19/2024 11:45,11.47,12.96
97,6/19/2024 12:00,11.67,13.02
98,6/19/2024 12:15,11.65,13
99,6/19/2024 12:30,11.54,12.94
100,6/19/2024 12:45,11.65,12.96
101,6/19/2024 13:00,11.36,13.02
102,6/19/2024 13:15,11.79,13.2
103,6/19/2024 13:30,11.57,13.06
104,6/19/2024 13:45,11.24,12.9
105,6/19/2024 14:00,11.09,12.8
106,6/19/2024 14:15,10.23,12.24
107,6/19/2024 14:30,9.92,11.74
108,6/19/2024 14:45,9.97,11.68
109,6/19/2024 15:00,9.61,11.66
110,6/19/2024 15:15,9.49,11.44
111,6/19/2024 15:30,9.45,11.34
112,6/19/2024 15:45,9.34,11.3
113,6/19/2024 16:00,9.27,11.24
114,6/19/2024 16:15,9.19,11.18
115,6/19/2024 16:30,9.21,11.16
116,6/19/2024 16:45,9.25,11.16
117,6/19/2024 17:00,9.35,11.2
118,6/19/2024 17:15,9.45,11.22
119,6/19/2024 17:30,10.06,11.44
120,6/19/2024 17:45,10.51,11.72
121,6/19/2024 18:00,11.05,11.86
122,6/19/2024 18:15,10.82,11.94
123,6/19/2024 18:30,10.94,11.98
124,6/19/2024 18:45,11.46,12.38
125,6/19/2024 19:00,11.91,12.64
126,6/19/2024 19:15,12.03,12.72
127,6/19/2024 19:30,12.48,12.88
128,6/19/2024 19:45,12.34,12.94
129,6/19/2024 20:00,12.13,12.78
130,6/19/2024 20:15,12.03,12.8
131,6/19/2024 20:30,11.85,12.74
132,6/19/2024 20:45,11.89,12.72
133,6/19/2024 21:00,11.57,12.54
134,6/19/2024 21:15,11.79,12.6
135,6/19/2024 21:30,11.84,12.6
136,6/19/2024 21:45,11.43,12.46
137,6/19/2024 22:00,11.66,12.5
138,6/19/2024 22:15,11.99,12.72
139,6/19/2024 22:30,11.88,12.76
140,6/19/2024 22:45,11.91,12.74
141,6/19/2024 23:00,11.87,12.74
142,6/19/2024 23:15,11.96,12.76
143,6/19/2024 23:30,11.78,12.78
144,6/19/2024 23:45,11.63,12.76
145,6/20/2024 0:00,11.68,12.78
146,6/20/2024 0:15,12.39,12.92
147,6/20/2024 0:30,11.39,12.62
148,6/20/2024 0:45,11.46,12.56
149,6/20/2024 1:00,12.08,12.7
150,6/20/2024 1:15,12.24,12.72
151,6/20/2024 1:30,12.07,12.66
152,6/20/2024 1:45,11.82,12.62
153,6/20/2024 2:00,11.79,12.56
154,6/20/2024 2:15,11.24,12.56
155,6/20/2024 2:30,14.38,13.1
156,6/20/2024 2:45,14.25,13.22
157,6/20/2024 3:00,13.79,13.22
158,6/20/2024 3:15,13.58,13.2
159,6/20/2024 3:30,13.51,13.18
160,6/20/2024 3:45,13.62,13.18
161,6/20/2024 4:00,13.48,13.18
162,6/20/2024 4:15,13.63,13.16
163,6/20/2024 4:30,13.61,13.16
164,6/20/2024 4:45,13.25,13.14
165,6/20/2024 5:00,13.47,13.14
166,6/20/2024 5:15,13.19,13.14
167,6/20/2024 5:30,13.21,13.12
168,6/20/2024 5:45,12.93,13.12
169,6/20/2024 6:00,13.57,13.1
170,6/20/2024 6:15,13.48,13.1
171,6/20/2024 6:30,13.2,13.08
172,6/20/2024 6:45,13.14,13.06
173,6/20/2024 7:00,13.68,13.06
174,6/20/2024 7:15,13.83,13.1
175,6/20/2024 7:30,14.06,13.1
176,6/20/2024 7:45,13.83,13
177,6/20/2024 8:00,12.92,13
178,6/20/2024 8:15,12.37,12.98
179,6/20/2024 8:30,11.64,12.9
180,6/20/2024 8:45,11.66,12.98
181,6/20/2024 9:00,11.81,12.94
182,6/20/2024 9:15,11.26,12.86
183,6/20/2024 9:30,10.97,12.82
184,6/20/2024 9:45,10.98,12.78
185,6/20/2024 10:00,10.94,12.78
186,6/20/2024 10:15,11.15,12.84
187,6/20/2024 10:30,11.29,12.94
188,6/20/2024 10:45,11.08,12.92
189,6/20/2024 11:00,11.47,13
190,6/20/2024 11:15,11.46,13.06
191,6/20/2024 11:30,11.18,13.22
192,6/20/2024 11:45,11.22,13.22
193,6/20/2024 12:00,11.29,13.24
194,6/20/2024 12:15,11.12,13.28
195,6/20/2024 12:30,11.05,13.32
196,6/20/2024 12:45,11.18,13.3
197,6/20/2024 13:00,11.31,13.26
198,6/20/2024 13:15,11.11,13.3
199,6/20/2024 13:30,11.59,13.36
200,6/20/2024 13:45,11.4,13.5
201,6/20/2024 14:00,11.44,13.34
202,6/20/2024 14:15,11.14,13.2
203,6/20/2024 14:30,10.89,13.02
204,6/20/2024 14:45,10.59,12.82
205,6/20/2024 15:00,10.53,12.64
206,6/20/2024 15:15,10.24,12.22
207,6/20/2024 15:30,10.04,11.96
208,6/20/2024 15:45,9.91,11.76
209,6/20/2024 16:00,11.16,12.16
210,6/20/2024 16:15,11.46,12.4
211,6/20/2024 16:30,11.5,12.46
212,6/20/2024 16:45,12.29,12.66
213,6/20/2024 17:00,12.48,12.82
214,6/20/2024 17:15,12.77,12.94
215,6/20/2024 17:30,12.78,13.02
216,6/20/2024 17:45,12.81,13.02
217,6/20/2024 18:00,12.85,13.04
218,6/20/2024 18:15,12.76,13.02
219,6/20/2024 18:30,12.56,13.06
220,6/20/2024 18:45,12.81,13.12
221,6/20/2024 19:00,13.2,13.18
222,6/20/2024 19:15,13.34,13.26
223,6/20/2024 19:30,13.07,13.26
224,6/20/2024 19:45,13.2,13.28
225,6/20/2024 20:00,13.2,13.3
226,6/20/2024 20:15,13.33,13.32
227,6/20/2024 20:30,13.91,13.52
228,6/20/2024 20:45,12.58,13.48
229,6/20/2024 21:00,13.07,13.4
230,6/20/2024 21:15,12.87,13.26
231,6/20/2024 21:30,13,13.28
232,6/20/2024 21:45,13.35,13.36
233,6/20/2024 22:00,12.94,13.26
234,6/20/2024 22:15,13.05,13.26
235,6/20/2024 22:30,12.9,13.26
236,6/20/2024 22:45,12.49,13.26
237,6/20/2024 23:00,12.24,13.24
238,6/20/2024 23:15,12.38,13.06
239,6/20/2024 23:30,12.57,13.14
240,6/20/2024 23:45,12.85,13.16
241,6/21/2024 0:00,12.79,13.16
242,6/21/2024 0:15,12.66,13.12
243,6/21/2024 0:30,13.32,13.28
244,6/21/2024 0:45,13.46,13.36
245,6/21/2024 1:00,12.9,13.32
246,6/21/2024 1:15,12.76,13.18
247,6/21/2024 1:30,12.85,13.14
248,6/21/2024 1:45,12.14,13.1
249,6/21/2024 2:00,11.89,12.94
250,6/21/2024 2:15,11.61,12.86
251,6/21/2024 2:30,11.45,12.76
252,6/21/2024 2:45,13.96,13.38
253,6/21/2024 3:00,14.13,13.56
254,6/21/2024 3:15,14.12,13.6
255,6/21/2024 3:30,14.04,13.6
256,6/21/2024 3:45,14,13.6
257,6/21/2024 4:00,13.82,13.58
258,6/21/2024 4:15,13.62,13.56
259,6/21/2024 4:30,13.85,13.58
260,6/21/2024 4:45,13.83,13.58
261,6/21/2024 5:00,13.58,13.6
262,6/21/2024 5:15,12.95,13.6
263,6/21/2024 5:30,12.95,13.6
264,6/21/2024 5:45,13.71,13.6
265,6/21/2024 6:00,13.35,13.56
266,6/21/2024 6:15,13.29,13.56
267,6/21/2024 6:30,14.14,13.54
268,6/21/2024 6:45,14.17,13.56
269,6/21/2024 7:00,13.97,13.56
270,6/21/2024 7:15,13.81,13.56
271,6/21/2024 7:30,13.71,13.58
272,6/21/2024 7:45,13.85,13.56
273,6/21/2024 8:00,13.99,13.58
274,6/21/2024 8:15,14.01,13.58
275,6/21/2024 8:30,14.28,13.56
276,6/21/2024 8:45,13.13,13.52
277,6/21/2024 9:00,12.2,13.4
278,6/21/2024 9:15,12.31,13.36
279,6/21/2024 9:30,12.16,13.36
280,6/21/2024 9:45,12.5,13.18
281,6/21/2024 10:00,12.12,13.16
282,6/21/2024 10:15,11.65,13.08
283,6/21/2024 10:30,11.73,13.08
284,6/21/2024 10:45,11.52,13.06
285,6/21/2024 11:00,11.53,13.08
286,6/21/2024 11:15,12.21,13.22
287,6/21/2024 11:30,11.6,13.26
288,6/21/2024 11:45,11.96,13.3
289,6/21/2024 12:00,12.01,13.48
290,6/21/2024 12:15,12.12,13.66
291,6/21/2024 12:30,11.85,13.6
292,6/21/2024 12:45,11.94,13.68
293,6/21/2024 13:00,11.88,13.62
294,6/21/2024 13:15,11.8,13.54
295,6/21/2024 13:30,11.88,13.54
296,6/21/2024 13:45,12.01,13.7
297,6/21/2024 14:00,12.39,13.88
298,6/21/2024 14:15,12.09,13.72
299,6/21/2024 14:30,11.64,13.66
300,6/21/2024 14:45,11.59,13.36
301,6/21/2024 15:00,11.58,12.96
302,6/21/2024 15:15,10.89,12.58
303,6/21/2024 15:30,10.77,12.18
304,6/21/2024 15:45,10.5,11.98
305,6/21/2024 16:00,12.59,12.58
306,6/21/2024 16:15,12.53,12.98
307,6/21/2024 16:30,12.35,13.04
308,6/21/2024 16:45,12.52,13.02
309,6/21/2024 17:00,12.37,13.08
310,6/21/2024 17:15,12.9,13.28
311,6/21/2024 17:30,13.27,13.44
312,6/21/2024 17:45,13.49,13.54
313,6/21/2024 18:00,13.25,13.54
314,6/21/2024 18:15,13.29,13.5
315,6/21/2024 18:30,13.72,13.66
316,6/21/2024 18:45,13.57,13.6
317,6/21/2024 19:00,13.9,13.64
318,6/21/2024 19:15,13.86,13.64
319,6/21/2024 19:30,14.15,13.74
320,6/21/2024 19:45,14.24,13.84
321,6/21/2024 20:00,14.39,13.86
322,6/21/2024 20:15,14.22,13.92
323,6/21/2024 20:30,14.21,13.92
324,6/21/2024 20:45,14.1,13.9
325,6/21/2024 21:00,13.72,13.92
326,6/21/2024 21:15,13.51,13.92
327,6/21/2024 21:30,14.17,13.92
328,6/21/2024 21:45,14.45,14
329,6/21/2024 22:00,13.98,13.92
330,6/21/2024 22:15,13.91,13.84
331,6/21/2024 22:30,13.72,13.76
332,6/21/2024 22:45,13.5,13.82
333,6/21/2024 23:00,13.55,13.8
334,6/21/2024 23:15,13.91,13.8
335,6/21/2024 23:30,14.21,13.88
336,6/21/2024 23:45,14.34,13.92
337,6/22/2024 0:00,14.31,13.92
338,6/22/2024 0:15,13.76,13.86
339,6/22/2024 0:30,13.32,13.84
340,6/22/2024 0:45,13.62,13.8
341,6/22/2024 1:00,14.19,13.98
342,6/22/2024 1:15,13.42,13.88
343,6/22/2024 1:30,13.29,13.64
344,6/22/2024 1:45,12.53,13.4
345,6/22/2024 2:00,12.39,13.24
346,6/22/2024 2:15,12.42,13.14
347,6/22/2024 2:30,12.29,13.1
348,6/22/2024 2:45,12.23,13.1
349,6/22/2024 3:00,12.07,13.08
350,6/22/2024 3:15,12.07,13.06
351,6/22/2024 3:30,11.8,13.04
352,6/22/2024 3:45,13.37,13.42
353,6/22/2024 4:00,13.27,13.52
354,6/22/2024 4:15,13.18,13.44
355,6/22/2024 4:30,13.28,13.38
356,6/22/2024 4:45,13.33,13.4
357,6/22/2024 5:00,13.49,13.46
358,6/22/2024 5:15,13.55,13.5
359,6/22/2024 5:30,13.48,13.52
360,6/22/2024 5:45,13.09,13.48
361,6/22/2024 6:00,13.06,13.46
362,6/22/2024 6:15,13.12,13.48
363,6/22/2024 6:30,13.16,13.46
364,6/22/2024 6:45,12.97,13.44
365,6/22/2024 7:00,13.06,13.38
366,6/22/2024 7:15,13.5,13.44
367,6/22/2024 7:30,13.3,13.4
368,6/22/2024 7:45,13.06,13.4
369,6/22/2024 8:00,13.28,13.42
370,6/22/2024 8:15,13.28,13.4
371,6/22/2024 8:30,13.16,13.56
372,6/22/2024 8:45,12.26,13.66
373,6/22/2024 9:00,12.63,13.34
374,6/22/2024 9:15,12.86,13.26
375,6/22/2024 9:30,12.8,13.46
376,6/22/2024 9:45,12.63,13.6
377,6/22/2024 10:00,12.45,13.64
378,6/22/2024 10:15,11.91,13.36
379,6/22/2024 10:30,11.7,13.26
380,6/22/2024 10:45,12.05,13.24
381,6/22/2024 11:00,12,13.26
382,6/22/2024 11:15,11.84,13.26
383,6/22/2024 11:30,11.71,13.28
384,6/22/2024 11:45,11.88,13.3
385,6/22/2024 12:00,11.88,13.3
386,6/22/2024 12:15,12.06,13.36
387,6/22/2024 12:30,11.92,13.38
388,6/22/2024 12:45,12,13.4
389,6/22/2024 13:00,12.03,13.4
390,6/22/2024 13:15,12.02,13.4
391,6/22/2024 13:30,12.06,13.42
392,6/22/2024 13:45,12.13,13.46
393,6/22/2024 14:00,12.21,13.5
394,6/22/2024 14:15,12.3,13.56
395,6/22/2024 14:30,12.28,13.56
396,6/22/2024 14:45,12.49,13.6
397,6/22/2024 15:00,12.21,13.56
398,6/22/2024 15:15,11.7,13.4
399,6/22/2024 15:30,11.36,13.06
400,6/22/2024 15:45,11.37,12.52
401,6/22/2024 16:00,11.18,12.4
402,6/22/2024 16:15,10.91,12.24
403,6/22/2024 16:30,10.54,12
404,6/22/2024 16:45,10.15,11.76
405,6/22/2024 17:00,10.12,11.7
406,6/22/2024 17:15,10.03,11.66
407,6/22/2024 17:30,10.05,11.64
408,6/22/2024 17:45,10.04,11.64
409,6/22/2024 18:00,9.97,11.6
410,6/22/2024 18:15,9.97,11.6
411,6/22/2024 18:30,9.97,11.56
412,6/22/2024 18:45,9.94,11.54
413,6/22/2024 19:00,9.89,11.52
414,6/22/2024 19:15,9.88,11.52
415,6/22/2024 19:30,9.94,11.54
416,6/22/2024 19:45,9.91,11.52
417,6/22/2024 20:00,10.43,11.66
418,6/22/2024 20:15,11.15,12.04
419,6/22/2024 20:30,12.12,12.48
420,6/22/2024 20:45,13.28,13.06
421,6/22/2024 21:00,13.27,13.24
422,6/22/2024 21:15,13.15,13.2
423,6/22/2024 21:30,13.39,13.28
424,6/22/2024 21:45,13.07,13.26
425,6/22/2024 22:00,12.58,13.02
426,6/22/2024 22:15,12.67,13.02
427,6/22/2024 22:30,12.85,13.06
428,6/22/2024 22:45,12.65,13.1
429,6/22/2024 23:00,12.14,13.12
430,6/22/2024 23:15,12.31,13.14
431,6/22/2024 23:30,12.19,13.02
432,6/22/2024 23:45,12.06,12.92
433,6/23/2024 0:00,11.68,12.76
434,6/23/2024 0:15,11.8,12.66
435,6/23/2024 0:30,12.03,12.68
436,6/23/2024 0:45,12.1,12.72
437,6/23/2024 1:00,11.74,12.88
438,6/23/2024 1:15,11.85,12.8
439,6/23/2024 1:30,11.71,12.7
440,6/23/2024 1:45,11.74,12.7
441,6/23/2024 2:00,11.74,12.7
442,6/23/2024 2:15,12.48,12.88
443,6/23/2024 2:30,11.79,12.76
444,6/23/2024 2:45,11.77,12.68
445,6/23/2024 3:00,11.65,12.7
446,6/23/2024 3:15,11.58,12.68
447,6/23/2024 3:30,11.29,12.68
448,6/23/2024 3:45,11.1,12.66
449,6/23/2024 4:00,11.21,12.64
450,6/23/2024 4:15,11.16,12.54
451,6/23/2024 4:30,11.26,12.52
452,6/23/2024 4:45,11.14,12.54
453,6/23/2024 5:00,11.21,12.56
454,6/23/2024 5:15,11.43,12.6
455,6/23/2024 5:30,11.32,12.6
456,6/23/2024 5:45,12.62,12.76
457,6/23/2024 6:00,12.99,12.98
458,6/23/2024 6:15,12.55,13
459,6/23/2024 6:30,12.43,12.94
460,6/23/2024 6:45,12.52,12.9
461,6/23/2024 7:00,12.33,12.9
462,6/23/2024 7:15,12.36,12.88
463,6/23/2024 7:30,12.28,12.86
464,6/23/2024 7:45,12.27,12.82
465,6/23/2024 8:00,12.12,12.8
466,6/23/2024 8:15,12.06,12.76
467,6/23/2024 8:30,12.29,12.78
468,6/23/2024 8:45,12.06,12.8
469,6/23/2024 9:00,11.66,12.78
470,6/23/2024 9:15,11.63,12.86
471,6/23/2024 9:30,11.95,12.9
472,6/23/2024 9:45,11.98,12.8
473,6/23/2024 10:00,11.93,12.74
474,6/23/2024 10:15,11.85,12.9
475,6/23/2024 10:30,11.79,13.06
476,6/23/2024 10:45,11.98,13.1
477,6/23/2024 11:00,12.14,13.18
478,6/23/2024 11:15,12.16,13.26
479,6/23/2024 11:30,12.52,13.28
480,6/23/2024 11:45,12.21,13.28
481,6/23/2024 12:00,11.78,13.12
482,6/23/2024 12:15,11.74,13.2
483,6/23/2024 12:30,11.84,13.14
484,6/23/2024 12:45,11.85,13.14
485,6/23/2024 13:00,11.82,13.16
486,6/23/2024 13:15,11.82,13.2
487,6/23/2024 13:30,11.85,13.2
488,6/23/2024 13:45,11.84,13.24
489,6/23/2024 14:00,11.85,13.26
490,6/23/2024 14:15,12.08,13.4
491,6/23/2024 14:30,12.03,13.4
492,6/23/2024 14:45,12.02,13.38
493,6/23/2024 15:00,11.65,13.36
494,6/23/2024 15:15,11.74,13.3
495,6/23/2024 15:30,11.43,13.14
496,6/23/2024 15:45,11.74,13.18
497,6/23/2024 16:00,11.32,13.04
498,6/23/2024 16:15,10.82,12.72
499,6/23/2024 16:30,10.46,12.14
500,6/23/2024 16:45,10.32,11.94
501,6/23/2024 17:00,10.33,11.82
502,6/23/2024 17:15,10.41,11.8
503,6/23/2024 17:30,10.62,11.88
504,6/23/2024 17:45,10.64,12
505,6/23/2024 18:00,10.72,11.94
506,6/23/2024 18:15,10.43,11.9
507,6/23/2024 18:30,10.57,11.92
508,6/23/2024 18:45,10.62,11.94
509,6/23/2024 19:00,10.46,11.9
510,6/23/2024 19:15,10.5,11.94
511,6/23/2024 19:30,10.41,11.86
512,6/23/2024 19:45,10.44,11.88
513,6/23/2024 20:00,10.31,11.84
514,6/23/2024 20:15,10.43,11.84
515,6/23/2024 20:30,10.4,11.82
516,6/23/2024 20:45,10.32,11.8
517,6/23/2024 21:00,10.29,11.78
518,6/23/2024 21:15,10.45,11.84
519,6/23/2024 21:30,10.36,11.86
520,6/23/2024 21:45,10.31,11.86
521,6/23/2024 22:00,10.33,11.88
522,6/23/2024 22:15,10.23,11.86
523,6/23/2024 22:30,10.02,11.84
524,6/23/2024 22:45,10.01,11.8
525,6/23/2024 23:00,10.27,11.96
526,6/23/2024 23:15,10.79,12.18
527,6/23/2024 23:30,11,12.24
528,6/23/2024 23:45,11.02,12.22
529,6/24/2024 0:00,11.02,12.24
530,6/24/2024 0:15,10.9,12.2
531,6/24/2024 0:30,10.76,12.12
532,6/24/2024 0:45,10.82,12.1
533,6/24/2024 1:00,10.77,12.1
534,6/24/2024 1:15,10.67,12.04
535,6/24/2024 1:30,10.71,12.06
536,6/24/2024 1:45,10.45,12.16
537,6/24/2024 2:00,10.41,12.08
538,6/24/2024 2:15,10.53,12.08
539,6/24/2024 2:30,10.58,12.1
540,6/24/2024 2:45,10.59,12.06
541,6/24/2024 3:00,10.55,12.14
542,6/24/2024 3:15,10.61,12.24
543,6/24/2024 3:30,10.47,12.28
544,6/24/2024 3:45,10.48,12.34
545,6/24/2024 4:00,10.39,12.36
546,6/24/2024 4:15,10.3,12.4
547,6/24/2024 4:30,10.66,12.42
548,6/24/2024 4:45,10.53,12.4
549,6/24/2024 5:00,10.32,12.38
550,6/24/2024 5:15,10.3,12.32
551,6/24/2024 5:30,10.43,12.32
552,6/24/2024 5:45,10.38,12.32
553,6/24/2024 6:00,10.29,12.36
554,6/24/2024 6:15,10.25,12.36
555,6/24/2024 6:30,10.3,12.36
556,6/24/2024 6:45,9.76,12.3
557,6/24/2024 7:00,10.05,12.3
558,6/24/2024 7:15,10.37,12.3
559,6/24/2024 7:30,10.52,12.38
560,6/24/2024 7:45,10.55,12.38
561,6/24/2024 8:00,10.55,12.36
562,6/24/2024 8:15,10.31,12.36
563,6/24/2024 8:30,10.87,12.42
564,6/24/2024 8:45,10.76,12.44
565,6/24/2024 9:00,10.83,12.36
566,6/24/2024 9:15,10.98,12.44
567,6/24/2024 9:30,10.96,12.42
568,6/24/2024 9:45,11.26,12.54
569,6/24/2024 10:00,11.45,12.64
570,6/24/2024 10:15,11.31,12.68
571,6/24/2024 10:30,11.56,12.72
572,6/24/2024 10:45,11.33,12.78
573,6/24/2024 11:00,11.4,12.74
574,6/24/2024 11:15,11.39,12.78
575,6/24/2024 11:30,11.6,13.06
576,6/24/2024 11:45,11.32,13.26
577,6/24/2024 12:00,11.35,13.28
578,6/24/2024 12:15,11.45,13.42
579,6/24/2024 12:30,11.4,13.12
580,6/24/2024 12:45,11.95,13.22
581,6/24/2024 13:00,11.63,13.16
582,6/24/2024 13:15,11.5,13.28
583,6/24/2024 13:30,11.59,13.16
584,6/24/2024 13:45,11.47,13.14
585,6/24/2024 14:00,13.95,13.32
586,6/24/2024 14:15,12.07,13.5
587,6/24/2024 14:30,11.94,13.28
588,6/24/2024 14:45,12.02,13.32
589,6/24/2024 15:00,11.71,13.34
590,6/24/2024 15:15,11.67,13.32
591,6/24/2024 15:30,11.86,13.4
592,6/24/2024 15:45,11.82,13.38
593,6/24/2024 16:00,11.66,13.3
594,6/24/2024 16:15,11.71,13.32
595,6/24/2024 16:30,11.39,13.12
596,6/24/2024 16:45,11.25,12.86
597,6/24/2024 17:00,10.84,12.62
598,6/24/2024 17:15,11.02,12.56
599,6/24/2024 17:30,10.66,12.22
600,6/24/2024 17:45,10.29,11.88
601,6/24/2024 18:00,10.4,11.84
602,6/24/2024 18:15,10.6,11.92
603,6/24/2024 18:30,10.62,11.96
604,6/24/2024 18:45,10.57,11.96
605,6/24/2024 19:00,10.25,11.88
606,6/24/2024 19:15,9.95,11.68
607,6/24/2024 19:30,9.97,11.64
608,6/24/2024 19:45,9.88,11.58
609,6/24/2024 20:00,9.85,11.6
610,6/24/2024 20:15,9.87,11.58
611,6/24/2024 20:30,9.8,11.56
612,6/24/2024 20:45,9.77,11.56
613,6/24/2024 21:00,9.87,11.58
614,6/24/2024 21:15,9.82,11.58
615,6/24/2024 21:30,9.85,11.58
616,6/24/2024 21:45,10.01,11.66
617,6/24/2024 22:00,10.01,11.66
618,6/24/2024 22:15,9.94,11.68
619,6/24/2024 22:30,9.9,11.68
620,6/24/2024 22:45,9.91,11.66
621,6/24/2024 23:00,9.78,11.66
622,6/24/2024 23:15,9.34,11.66
623,6/24/2024 23:30,9.5,11.7
624,6/24/2024 23:45,10.22,11.76
625,6/25/2024 0:00,10.22,11.96
626,6/25/2024 0:15,10.59,12.02
627,6/25/2024 0:30,10.39,11.94
628,6/25/2024 0:45,10.36,11.9
629,6/25/2024 1:00,10.37,11.92
630,6/25/2024 1:15,10.43,12.02
631,6/25/2024 1:30,10.2,12.04
632,6/25/2024 1:45,10.33,11.98
633,6/25/2024 2:00,10.37,11.96
634,6/25/2024 2:15,10.29,12.02
635,6/25/2024 2:30,10.34,11.86
636,6/25/2024 2:45,10.47,11.9
637,6/25/2024 3:00,10.58,12
638,6/25/2024 3:15,10.66,12.16
639,6/25/2024 3:30,10.76,12.34
640,6/25/2024 3:45,10.84,12.48
641,6/25/2024 4:00,10.66,12.48
642,6/25/2024 4:15,10.74,12.54
643,6/25/2024 4:30,10.69,12.56
644,6/25/2024 4:45,10.46,12.54
645,6/25/2024 5:00,10.53,12.54
646,6/25/2024 5:15,10.46,12.52
647,6/25/2024 5:30,10.47,12.46
648,6/25/2024 5:45,10.53,12.44
649,6/25/2024 6:00,10.55,12.42
650,6/25/2024 6:15,10.31,12.44
651,6/25/2024 6:30,10.4,12.44
652,6/25/2024 6:45,10.86,12.46
653,6/25/2024 7:00,10.36,12.46
654,6/25/2024 7:15,10.51,12.44
655,6/25/2024 7:30,10.72,12.46
656,6/25/2024 7:45,10.16,12.46
657,6/25/2024 8:00,10.09,12.46
658,6/25/2024 8:15,10.71,12.5
659,6/25/2024 8:30,10.58,12.42
660,6/25/2024 8:45,10.58,12.38
661,6/25/2024 9:00,10.66,12.38
662,6/25/2024 9:15,10.69,12.48
663,6/25/2024 9:30,11.05,12.62
664,6/25/2024 9:45,11.43,12.66
665,6/25/2024 10:00,11.4,12.8
666,6/25/2024 10:15,11.17,12.76
667,6/25/2024 10:30,11.32,12.58
668,6/25/2024 10:45,11.78,12.64
669,6/25/2024 11:00,11.94,12.8
670,6/25/2024 11:15,11.51,12.8
671,6/25/2024 11:30,11.63,12.84
672,6/25/2024 11:45,12.14,13.16
673,6/25/2024 12:00,11.59,13.12
674,6/25/2024 12:15,11.95,13.36
675,6/25/2024 12:30,11.82,13.22
676,6/25/2024 12:45,11.74,13.26
677,6/25/2024 13:00,11.78,13.44
678,6/25/2024 13:15,12.65,13.42
679,6/25/2024 13:30,12.44,13.5
680,6/25/2024 13:45,11.71,13.34
681,6/25/2024 14:00,11.94,13.34
682,6/25/2024 14:15,11.68,13.32
683,6/25/2024 14:30,11.49,13.26
684,6/25/2024 14:45,11.53,13.28
685,6/25/2024 15:00,11.7,13.26
686,6/25/2024 15:15,12,13.46
687,6/25/2024 15:30,11.81,13.42
688,6/25/2024 15:45,11.77,13.4
689,6/25/2024 16:00,11.85,13.36
690,6/25/2024 16:15,11.73,13.36
691,6/25/2024 16:30,11.38,13.46
692,6/25/2024 16:45,12.12,13.58
693,6/25/2024 17:00,12.03,13.62
694,6/25/2024 17:15,12.12,13.68
695,6/25/2024 17:30,12.26,13.56
696,6/25/2024 17:45,11.67,13.46
697,6/25/2024 18:00,11.02,13.1
698,6/25/2024 18:15,11.17,12.76
699,6/25/2024 18:30,10.62,12.24
700,6/25/2024 18:45,10.69,12.14
701,6/25/2024 19:00,10.76,12.18
702,6/25/2024 19:15,11.01,12.14
703,6/25/2024 19:30,10.57,12.08
704,6/25/2024 19:45,10.91,12.02
705,6/25/2024 20:00,10.66,12.1
706,6/25/2024 20:15,10.19,11.88
707,6/25/2024 20:30,10.3,11.8
708,6/25/2024 20:45,10.26,11.82
709,6/25/2024 21:00,10.29,11.82
710,6/25/2024 21:15,10.31,11.82
711,6/25/2024 21:30,10.34,11.86
712,6/25/2024 21:45,10.37,11.84
713,6/25/2024 22:00,10.31,11.84
714,6/25/2024 22:15,10.43,11.9
715,6/25/2024 22:30,10.38,11.94
716,6/25/2024 22:45,10.31,11.94
717,6/25/2024 23:00,10.31,11.92
718,6/25/2024 23:15,10.22,11.9
719,6/25/2024 23:30,10.09,11.88
720,6/25/2024 23:45,10.01,11.84
721,6/26/2024 0:00,10.06,11.9
722,6/26/2024 0:15,10.4,12.14
723,6/26/2024 0:30,10.68,12.26
724,6/26/2024 0:45,10.96,12.36
725,6/26/2024 1:00,11.21,12.5
726,6/26/2024 1:15,10.98,12.48
727,6/26/2024 1:30,10.8,12.36
728,6/26/2024 1:45,10.67,12.28
729,6/26/2024 2:00,10.64,12.28
730,6/26/2024 2:15,10.6,12.28
731,6/26/2024 2:30,10.51,12.2
732,6/26/2024 2:45,10.27,12.18
733,6/26/2024 3:00,10.03,12.12
734,6/26/2024 3:15,10.48,12.08
735,6/26/2024 3:30,10.82,12.3
736,6/26/2024 3:45,10.83,12.44
737,6/26/2024 4:00,10.84,12.52
738,6/26/2024 4:15,10.87,12.54
739,6/26/2024 4:30,10.95,12.6
740,6/26/2024 4:45,10.93,12.62
741,6/26/2024 5:00,10.89,12.6
742,6/26/2024 5:15,10.8,12.6
743,6/26/2024 5:30,10.79,12.56
744,6/26/2024 5:45,10.57,12.54
745,6/26/2024 6:00,10.61,12.58
746,6/26/2024 6:15,10.59,12.6
747,6/26/2024 6:30,10.72,12.58
748,6/26/2024 6:45,10.53,12.54
749,6/26/2024 7:00,10.55,12.54
750,6/26/2024 7:15,10.57,12.58
751,6/26/2024 7:30,10.11,12.58
752,6/26/2024 7:45,10.58,12.58
753,6/26/2024 8:00,9.91,12.6
754,6/26/2024 8:15,10.81,12.62
755,6/26/2024 8:30,10.81,12.6
756,6/26/2024 8:45,10.71,12.6
757,6/26/2024 9:00,10.65,12.58
758,6/26/2024 9:15,10.88,12.6
759,6/26/2024 9:30,10.93,12.62
760,6/26/2024 9:45,10.83,12.62
761,6/26/2024 10:00,10.77,12.6
762,6/26/2024 10:15,10.4,12.6
763,6/26/2024 10:30,11.11,12.72
764,6/26/2024 10:45,11.32,12.8
765,6/26/2024 11:00,11.35,12.82
766,6/26/2024 11:15,11.42,12.86
767,6/26/2024 11:30,11.46,12.86
768,6/26/2024 11:45,11.33,12.9
769,6/26/2024 12:00,11.73,13.04
770,6/26/2024 12:15,12.24,13.06
771,6/26/2024 12:30,12.42,13.1
772,6/26/2024 12:45,11.68,13.12
773,6/26/2024 13:00,11.43,13.06
774,6/26/2024 13:15,11.51,13.1
775,6/26/2024 13:30,11.68,13.16
776,6/26/2024 13:45,11.4,13.14
777,6/26/2024 14:00,11.57,13.12
778,6/26/2024 14:15,11.46,13.1
779,6/26/2024 14:30,11.49,13.1
780,6/26/2024 14:45,11.5,13.14
781,6/26/2024 15:00,11.77,13.26
782,6/26/2024 15:15,11.71,13.26
783,6/26/2024 15:30,11.59,13.28
784,6/26/2024 15:45,11.78,13.38
785,6/26/2024 16:00,11.93,13.42
786,6/26/2024 16:15,11.92,13.4
787,6/26/2024 16:30,11.93,13.38
788,6/26/2024 16:45,12.02,13.44
789,6/26/2024 17:00,12.08,13.48
790,6/26/2024 17:15,12.09,13.54
791,6/26/2024 17:30,12.1,13.56
792,6/26/2024 17:45,12.13,13.48
793,6/26/2024 18:00,12.16,13.46
794,6/26/2024 18:15,12.06,13.48
795,6/26/2024 18:30,11.74,13.44
796,6/26/2024 18:45,11.53,13.04
797,6/26/2024 19:00,10.91,12.46
798,6/26/2024 19:15,10.64,12.34
799,6/26/2024 19:30,10.38,12.02
800,6/26/2024 19:45,10.26,11.82
801,6/26/2024 20:00,10.36,11.86
802,6/26/2024 20:15,10.12,11.76
803,6/26/2024 20:30,9.99,11.7
804,6/26/2024 20:45,9.95,11.66
805,6/26/2024 21:00,9.97,11.68
806,6/26/2024 21:15,9.89,11.64
807,6/26/2024 21:30,9.96,11.66
808,6/26/2024 21:45,9.92,11.68
809,6/26/2024 22:00,9.91,11.66
810,6/26/2024 22:15,9.89,11.64
811,6/26/2024 22:30,9.89,11.64
812,6/26/2024 22:45,9.88,11.66
813,6/26/2024 23:00,9.84,11.64
814,6/26/2024 23:15,9.92,11.74
815,6/26/2024 23:30,9.88,11.76
816,6/26/2024 23:45,9.89,11.74
817,6/27/2024 0:00,9.8,11.74
818,6/27/2024 0:15,9.81,11.74
819,6/27/2024 0:30,9.4,11.8
820,6/27/2024 0:45,9.49,11.9
821,6/27/2024 1:00,9.21,11.96
822,6/27/2024 1:15,10.04,12.04
823,6/27/2024 1:30,10.22,12.04
824,6/27/2024 1:45,10.24,12.16
825,6/27/2024 2:00,10.05,12.12
826,6/27/2024 2:15,9.95,12.12
827,6/27/2024 2:30,10.29,12.16
828,6/27/2024 2:45,10.04,12.16
829,6/27/2024 3:00,9.85,12.06
830,6/27/2024 3:15,9.87,11.9
831,6/27/2024 3:30,10.3,11.98
832,6/27/2024 3:45,10.67,12.24
833,6/27/2024 4:00,10.67,12.42
834,6/27/2024 4:15,10.83,12.56
835,6/27/2024 4:30,10.83,12.58
836,6/27/2024 4:45,10.81,12.62
837,6/27/2024 5:00,10.77,12.62
838,6/27/2024 5:15,10.54,12.6
839,6/27/2024 5:30,10.77,12.64
840,6/27/2024 5:45,10.64,12.66
841,6/27/2024 6:00,11.01,12.8
842,6/27/2024 6:15,10.89,12.84
843,6/27/2024 6:30,11.01,12.84
844,6/27/2024 6:45,10.91,12.8
845,6/27/2024 7:00,10.93,12.8
846,6/27/2024 7:15,10.86,12.8
847,6/27/2024 7:30,10.68,12.78
848,6/27/2024 7:45,10.47,12.76
849,6/27/2024 8:00,10.53,12.76
850,6/27/2024 8:15,10.67,12.74
851,6/27/2024 8:30,10.59,12.76
852,6/27/2024 8:45,10.62,12.74
853,6/27/2024 9:00,10.96,12.76
854,6/27/2024 9:15,10.86,12.78
855,6/27/2024 9:30,11.11,12.8
856,6/27/2024 9:45,11.21,12.82
857,6/27/2024 10:00,11.02,12.82
858,6/27/2024 10:15,11.16,12.9
859,6/27/2024 10:30,10.89,12.94
860,6/27/2024 10:45,10.61,12.62
861,6/27/2024 11:00,10.57,12.48
862,6/27/2024 11:15,10.66,12.48
863,6/27/2024 11:30,10.72,12.78
864,6/27/2024 11:45,11.03,13
865,6/27/2024 12:00,11.19,12.92
866,6/27/2024 12:15,11.21,13.02
867,6/27/2024 12:30,11.28,13.08
868,6/27/2024 12:45,11.3,13.08
869,6/27/2024 13:00,11.29,13.2
870,6/27/2024 13:15,11.43,13.22
871,6/27/2024 13:30,11.51,13.32
872,6/27/2024 13:45,11.68,13.08
873,6/27/2024 14:00,11.6,13.16
874,6/27/2024 14:15,11.51,13.18
875,6/27/2024 14:30,11.46,13.28
876,6/27/2024 14:45,11.49,13.2
877,6/27/2024 15:00,11.3,13.24
878,6/27/2024 15:15,11.4,13.16
879,6/27/2024 15:30,11.24,13.14
880,6/27/2024 15:45,11.31,13.04
881,6/27/2024 16:00,11.29,13.04
882,6/27/2024 16:15,11.21,13.04
883,6/27/2024 16:30,11.14,13.02
884,6/27/2024 16:45,11.14,13.02
885,6/27/2024 17:00,11.43,13.12
886,6/27/2024 17:15,11.32,13.14
887,6/27/2024 17:30,11.4,13.14
888,6/27/2024 17:45,11.39,13.12
889,6/27/2024 18:00,11.35,13.1
890,6/27/2024 18:15,11.21,13.1
891,6/27/2024 18:30,11.01,13.12
892,6/27/2024 18:45,11.01,13.12
893,6/27/2024 19:00,11.16,13.1
894,6/27/2024 19:15,11.26,13.1
895,6/27/2024 19:30,11.12,13.06
896,6/27/2024 19:45,10.87,12.84
897,6/27/2024 20:00,10.74,12.74
898,6/27/2024 20:15,10.41,12.22
899,6/27/2024 20:30,10.18,11.96
900,6/27/2024 20:45,10.19,11.9
901,6/27/2024 21:00,10.15,11.84
902,6/27/2024 21:15,10.03,11.84
903,6/27/2024 21:30,10.01,11.78
904,6/27/2024 21:45,9.96,11.74
905,6/27/2024 22:00,9.97,11.72
906,6/27/2024 22:15,9.94,11.72
907,6/27/2024 22:30,9.96,11.7
908,6/27/2024 22:45,9.99,11.74
909,6/27/2024 23:00,10.01,11.76
910,6/27/2024 23:15,10.03,11.76
911,6/27/2024 23:30,10.04,11.78
912,6/27/2024 23:45,10.08,11.86
913,6/28/2024 0:00,9.99,11.84
914,6/28/2024 0:15,9.96,11.86
915,6/28/2024 0:30,9.98,11.86
916,6/28/2024 0:45,9.9,11.88
917,6/28/2024 1:00,9.97,12.02
918,6/28/2024 1:15,10.19,12.26
919,6/28/2024 1:30,10.27,12.3
920,6/28/2024 1:45,10.23,12.3
921,6/28/2024 2:00,10.15,12.1
922,6/28/2024 2:15,10.61,12.28
923,6/28/2024 2:30,10.31,12.2
924,6/28/2024 2:45,10.32,12.1
925,6/28/2024 3:00,10.19,12.06
926,6/28/2024 3:15,10.03,12.06
927,6/28/2024 3:30,10.11,12.1
928,6/28/2024 3:45,10.26,12.14
929,6/28/2024 4:00,10.48,12.28
930,6/28/2024 4:15,10.52,12.38
931,6/28/2024 4:30,10.59,12.44
932,6/28/2024 4:45,10.69,12.5
933,6/28/2024 5:00,10.65,12.58
934,6/28/2024 5:15,10.68,12.6
935,6/28/2024 5:30,10.69,12.6
936,6/28/2024 5:45,10.65,12.6
937,6/28/2024 6:00,10.64,12.6
938,6/28/2024 6:15,10.59,12.6
939,6/28/2024 6:30,10.61,12.6
940,6/28/2024 6:45,10.58,12.6
941,6/28/2024 7:00,10.61,12.6
942,6/28/2024 7:15,10.54,12.6
943,6/28/2024 7:30,10.55,12.62
944,6/28/2024 7:45,9.97,12.62
945,6/28/2024 8:00,9.75,12.64
946,6/28/2024 8:15,10.52,12.64
947,6/28/2024 8:30,10.48,12.64
948,6/28/2024 8:45,10.68,12.66
949,6/28/2024 9:00,10.62,12.68
950,6/28/2024 9:15,10.58,12.7
951,6/28/2024 9:30,10.53,12.7
952,6/28/2024 9:45,10.55,12.74
953,6/28/2024 10:00,10.5,12.72
954,6/28/2024 10:15,10.55,12.68
955,6/28/2024 10:30,10.57,12.72
956,6/28/2024 10:45,10.64,12.72
957,6/28/2024 11:00,10.33,12.76
958,6/28/2024 11:15,10.3,12.68
959,6/28/2024 11:30,10.57,12.74
960,6/28/2024 11:45,10.71,12.74
961,6/28/2024 12:00,11.07,13.1
962,6/28/2024 12:15,10.84,12.78
963,6/28/2024 12:30,10.76,12.6
964,6/28/2024 12:45,10.79,12.72
965,6/28/2024 13:00,10.79,12.96
966,6/28/2024 13:15,10.87,13.2
967,6/28/2024 13:30,12.39,13.28
968,6/28/2024 13:45,12.14,13.54
969,6/28/2024 14:00,12.72,13.86
970,6/28/2024 14:15,13.63,13.66
971,6/28/2024 14:30,13.02,13.7
972,6/28/2024 14:45,13.69,14.1
973,6/28/2024 15:00,14.28,14.26
974,6/28/2024 15:15,14.62,14.56
975,6/28/2024 15:30,14.84,14.66
976,6/28/2024 15:45,12.69,14.4
977,6/28/2024 16:00,11.47,13.38
978,6/28/2024 16:15,11.42,13.22
979,6/28/2024 16:30,11.46,13.16
980,6/28/2024 16:45,11.59,13.18
981,6/28/2024 17:00,11.65,13.24
982,6/28/2024 17:15,11.85,13.34
983,6/28/2024 17:30,11.67,13.36
984,6/28/2024 17:45,11.7,13.36
985,6/28/2024 18:00,11.7,13.36
986,6/28/2024 18:15,11.74,13.36
987,6/28/2024 18:30,11.66,13.32
988,6/28/2024 18:45,11.39,13.3
989,6/28/2024 19:00,11.42,13.26
990,6/28/2024 19:15,11.46,13.22
991,6/28/2024 19:30,11.46,13.26
992,6/28/2024 19:45,11.91,13.32
993,6/28/2024 20:00,11.98,13.4
994,6/28/2024 20:15,11.68,13.3
995,6/28/2024 20:30,11.63,13.22
996,6/28/2024 20:45,11.45,13.18
997,6/28/2024 21:00,10.57,12.78
998,6/28/2024 21:15,10.53,12.58
999,6/28/2024 21:30,10.69,12.42
1000,6/28/2024 21:45,10.5,12.3
1001,6/28/2024 22:00,10.55,12.26
1002,6/28/2024 22:15,10.39,12.2
1003,6/28/2024 22:30,9.98,11.98
1004,6/28/2024 22:45,9.74,11.76
1005,6/28/2024 23:00,9.6,11.66
1006,6/28/2024 23:15,9.59,11.62
1007,6/28/2024 23:30,9.69,11.64
1008,6/28/2024 23:45,10.02,11.68
1009,6/29/2024 0:00,10.18,11.94
1010,6/29/2024 0:15,10.31,12.08
1011,6/29/2024 0:30,10.2,12.08
1012,6/29/2024 0:45,10.23,12.08
1013,6/29/2024 1:00,10.18,12.04
1014,6/29/2024 1:15,10.1,12.04
1015,6/29/2024 1:30,10.46,12.18
1016,6/29/2024 1:45,10.66,12.34
1017,6/29/2024 2:00,10.74,12.62
1018,6/29/2024 2:15,10.82,12.66
1019,6/29/2024 2:30,10.66,12.48
1020,6/29/2024 2:45,10.62,12.36
1021,6/29/2024 3:00,10.59,12.36
1022,6/29/2024 3:15,10.47,12.36
1023,6/29/2024 3:30,10.26,12.4
1024,6/29/2024 3:45,10.27,12.24
1025,6/29/2024 4:00,10.37,12.14
1026,6/29/2024 4:15,10.5,12.24
1027,6/29/2024 4:30,10.67,12.38
1028,6/29/2024 4:45,10.88,12.58
1029,6/29/2024 5:00,10.88,12.64
1030,6/29/2024 5:15,10.81,12.66
1031,6/29/2024 5:30,10.88,12.7
1032,6/29/2024 5:45,11.07,12.8
1033,6/29/2024 6:00,11.08,12.84
1034,6/29/2024 6:15,11.09,12.88
1035,6/29/2024 6:30,11.01,12.86
1036,6/29/2024 6:45,11.05,12.88
1037,6/29/2024 7:00,11.1,12.88
1038,6/29/2024 7:15,11.08,12.88
1039,6/29/2024 7:30,10.84,12.9
1040,6/29/2024 7:45,10.68,12.92
1041,6/29/2024 8:00,11.07,12.96
1042,6/29/2024 8:15,11.15,12.94
1043,6/29/2024 8:30,11.22,12.98
1044,6/29/2024 8:45,11.19,13.02
1045,6/29/2024 9:00,11.32,13.12
1046,6/29/2024 9:15,11.21,13.08
1047,6/29/2024 9:30,11.1,13.06
1048,6/29/2024 9:45,11.23,13.08
1049,6/29/2024 10:00,11.31,13.22
1050,6/29/2024 10:15,11.01,13.04
1051,6/29/2024 10:30,11.24,13.08
1052,6/29/2024 10:45,10.9,12.9
1053,6/29/2024 11:00,11.03,12.82
1054,6/29/2024 11:15,10.82,12.74
1055,6/29/2024 11:30,10.64,12.68
1056,6/29/2024 11:45,10.31,12.46
1057,6/29/2024 12:00,10.31,12.32
1058,6/29/2024 12:15,10.3,12.16
1059,6/29/2024 12:30,10.29,12.1
1060,6/29/2024 12:45,10.26,12
1061,6/29/2024 13:00,10.43,12.62
1062,6/29/2024 13:15,11.25,12.92
1063,6/29/2024 13:30,11.28,13.06
1064,6/29/2024 13:45,11.09,12.88
1065,6/29/2024 14:00,11.15,12.8
1066,6/29/2024 14:15,10.97,13.16
1067,6/29/2024 14:30,11.31,13.12
1068,6/29/2024 14:45,11.64,13.32
1069,6/29/2024 15:00,11.09,13.32
1070,6/29/2024 15:15,11.3,13.3
1071,6/29/2024 15:30,11.8,13.04
1072,6/29/2024 15:45,13.58,13.42
1073,6/29/2024 16:00,14.36,13.58
1074,6/29/2024 16:15,16,13.78
1075,6/29/2024 16:30,14.85,13.78
1076,6/29/2024 16:45,13.07,13.94
1077,6/29/2024 17:00,12.13,13.68
1078,6/29/2024 17:15,11.95,13.46
1079,6/29/2024 17:30,12.13,13.38
1080,6/29/2024 17:45,11.59,13.04
1081,6/29/2024 18:00,11.59,12.92
1082,6/29/2024 18:15,11.6,12.98
1083,6/29/2024 18:30,11.68,13.04
1084,6/29/2024 18:45,11.75,13.18
1085,6/29/2024 19:00,11.7,13.22
1086,6/29/2024 19:15,11.68,13.26
1087,6/29/2024 19:30,11.63,13.28
1088,6/29/2024 19:45,11.47,13.26
1089,6/29/2024 20:00,11.43,13.18
1090,6/29/2024 20:15,11.01,12.98
1091,6/29/2024 20:30,10.74,12.8
1092,6/29/2024 20:45,10.69,12.64
1093,6/29/2024 21:00,10.75,12.48
1094,6/29/2024 21:15,10.8,12.48
1095,6/29/2024 21:30,10.83,12.48
1096,6/29/2024 21:45,10.84,12.5
1097,6/29/2024 22:00,10.68,12.46
1098,6/29/2024 22:15,11.28,12.86
1099,6/29/2024 22:30,10.87,12.72
1100,6/29/2024 22:45,10.46,12.48
1101,6/29/2024 23:00,10.5,12.38
1102,6/29/2024 23:15,10.64,12.32
1103,6/29/2024 23:30,10.37,12.28
1104,6/29/2024 23:45,10.26,12.12
1105,6/30/2024 0:00,10.03,12.02
1106,6/30/2024 0:15,10.39,12.08
1107,6/30/2024 0:30,10.5,12.2
1108,6/30/2024 0:45,10.52,12.22
1109,6/30/2024 1:00,10.51,12.2
1110,6/30/2024 1:15,10.22,12.14
1111,6/30/2024 1:30,10.15,12.06
1112,6/30/2024 1:45,10.15,12.08
1113,6/30/2024 2:00,10.12,12.1
1114,6/30/2024 2:15,10.01,12.2
1115,6/30/2024 2:30,10.31,12.34
1116,6/30/2024 2:45,11.02,12.82
1117,6/30/2024 3:00,10.75,12.72
1118,6/30/2024 3:15,10.73,12.7
1119,6/30/2024 3:30,10.54,12.6
1120,6/30/2024 3:45,10.72,12.68
1121,6/30/2024 4:00,10.04,12.64
1122,6/30/2024 4:15,9.74,12.74
1123,6/30/2024 4:30,10.32,12.4
1124,6/30/2024 4:45,10.43,12.3
1125,6/30/2024 5:00,10.73,12.46
1126,6/30/2024 5:15,10.89,12.66
1127,6/30/2024 5:30,10.77,12.66
1128,6/30/2024 5:45,10.8,12.68
1129,6/30/2024 6:00,10.93,12.76
1130,6/30/2024 6:15,11.04,12.84
1131,6/30/2024 6:30,10.82,12.84
1132,6/30/2024 6:45,10.94,12.88
1133,6/30/2024 7:00,11.11,12.96
1134,6/30/2024 7:15,11.11,12.94
1135,6/30/2024 7:30,11.14,12.98
1136,6/30/2024 7:45,11.09,12.98
1137,6/30/2024 8:00,11.09,12.98
1138,6/30/2024 8:15,11,12.98
1139,6/30/2024 8:30,10.86,13.02
1140,6/30/2024 8:45,10.9,13.02
1141,6/30/2024 9:00,11.14,13.08
1142,6/30/2024 9:15,11.22,13.1
1143,6/30/2024 9:30,11.36,13.14
1144,6/30/2024 9:45,11.43,13.16
1145,6/30/2024 10:00,11.23,13.1
1146,6/30/2024 10:15,11.18,13.06
1147,6/30/2024 10:30,11.16,12.98
1148,6/30/2024 10:45,10.64,13.06
1149,6/30/2024 11:00,11.43,13.2
1150,6/30/2024 11:15,11.25,13.3
1151,6/30/2024 11:30,11.18,13.16
1152,6/30/2024 11:45,11.47,13.24
1153,6/30/2024 12:00,11.24,13.18
1154,6/30/2024 12:15,10.79,12.92
1155,6/30/2024 12:30,10.72,12.84
1156,6/30/2024 12:45,10.54,12.56
1157,6/30/2024 13:00,10.57,12.58
1158,6/30/2024 13:15,10.46,12.4
1159,6/30/2024 13:30,10.52,12.3
1160,6/30/2024 13:45,10.3,12.22
1161,6/30/2024 14:00,10.24,12.14
1162,6/30/2024 14:15,10.16,12.04
1163,6/30/2024 14:30,10.05,11.98
1164,6/30/2024 14:45,10.37,12.62
1165,6/30/2024 15:00,10.54,12.62
1166,6/30/2024 15:15,10.69,12.62
1167,6/30/2024 15:30,10.72,12.6
1168,6/30/2024 15:45,11.33,13.58
1169,6/30/2024 16:00,10.61,13.3
1170,6/30/2024 16:15,10.81,13.06
1171,6/30/2024 16:30,11.11,13.2
1172,6/30/2024 16:45,11.11,13.18
1173,6/30/2024 17:00,10.81,12.68
1174,6/30/2024 17:15,10.95,12.6
1175,6/30/2024 17:30,10.9,12.58
1176,6/30/2024 17:45,11,12.68
1177,6/30/2024 18:00,10.82,12.48
1178,6/30/2024 18:15,12.56,13.46
1179,6/30/2024 18:30,11.63,13.18
1180,6/30/2024 18:45,12.22,13.18
1181,6/30/2024 19:00,12.07,13.26
1182,6/30/2024 19:15,11.79,13.44
1183,6/30/2024 19:30,11.98,13.54
1184,6/30/2024 19:45,12.03,13.92
1185,6/30/2024 20:00,11.6,13.74
1186,6/30/2024 20:15,11.4,13.12
1187,6/30/2024 20:30,11.35,13.06
1188,6/30/2024 20:45,11.68,13.18
1189,6/30/2024 21:00,11.59,13.42
1190,6/30/2024 21:15,11.33,13.1
1191,6/30/2024 21:30,11.23,12.96
1192,6/30/2024 21:45,11.21,12.94
1193,6/30/2024 22:00,11.16,12.92
1194,6/30/2024 22:15,11.07,12.9
1195,6/30/2024 22:30,10.9,12.8
1196,6/30/2024 22:45,10.84,12.68
1197,6/30/2024 23:00,10.76,12.58
1198,6/30/2024 23:15,10.96,12.58
1199,6/30/2024 23:30,11.04,12.64
1200,6/30/2024 23:45,10.98,12.68
1201,7/1/2024 0:00,10.9,12.64
1202,7/1/2024 0:15,10.89,12.64
1203,7/1/2024 0:30,10.98,12.62
1204,7/1/2024 0:45,10.72,12.6
1205,7/1/2024 1:00,10.89,12.62
1206,7/1/2024 1:15,10.93,12.62
1207,7/1/2024 1:30,10.96,12.64
1208,7/1/2024 1:45,11.21,12.64
1209,7/1/2024 2:00,11.39,12.68
1210,7/1/2024 2:15,11.35,12.72
1211,7/1/2024 2:30,11.3,12.72
1212,7/1/2024 2:45,11.24,12.7
1213,7/1/2024 3:00,10.86,12.7
1214,7/1/2024 3:15,11.02,12.66
1215,7/1/2024 3:30,11.14,12.62
1216,7/1/2024 3:45,11.47,12.8
1217,7/1/2024 4:00,11.42,12.76
1218,7/1/2024 4:15,11.42,12.76
1219,7/1/2024 4:30,11.42,12.8
1220,7/1/2024 4:45,10.52,12.96
1221,7/1/2024 5:00,10.97,12.84
1222,7/1/2024 5:15,10.4,12.74
1223,7/1/2024 5:30,10.69,12.6
1224,7/1/2024 5:45,10.8,12.66
1225,7/1/2024 6:00,10.87,12.74
1226,7/1/2024 6:15,10.89,12.8
1227,7/1/2024 6:30,10.91,12.88
1228,7/1/2024 6:45,10.97,12.92
1229,7/1/2024 7:00,10.9,12.94
1230,7/1/2024 7:15,11.1,13
1231,7/1/2024 7:30,11.16,13.1
1232,7/1/2024 7:45,11.24,13.14
1233,7/1/2024 8:00,11.3,13.16
1234,7/1/2024 8:15,11.36,13.16
1235,7/1/2024 8:30,11.25,13.2
1236,7/1/2024 8:45,11.31,13.2
1237,7/1/2024 9:00,11.05,13.22
1238,7/1/2024 9:15,11.12,13.24
1239,7/1/2024 9:30,11.35,13.28
1240,7/1/2024 9:45,11.38,13.3
1241,7/1/2024 10:00,11.46,13.32
1242,7/1/2024 10:15,11.54,13.36
1243,7/1/2024 10:30,11.61,13.36
1244,7/1/2024 10:45,11.3,13.36
1245,7/1/2024 11:00,11.23,13.3
1246,7/1/2024 11:15,11.1,13.26
1247,7/1/2024 11:30,11.3,13.34
1248,7/1/2024 11:45,11.53,13.52
1249,7/1/2024 12:00,11.49,13.5
1250,7/1/2024 12:15,11.49,13.48
1251,7/1/2024 12:30,11,13.08
1252,7/1/2024 12:45,10.61,12.88
1253,7/1/2024 13:00,10.61,12.68
1254,7/1/2024 13:15,10.43,12.62
1255,7/1/2024 13:30,10.48,12.52
1256,7/1/2024 13:45,10.1,12.32
1257,7/1/2024 14:00,10.06,12.16
1258,7/1/2024 14:15,9.96,12
1259,7/1/2024 14:30,9.88,11.9
1260,7/1/2024 14:45,9.87,11.88
1261,7/1/2024 15:00,9.84,11.88
1262,7/1/2024 15:15,9.87,11.9
1263,7/1/2024 15:30,9.82,11.86
1264,7/1/2024 15:45,9.78,11.92
1265,7/1/2024 16:00,10.32,12.42
1266,7/1/2024 16:15,11.05,13.1
1267,7/1/2024 16:30,10.83,12.98
1268,7/1/2024 16:45,10.94,12.94
1269,7/1/2024 17:00,11.11,12.98
1270,7/1/2024 17:15,10.86,12.8
1271,7/1/2024 17:30,10.75,12.68
1272,7/1/2024 17:45,10.66,12.64
1273,7/1/2024 18:00,10.64,12.62
1274,7/1/2024 18:15,10.73,12.66
1275,7/1/2024 18:30,11,12.76
1276,7/1/2024 18:45,11.17,12.88
1277,7/1/2024 19:00,11.03,12.88
1278,7/1/2024 19:15,11.81,13.18
1279,7/1/2024 19:30,10.93,13.16
1280,7/1/2024 19:45,11.73,13.12
1281,7/1/2024 20:00,11.81,13.74
1282,7/1/2024 20:15,11.02,13.4
1283,7/1/2024 20:30,12.34,13.82
1284,7/1/2024 20:45,11.82,13.6
1285,7/1/2024 21:00,11.36,13.2
1286,7/1/2024 21:15,11.52,13.14
1287,7/1/2024 21:30,11.45,13.08
1288,7/1/2024 21:45,11.16,12.94
1289,7/1/2024 22:00,11.24,12.92
1290,7/1/2024 22:15,11.1,12.96
1291,7/1/2024 22:30,11.05,12.88
1292,7/1/2024 22:45,10.91,12.88
1293,7/1/2024 23:00,10.88,12.78
1294,7/1/2024 23:15,10.9,12.74
1295,7/1/2024 23:30,10.88,12.72
1296,7/1/2024 23:45,10.67,12.68
1297,7/2/2024 0:00,10.45,12.5
1298,7/2/2024 0:15,10.4,12.38
1299,7/2/2024 0:30,10.16,12.34
1300,7/2/2024 0:45,9.99,12.24
1301,7/2/2024 1:00,12.49,12.62
1302,7/2/2024 1:15,12.35,12.9
1303,7/2/2024 1:30,12.65,12.98
1304,7/2/2024 1:45,12.57,13
1305,7/2/2024 2:00,12.42,13.02
1306,7/2/2024 2:15,12.3,13
1307,7/2/2024 2:30,12.16,12.98
1308,7/2/2024 2:45,13.27,13.1
1309,7/2/2024 3:00,12.84,13.1
1310,7/2/2024 3:15,12.55,13.06
1311,7/2/2024 3:30,12.45,13.04
1312,7/2/2024 3:45,12.45,13.04
1313,7/2/2024 4:00,12.52,13.02
1314,7/2/2024 4:15,12.06,13
1315,7/2/2024 4:30,12.14,12.96
1316,7/2/2024 4:45,12.21,12.92
1317,7/2/2024 5:00,12.35,12.94
1318,7/2/2024 5:15,12.44,12.98
1319,7/2/2024 5:30,12.42,12.96
1320,7/2/2024 5:45,12.38,12.96
1321,7/2/2024 6:00,12.48,12.96
1322,7/2/2024 6:15,11.75,13.02
1323,7/2/2024 6:30,11.09,12.88
1324,7/2/2024 6:45,11.11,12.92
1325,7/2/2024 7:00,11.11,12.98
1326,7/2/2024 7:15,11.11,13.04
1327,7/2/2024 7:30,11.02,13.02
1328,7/2/2024 7:45,10.98,13.04
1329,7/2/2024 8:00,11.07,13.04
1330,7/2/2024 8:15,11.08,13.08
1331,7/2/2024 8:30,11.14,13.1
1332,7/2/2024 8:45,11.12,13.1
1333,7/2/2024 9:00,11.14,13.12
1334,7/2/2024 9:15,11.23,13.22
1335,7/2/2024 9:30,11.17,13.22
1336,7/2/2024 9:45,11.24,13.22
1337,7/2/2024 10:00,11.24,13.26
1338,7/2/2024 10:15,11.32,13.26
1339,7/2/2024 10:30,11.42,13.32
1340,7/2/2024 10:45,11.5,13.36
1341,7/2/2024 11:00,11.58,13.4
1342,7/2/2024 11:15,11.4,13.38
1343,7/2/2024 11:30,11.37,13.38
1344,7/2/2024 11:45,11.56,13.5
1345,7/2/2024 12:00,11.26,13.44
1346,7/2/2024 12:15,11.71,13.58
1347,7/2/2024 12:30,11.7,13.64
1348,7/2/2024 12:45,11.52,13.48
1349,7/2/2024 13:00,10.97,13.16
1350,7/2/2024 13:15,11.22,13
1351,7/2/2024 13:30,10.67,12.56
1352,7/2/2024 13:45,10.34,12.22
1353,7/2/2024 14:00,10.24,12.1
1354,7/2/2024 14:15,10.25,12.04
1355,7/2/2024 14:30,10.83,12.32
1356,7/2/2024 14:45,10.68,12.3
1357,7/2/2024 15:00,10.61,12.28
1358,7/2/2024 15:15,11.52,13.1
1359,7/2/2024 15:30,11.21,13.18
1360,7/2/2024 15:45,11.56,13.22
1361,7/2/2024 16:00,12.05,13.94
1362,7/2/2024 16:15,11.65,13.62
1363,7/2/2024 16:30,11.35,13.1
1364,7/2/2024 16:45,11.09,12.78
1365,7/2/2024 17:00,11.22,12.64
1366,7/2/2024 17:15,10.95,12.48
1367,7/2/2024 17:30,11.09,12.88
1368,7/2/2024 17:45,10.94,12.82
1369,7/2/2024 18:00,11.51,13.16
1370,7/2/2024 18:15,11.24,12.94
1371,7/2/2024 18:30,11.21,12.86
1372,7/2/2024 18:45,11.3,12.94
1373,7/2/2024 19:00,11.04,12.82
1374,7/2/2024 19:15,11.19,12.84
1375,7/2/2024 19:30,11.6,12.98
1376,7/2/2024 19:45,11.45,13.06
1377,7/2/2024 20:00,11.38,12.94
1378,7/2/2024 20:15,11.26,12.8
1379,7/2/2024 20:30,11.21,12.7
1380,7/2/2024 20:45,11.17,12.66
1381,7/2/2024 21:00,10.64,12.56
1382,7/2/2024 21:15,10.91,12.46
1383,7/2/2024 21:30,11.04,12.5
1384,7/2/2024 21:45,11.61,13
1385,7/2/2024 22:00,11.89,13.34
1386,7/2/2024 22:15,12.92,13.3
1387,7/2/2024 22:30,13.19,13.2
1388,7/2/2024 22:45,12.3,13.34
1389,7/2/2024 23:00,11.59,13.04
1390,7/2/2024 23:15,11.86,12.9
1391,7/2/2024 23:30,12.08,13.04
1392,7/2/2024 23:45,11.96,13.06
1393,7/3/2024 0:00,11.58,12.92
1394,7/3/2024 0:15,11.57,12.92
1395,7/3/2024 0:30,11.79,13.1
1396,7/3/2024 0:45,11.65,13.02
1397,7/3/2024 1:00,11.58,12.96
1398,7/3/2024 1:15,12.85,13.14
1399,7/3/2024 1:30,12.73,13.06
1400,7/3/2024 1:45,12.58,13.02
1401,7/3/2024 2:00,13.15,13.04
1402,7/3/2024 2:15,13.4,13.06
1403,7/3/2024 2:30,13.43,13.08
1404,7/3/2024 2:45,13.41,13.1
1405,7/3/2024 3:00,13.32,13.12
1406,7/3/2024 3:15,13.04,13.1
1407,7/3/2024 3:30,12.94,13.08
1408,7/3/2024 3:45,12.92,13.1
1409,7/3/2024 4:00,12.81,13.1
1410,7/3/2024 4:15,12.99,13.1
1411,7/3/2024 4:30,12.85,13.1
1412,7/3/2024 4:45,12.93,13.08
1413,7/3/2024 5:00,12.98,13.06
1414,7/3/2024 5:15,13.01,13.06
1415,7/3/2024 5:30,13.04,13.06
1416,7/3/2024 5:45,13.05,13.06
1417,7/3/2024 6:00,13.14,13.06
1418,7/3/2024 6:15,13.2,13.08
1419,7/3/2024 6:30,13.19,13.06
1420,7/3/2024 6:45,11.89,13
1421,7/3/2024 7:00,11.3,12.88
1422,7/3/2024 7:15,11.1,12.9
1423,7/3/2024 7:30,11.07,12.98
1424,7/3/2024 7:45,11.14,13.02
1425,7/3/2024 8:00,11.1,13
1426,7/3/2024 8:15,11.11,13
1427,7/3/2024 8:30,11.05,13.02
1428,7/3/2024 8:45,11.05,13.02
1429,7/3/2024 9:00,11.11,13.04
1430,7/3/2024 9:15,10.93,13.04
1431,7/3/2024 9:30,11.1,13.08
1432,7/3/2024 9:45,10.91,13.08
1433,7/3/2024 10:00,11.01,13.1
1434,7/3/2024 10:15,11.56,13.24
1435,7/3/2024 10:30,11.39,13.32
1436,7/3/2024 10:45,11.52,13.4
1437,7/3/2024 11:00,11.28,13.48
1438,7/3/2024 11:15,11.49,13.48
1439,7/3/2024 11:30,11.39,13.46
1440,7/3/2024 11:45,11.35,13.46
1441,7/3/2024 12:00,11.66,13.5
1442,7/3/2024 12:15,11.49,13.64
1443,7/3/2024 12:30,11.96,13.74
1444,7/3/2024 12:45,11.75,13.68
1445,7/3/2024 13:00,11.95,13.84
1446,7/3/2024 13:15,11.75,13.74
1447,7/3/2024 13:30,11.11,13.32
1448,7/3/2024 13:45,10.81,13.04
1449,7/3/2024 14:00,10.65,12.76
1450,7/3/2024 14:15,10.22,12.32
1451,7/3/2024 14:30,10.12,12.14
1452,7/3/2024 14:45,10.11,12.06
1453,7/3/2024 15:00,10.15,12.06
1454,7/3/2024 15:15,10.32,12.12
1455,7/3/2024 15:30,10.36,12.2
1456,7/3/2024 15:45,10.3,12.16
1457,7/3/2024 16:00,10.53,12.18
1458,7/3/2024 16:15,10.22,12.2
1459,7/3/2024 16:30,10.06,12.08
1460,7/3/2024 16:45,10.16,12.06
1461,7/3/2024 17:00,10.11,12.08
1462,7/3/2024 17:15,10.04,12.04
1463,7/3/2024 17:30,10.13,12.08
1464,7/3/2024 17:45,10.16,12.12
1465,7/3/2024 18:00,10.55,12.3
1466,7/3/2024 18:15,10.75,12.6
1467,7/3/2024 18:30,10.88,12.62
1468,7/3/2024 18:45,11.11,12.7
1469,7/3/2024 19:00,11.11,12.78
1470,7/3/2024 19:15,11.17,12.78
1471,7/3/2024 19:30,11.49,12.92
1472,7/3/2024 19:45,11.31,12.96
1473,7/3/2024 20:00,11.22,12.84
1474,7/3/2024 20:15,11.22,12.8
1475,7/3/2024 20:30,11.29,12.82
1476,7/3/2024 20:45,11.11,12.86
1477,7/3/2024 21:00,11.44,12.92
1478,7/3/2024 21:15,11.28,12.9
1479,7/3/2024 21:30,11.35,12.88
1480,7/3/2024 21:45,10.93,12.8
1481,7/3/2024 22:00,11.02,12.84
1482,7/3/2024 22:15,11.23,12.84
1483,7/3/2024 22:30,11.24,12.86
1484,7/3/2024 22:45,11.38,12.84
1485,7/3/2024 23:00,11.49,12.88
1486,7/3/2024 23:15,11.63,12.98
1487,7/3/2024 23:30,11.65,13.02
1488,7/3/2024 23:45,11.26,12.92
1489,7/4/2024 0:00,11.28,12.84
1490,7/4/2024 0:15,11.02,12.82
1491,7/4/2024 0:30,11.29,12.9
1492,7/4/2024 0:45,11.18,12.96
1493,7/4/2024 1:00,10.95,12.9
1494,7/4/2024 1:15,12.06,13
1495,7/4/2024 1:30,11.7,13
1496,7/4/2024 1:45,11.32,12.9
1497,7/4/2024 2:00,11.11,12.78
1498,7/4/2024 2:15,10.68,12.68
1499,7/4/2024 2:30,10.64,12.6
1500,7/4/2024 2:45,10.67,12.58
1501,7/4/2024 3:00,10.65,12.58
1502,7/4/2024 3:15,10.61,12.58
1503,7/4/2024 3:30,10.55,12.58
1504,7/4/2024 3:45,10.88,12.64
1505,7/4/2024 4:00,10.5,12.6
1506,7/4/2024 4:15,11,12.66
1507,7/4/2024 4:30,10.91,12.66
1508,7/4/2024 4:45,10.87,12.64
1509,7/4/2024 5:00,10.87,12.64
1510,7/4/2024 5:15,11.18,12.7
1511,7/4/2024 5:30,10.94,12.64
1512,7/4/2024 5:45,10.81,12.58
1513,7/4/2024 6:00,10.87,12.54
1514,7/4/2024 6:15,11.12,12.5
1515,7/4/2024 6:30,11.25,12.58
1516,7/4/2024 6:45,10.97,12.6
1517,7/4/2024 7:00,11.22,12.62
1518,7/4/2024 7:15,10.39,12.6
1519,7/4/2024 7:30,10.5,12.64
1520,7/4/2024 7:45,10.74,12.72
1521,7/4/2024 8:00,10.94,12.74
1522,7/4/2024 8:15,11.08,12.82
1523,7/4/2024 8:30,11.11,12.9
1524,7/4/2024 8:45,11.14,12.96
1525,7/4/2024 9:00,11.16,13.06
1526,7/4/2024 9:15,11.17,13.06
1527,7/4/2024 9:30,11.23,13.04
1528,7/4/2024 9:45,11.54,13.12
1529,7/4/2024 10:00,11.54,13.16
1530,7/4/2024 10:15,11.19,13.2
1531,7/4/2024 10:30,11.14,13.24
1532,7/4/2024 10:45,11.08,13.26
1533,7/4/2024 11:00,11.26,13.28
1534,7/4/2024 11:15,11.3,13.32
1535,7/4/2024 11:30,11.17,13.34
1536,7/4/2024 11:45,11.8,13.48
1537,7/4/2024 12:00,11.65,13.6
1538,7/4/2024 12:15,11.68,13.64
1539,7/4/2024 12:30,11.64,13.68
1540,7/4/2024 12:45,11.46,13.54
1541,7/4/2024 13:00,11.61,13.5
1542,7/4/2024 13:15,11.38,13.56
1543,7/4/2024 13:30,11.72,13.9
1544,7/4/2024 13:45,11.57,13.72
1545,7/4/2024 14:00,11.37,13.56
1546,7/4/2024 14:15,11.18,13.28
1547,7/4/2024 14:30,10.73,12.98
1548,7/4/2024 14:45,10.4,12.62
1549,7/4/2024 15:00,10.36,12.44
1550,7/4/2024 15:15,10.51,12.36
1551,7/4/2024 15:30,10.58,12.36
1552,7/4/2024 15:45,10.52,12.34
1553,7/4/2024 16:00,10.45,12.26
1554,7/4/2024 16:15,10.47,12.24
1555,7/4/2024 16:30,9.96,12.14
1556,7/4/2024 16:45,9.94,11.98
1557,7/4/2024 17:00,9.87,11.96
1558,7/4/2024 17:15,9.97,11.98
1559,7/4/2024 17:30,9.92,11.98
1560,7/4/2024 17:45,9.96,12
1561,7/4/2024 18:00,9.94,12
1562,7/4/2024 18:15,9.94,12
1563,7/4/2024 18:30,9.89,11.98
1564,7/4/2024 18:45,10.24,12.1
1565,7/4/2024 19:00,10.22,12.16
1566,7/4/2024 19:15,10.26,12.18
1567,7/4/2024 19:30,10.22,12.18
1568,7/4/2024 19:45,10.19,12.16
1569,7/4/2024 20:00,10.15,12.14
1570,7/4/2024 20:15,10.11,12.1
1571,7/4/2024 20:30,10.15,12.16
1572,7/4/2024 20:45,10.09,12.26
1573,7/4/2024 21:00,10.2,12.4
1574,7/4/2024 21:15,10.71,12.54
1575,7/4/2024 21:30,11,12.74
1576,7/4/2024 21:45,11.54,12.84
1577,7/4/2024 22:00,11.04,12.66
1578,7/4/2024 22:15,11.03,12.56
1579,7/4/2024 22:30,11.16,12.56
1580,7/4/2024 22:45,11.02,12.54
1581,7/4/2024 23:00,11.18,12.52
1582,7/4/2024 23:15,10.83,12.46
1583,7/4/2024 23:30,11.38,12.54
1584,7/4/2024 23:45,10.79,12.52
1585,7/5/2024 0:00,11.1,12.8
1586,7/5/2024 0:15,10.5,12.78
1587,7/5/2024 0:30,10.58,12.52
1588,7/5/2024 0:45,10.69,12.64
1589,7/5/2024 1:00,10.81,12.9
1590,7/5/2024 1:15,10.73,12.96
1591,7/5/2024 1:30,10.79,12.92
1592,7/5/2024 1:45,10.65,12.88
1593,7/5/2024 2:00,10.66,12.92
1594,7/5/2024 2:15,10.54,12.92
1595,7/5/2024 2:30,11.39,12.9
1596,7/5/2024 2:45,11.18,12.9
1597,7/5/2024 3:00,10.91,12.88
1598,7/5/2024 3:15,10.68,12.86
1599,7/5/2024 3:30,10.61,12.82
1600,7/5/2024 3:45,10.57,12.78
1601,7/5/2024 4:00,10.66,12.82
1602,7/5/2024 4:15,14.13,13.32
1603,7/5/2024 4:30,14.22,13.54
1604,7/5/2024 4:45,14.57,13.58
1605,7/5/2024 5:00,14.53,13.62
1606,7/5/2024 5:15,14.7,13.64
1607,7/5/2024 5:30,14.32,13.64
1608,7/5/2024 5:45,14.61,13.64
1609,7/5/2024 6:00,13.9,13.62
1610,7/5/2024 6:15,14.07,13.62
1611,7/5/2024 6:30,14.1,13.62
1612,7/5/2024 6:45,14.25,13.6
1613,7/5/2024 7:00,14.69,13.56
1614,7/5/2024 7:15,14.91,13.58
1615,7/5/2024 7:30,14.83,13.6
1616,7/5/2024 7:45,14.55,13.6
1617,7/5/2024 8:00,14.32,13.58
1618,7/5/2024 8:15,14.5,13.58
1619,7/5/2024 8:30,15.06,13.62
1620,7/5/2024 8:45,15.41,13.66
1621,7/5/2024 9:00,13.2,13.54
1622,7/5/2024 9:15,12.87,13.5
1623,7/5/2024 9:30,12.21,13.4
1624,7/5/2024 9:45,11.93,13.38
1625,7/5/2024 10:00,12.08,13.36
1626,7/5/2024 10:15,12.86,13.4
1627,7/5/2024 10:30,11.45,13.32
1628,7/5/2024 10:45,11.5,13.36
1629,7/5/2024 11:00,11.59,13.44
1630,7/5/2024 11:15,11.6,13.5
1631,7/5/2024 11:30,11.63,13.48
1632,7/5/2024 11:45,11.58,13.54
1633,7/5/2024 12:00,12.16,13.76
1634,7/5/2024 12:15,11.89,13.78
1635,7/5/2024 12:30,11.92,13.86
1636,7/5/2024 12:45,12.06,14.04
1637,7/5/2024 13:00,12,14.08
1638,7/5/2024 13:15,12.02,14
1639,7/5/2024 13:30,12.15,13.94
1640,7/5/2024 13:45,11.99,13.88
1641,7/5/2024 14:00,11.61,13.74
1642,7/5/2024 14:15,12.03,14.32
1643,7/5/2024 14:30,12.34,14.32
1644,7/5/2024 14:45,11.93,13.9
1645,7/5/2024 15:00,11.31,13.46
1646,7/5/2024 15:15,10.82,12.86
1647,7/5/2024 15:30,10.8,12.66
1648,7/5/2024 15:45,10.46,12.4
1649,7/5/2024 16:00,10.77,12.4
1650,7/5/2024 16:15,10.69,12.44
1651,7/5/2024 16:30,10.67,12.4
1652,7/5/2024 16:45,10.8,12.48
1653,7/5/2024 17:00,10.59,12.32
1654,7/5/2024 17:15,10.5,12.34
1655,7/5/2024 17:30,10.16,12.18
1656,7/5/2024 17:45,9.96,12.04
1657,7/5/2024 18:00,9.85,12
1658,7/5/2024 18:15,9.87,11.96
1659,7/5/2024 18:30,9.99,12.06
1660,7/5/2024 18:45,9.89,12
1661,7/5/2024 19:00,10.09,12.06
1662,7/5/2024 19:15,10.22,12.2
1663,7/5/2024 19:30,10.46,12.36
1664,7/5/2024 19:45,10.3,12.3
1665,7/5/2024 20:00,10.3,12.22
1666,7/5/2024 20:15,10.19,12.18
1667,7/5/2024 20:30,10.2,12.14
1668,7/5/2024 20:45,10.22,12.16
1669,7/5/2024 21:00,10.11,12.3
1670,7/5/2024 21:15,11.8,12.94
1671,7/5/2024 21:30,11.44,13.12
1672,7/5/2024 21:45,11,12.86
1673,7/5/2024 22:00,11.15,12.76
1674,7/5/2024 22:15,11.23,12.76
1675,7/5/2024 22:30,11.32,12.74
1676,7/5/2024 22:45,11.25,12.68
1677,7/5/2024 23:00,11.1,12.6
1678,7/5/2024 23:15,11.07,12.54
1679,7/5/2024 23:30,10.81,12.62
1680,7/5/2024 23:45,10.93,12.52
1681,7/6/2024 0:00,11.02,12.48
1682,7/6/2024 0:15,10.68,12.52
1683,7/6/2024 0:30,10.55,12.34
1684,7/6/2024 0:45,10.51,12.34
1685,7/6/2024 1:00,10.53,12.38
1686,7/6/2024 1:15,10.74,12.5
1687,7/6/2024 1:30,11.11,12.9
1688,7/6/2024 1:45,10.96,13.06
1689,7/6/2024 2:00,10.98,13.08
1690,7/6/2024 2:15,10.86,13
1691,7/6/2024 2:30,10.73,12.96
1692,7/6/2024 2:45,10.54,12.96
1693,7/6/2024 3:00,10.62,12.98
1694,7/6/2024 3:15,10.57,12.92
1695,7/6/2024 3:30,10.79,12.86
1696,7/6/2024 3:45,10.44,12.8
1697,7/6/2024 4:00,10.53,12.8
1698,7/6/2024 4:15,10.46,12.78
1699,7/6/2024 4:30,10.3,12.7
1700,7/6/2024 4:45,10.02,12.78
1701,7/6/2024 5:00,12.12,12.9
1702,7/6/2024 5:15,12.8,13.12
1703,7/6/2024 5:30,12.78,13.14
1704,7/6/2024 5:45,13.04,13.18
1705,7/6/2024 6:00,12.86,13.16
1706,7/6/2024 6:15,12.91,13.18
1707,7/6/2024 6:30,12.97,13.24
1708,7/6/2024 6:45,13.47,13.34
1709,7/6/2024 7:00,14.83,13.68
1710,7/6/2024 7:15,13.78,13.58
1711,7/6/2024 7:30,14.03,13.46
1712,7/6/2024 7:45,14.21,13.52
1713,7/6/2024 8:00,14.07,13.44
1714,7/6/2024 8:15,14,13.58
1715,7/6/2024 8:30,14,13.58
1716,7/6/2024 8:45,13.72,13.38
1717,7/6/2024 9:00,14.2,13.4
1718,7/6/2024 9:15,14.28,13.44
1719,7/6/2024 9:30,14.45,13.58
1720,7/6/2024 9:45,12.63,13.66
1721,7/6/2024 10:00,12.13,13.54
1722,7/6/2024 10:15,11.78,13.54
1723,7/6/2024 10:30,11.79,13.5
1724,7/6/2024 10:45,11.49,13.46
1725,7/6/2024 11:00,11.71,13.46
1726,7/6/2024 11:15,11.99,13.52
1727,7/6/2024 11:30,12,13.6
1728,7/6/2024 11:45,11.63,13.56
1729,7/6/2024 12:00,11.71,13.6
1730,7/6/2024 12:15,11.7,13.7
1731,7/6/2024 12:30,11.84,13.72
1732,7/6/2024 12:45,11.82,13.78
1733,7/6/2024 13:00,11.98,13.9
1734,7/6/2024 13:15,12.12,14
1735,7/6/2024 13:30,12.39,14.16
1736,7/6/2024 13:45,12.3,14.22
1737,7/6/2024 14:00,12.43,14.22
1738,7/6/2024 14:15,12.24,14.12
1739,7/6/2024 14:30,11.72,13.9
1740,7/6/2024 14:45,11.57,13.58
1741,7/6/2024 15:00,11.6,13.56
1742,7/6/2024 15:15,11.91,13.68
1743,7/6/2024 15:30,11.31,13.42
1744,7/6/2024 15:45,11.03,13.12
1745,7/6/2024 16:00,10.93,12.76
1746,7/6/2024 16:15,11.07,12.66
1747,7/6/2024 16:30,10.77,12.44
1748,7/6/2024 16:45,10.94,12.48
1749,7/6/2024 17:00,10.84,12.48
1750,7/6/2024 17:15,10.73,12.46
1751,7/6/2024 17:30,10.9,12.4
1752,7/6/2024 17:45,10.57,12.42
1753,7/6/2024 18:00,10.57,12.26
1754,7/6/2024 18:15,10.51,12.3
1755,7/6/2024 18:30,10.22,12.2
1756,7/6/2024 18:45,9.95,12.1
1757,7/6/2024 19:00,10.06,12.12
1758,7/6/2024 19:15,9.96,12.1
1759,7/6/2024 19:30,10.01,12.08
1760,7/6/2024 19:45,10.13,12.16
1761,7/6/2024 20:00,10.34,12.28
1762,7/6/2024 20:15,10.74,12.44
1763,7/6/2024 20:30,10.39,12.42
1764,7/6/2024 20:45,10.25,12.28
1765,7/6/2024 21:00,10.25,12.2
1766,7/6/2024 21:15,10.23,12.2
1767,7/6/2024 21:30,10.25,12.3
1768,7/6/2024 21:45,10.27,12.38
1769,7/6/2024 22:00,10.22,12.34
1770,7/6/2024 22:15,10.47,12.68
1771,7/6/2024 22:30,10.82,12.76
1772,7/6/2024 22:45,10.89,12.78
1773,7/6/2024 23:00,11.08,12.84
1774,7/6/2024 23:15,11.08,12.78
1775,7/6/2024 23:30,11.33,12.78
1776,7/6/2024 23:45,11.28,12.72
1777,7/7/2024 0:00,11.14,12.64
1778,7/7/2024 0:15,11.23,12.62
1779,7/7/2024 0:30,11.18,12.76
1780,7/7/2024 0:45,10.8,12.52
1781,7/7/2024 1:00,10.96,12.52
1782,7/7/2024 1:15,10.86,12.54
1783,7/7/2024 1:30,10.77,12.52
1784,7/7/2024 1:45,10.75,12.62
1785,7/7/2024 2:00,10.81,12.74
1786,7/7/2024 2:15,10.83,12.8
1787,7/7/2024 2:30,10.81,12.9
1788,7/7/2024 2:45,10.79,12.94
1789,7/7/2024 3:00,10.6,12.96
1790,7/7/2024 3:15,10.71,12.96
1791,7/7/2024 3:30,10.59,12.98
1792,7/7/2024 3:45,10.73,13
1793,7/7/2024 4:00,10.69,12.98
1794,7/7/2024 4:15,10.54,12.96
1795,7/7/2024 4:30,10.52,12.92
1796,7/7/2024 4:45,10.62,12.88
1797,7/7/2024 5:00,10.15,12.9
1798,7/7/2024 5:15,10.88,12.9
1799,7/7/2024 5:30,10.81,12.9
1800,7/7/2024 5:45,10.36,12.9
1801,7/7/2024 6:00,10.69,12.9
1802,7/7/2024 6:15,10.89,12.9
1803,7/7/2024 6:30,10.68,12.9
1804,7/7/2024 6:45,10.59,12.88
1805,7/7/2024 7:00,10.46,12.76
1806,7/7/2024 7:15,10.44,12.7
1807,7/7/2024 7:30,10.53,12.66
1808,7/7/2024 7:45,10.52,12.78
1809,7/7/2024 8:00,10.8,12.88
1810,7/7/2024 8:15,11.3,12.92
1811,7/7/2024 8:30,11.32,13.04
1812,7/7/2024 8:45,11.29,13.18
1813,7/7/2024 9:00,11.09,13.02
1814,7/7/2024 9:15,11.19,13.02
1815,7/7/2024 9:30,11.18,13.18
1816,7/7/2024 9:45,11.12,13.3
1817,7/7/2024 10:00,11.32,13.18
1818,7/7/2024 10:15,11.33,13.1
1819,7/7/2024 10:30,11.44,13.18
1820,7/7/2024 10:45,11.46,13.36
1821,7/7/2024 11:00,11.5,13.4
1822,7/7/2024 11:15,11.5,13.58
1823,7/7/2024 11:30,11.71,13.6
1824,7/7/2024 11:45,11.71,13.58
1825,7/7/2024 12:00,12.28,13.88
1826,7/7/2024 12:15,11.63,13.76
1827,7/7/2024 12:30,11.61,13.72
1828,7/7/2024 12:45,11.65,13.74
1829,7/7/2024 13:00,11.77,13.68
1830,7/7/2024 13:15,11.88,13.74
1831,7/7/2024 13:30,11.94,13.82
1832,7/7/2024 13:45,11.99,13.84
1833,7/7/2024 14:00,12,13.86
1834,7/7/2024 14:15,12.1,13.94
1835,7/7/2024 14:30,12.17,14.1
1836,7/7/2024 14:45,12.16,13.98
1837,7/7/2024 15:00,12.33,14.22
1838,7/7/2024 15:15,12.28,14.2
1839,7/7/2024 15:30,12.06,14.02
1840,7/7/2024 15:45,12.09,14.02
1841,7/7/2024 16:00,11.79,13.8
1842,7/7/2024 16:15,11.37,13.54
1843,7/7/2024 16:30,10.9,13
1844,7/7/2024 16:45,11.12,12.96
1845,7/7/2024 17:00,10.74,12.68
1846,7/7/2024 17:15,10.68,12.44
1847,7/7/2024 17:30,10.93,12.54
1848,7/7/2024 17:45,11.05,12.6
1849,7/7/2024 18:00,11.09,12.62
1850,7/7/2024 18:15,10.41,12.38
1851,7/7/2024 18:30,10.87,12.44
1852,7/7/2024 18:45,10.82,12.54
1853,7/7/2024 19:00,10.37,12.34
1854,7/7/2024 19:15,10.1,12.18
1855,7/7/2024 19:30,10.05,12.1
1856,7/7/2024 19:45,10.05,12.08
1857,7/7/2024 20:00,10.04,12.08
1858,7/7/2024 20:15,10.03,12.06
1859,7/7/2024 20:30,10.03,12.06
1860,7/7/2024 20:45,10.29,12.2
1861,7/7/2024 21:00,10.32,12.24
1862,7/7/2024 21:15,10.26,12.26
1863,7/7/2024 21:30,10.24,12.26
1864,7/7/2024 21:45,10.18,12.24
1865,7/7/2024 22:00,10.2,12.24
1866,7/7/2024 22:15,9.78,12.32
1867,7/7/2024 22:30,9.69,12.52
1868,7/7/2024 22:45,9.75,12.52
1869,7/7/2024 23:00,10.33,12.66
1870,7/7/2024 23:15,10.24,12.54
1871,7/7/2024 23:30,10.53,12.62
1872,7/7/2024 23:45,11.1,12.76
1873,7/8/2024 0:00,11.12,12.82
1874,7/8/2024 0:15,10.89,12.72
1875,7/8/2024 0:30,10.79,12.62
1876,7/8/2024 0:45,10.83,12.78
1877,7/8/2024 1:00,10.97,12.76
1878,7/8/2024 1:15,10.87,12.74
1879,7/8/2024 1:30,10.74,12.68
1880,7/8/2024 1:45,10.58,12.66
1881,7/8/2024 2:00,10.54,12.62
1882,7/8/2024 2:15,10.81,12.6
1883,7/8/2024 2:30,11.04,12.86
1884,7/8/2024 2:45,11.09,13.06
1885,7/8/2024 3:00,10.9,13.06
1886,7/8/2024 3:15,10.74,13.12
1887,7/8/2024 3:30,10.82,13.14
1888,7/8/2024 3:45,10.89,13.14
1889,7/8/2024 4:00,10.72,13.14
1890,7/8/2024 4:15,10.93,13.16
1891,7/8/2024 4:30,10.74,13.16
1892,7/8/2024 4:45,10.94,13.08
1893,7/8/2024 5:00,10.89,13.04
1894,7/8/2024 5:15,10.81,13.02
1895,7/8/2024 5:30,10.26,13.06
1896,7/8/2024 5:45,10.97,13.06
1897,7/8/2024 6:00,11.05,13.06
1898,7/8/2024 6:15,11.05,13.08
1899,7/8/2024 6:30,11.04,13.06
1900,7/8/2024 6:45,10.47,13
1901,7/8/2024 7:00,10.47,12.96
1902,7/8/2024 7:15,10.73,13
1903,7/8/2024 7:30,10.98,12.96
1904,7/8/2024 7:45,11,12.94
1905,7/8/2024 8:00,10.81,12.92
1906,7/8/2024 8:15,10.79,12.84
1907,7/8/2024 8:30,10.83,12.9
1908,7/8/2024 8:45,10.83,13
1909,7/8/2024 9:00,11.58,13.06
1910,7/8/2024 9:15,11.73,13.38
1911,7/8/2024 9:30,11.68,13.54
1912,7/8/2024 9:45,11.64,13.38
1913,7/8/2024 10:00,11.71,13.42
1914,7/8/2024 10:15,11.98,13.32
1915,7/8/2024 10:30,11.8,13.56
1916,7/8/2024 10:45,11.58,13.6
1917,7/8/2024 11:00,11.44,13.3
1918,7/8/2024 11:15,11.44,13.3
1919,7/8/2024 11:30,11.5,13.46
1920,7/8/2024 11:45,11.64,13.64
1921,7/8/2024 12:00,11.65,14
1922,7/8/2024 12:15,11.96,14.08
1923,7/8/2024 12:30,11.75,13.92
1924,7/8/2024 12:45,11.75,13.86
1925,7/8/2024 13:00,11.66,13.8
1926,7/8/2024 13:15,11.67,13.72
1927,7/8/2024 13:30,11.89,13.74
1928,7/8/2024 13:45,12.29,14.02
1929,7/8/2024 14:00,12.19,14.08
1930,7/8/2024 14:15,12,14.04
1931,7/8/2024 14:30,12.42,14.28
1932,7/8/2024 14:45,12.52,14.28
1933,7/8/2024 15:00,12.31,14.22
1934,7/8/2024 15:15,12.2,14.1
1935,7/8/2024 15:30,12.22,14.02
1936,7/8/2024 15:45,12.07,13.96
1937,7/8/2024 16:00,11.87,13.92
1938,7/8/2024 16:15,12.36,14.02
1939,7/8/2024 16:30,12.51,14.44
1940,7/8/2024 16:45,12.48,14.54
1941,7/8/2024 17:00,11.99,14.02
1942,7/8/2024 17:15,11.7,13.72
1943,7/8/2024 17:30,11.36,13.28
1944,7/8/2024 17:45,11.15,12.98
1945,7/8/2024 18:00,11.28,12.72
1946,7/8/2024 18:15,11.08,12.6
1947,7/8/2024 18:30,10.57,12.44
1948,7/8/2024 18:45,10.48,12.34
1949,7/8/2024 19:00,10.17,12.2
1950,7/8/2024 19:15,10.09,12.16
1951,7/8/2024 19:30,10.1,12.12
1952,7/8/2024 19:45,10.1,12.12
1953,7/8/2024 20:00,10.05,12.12
1954,7/8/2024 20:15,10.03,12.12
1955,7/8/2024 20:30,10.08,12.12
1956,7/8/2024 20:45,10.1,12.14
1957,7/8/2024 21:00,10.09,12.14
1958,7/8/2024 21:15,10.12,12.16
1959,7/8/2024 21:30,10.23,12.18
1960,7/8/2024 21:45,10.36,12.34
1961,7/8/2024 22:00,10.32,12.34
1962,7/8/2024 22:15,10.25,12.32
1963,7/8/2024 22:30,10.2,12.34
1964,7/8/2024 22:45,10.1,12.32
1965,7/8/2024 23:00,10.08,12.3
1966,7/8/2024 23:15,10.36,12.5
1967,7/8/2024 23:30,10.79,12.78
1968,7/8/2024 23:45,11.16,13.04
1969,7/9/2024 0:00,11,12.94
1970,7/9/2024 0:15,10.77,12.68
1971,7/9/2024 0:30,10.87,12.66
1972,7/9/2024 0:45,10.73,12.62
1973,7/9/2024 1:00,10.77,12.62
1974,7/9/2024 1:15,10.54,12.62
1975,7/9/2024 1:30,10.52,12.54
1976,7/9/2024 1:45,10.47,12.54
1977,7/9/2024 2:00,10.23,12.58
1978,7/9/2024 2:15,10.65,12.5
1979,7/9/2024 2:30,10.84,12.62
1980,7/9/2024 2:45,11.1,12.88
1981,7/9/2024 3:00,11.32,13.16
1982,7/9/2024 3:15,11.36,13.3
1983,7/9/2024 3:30,11.33,13.4
1984,7/9/2024 3:45,11.3,13.42
1985,7/9/2024 4:00,11.15,13.36
1986,7/9/2024 4:15,10.96,13.38
1987,7/9/2024 4:30,10.82,13.36
1988,7/9/2024 4:45,10.94,13.34
1989,7/9/2024 5:00,11.05,13.32
1990,7/9/2024 5:15,10.94,13.3
1991,7/9/2024 5:30,11.04,13.26
1992,7/9/2024 5:45,11.03,13.2
1993,7/9/2024 6:00,11.03,13.2
1994,7/9/2024 6:15,11.03,13.2
1995,7/9/2024 6:30,10.81,13.2
1996,7/9/2024 6:45,10.88,13.2
1997,7/9/2024 7:00,11,13.2
1998,7/9/2024 7:15,10.88,13.2
1999,7/9/2024 7:30,10.77,13.22
2000,7/9/2024 7:45,10.71,13.2
2001,7/9/2024 8:00,10.9,13.22
2002,7/9/2024 8:15,11.1,13.26
2003,7/9/2024 8:30,11.22,13.26
2004,7/9/2024 8:45,11.17,13.24
2005,7/9/2024 9:00,11.05,13.12
2006,7/9/2024 9:15,11.21,13.14
2007,7/9/2024 9:30,10.98,13.2
2008,7/9/2024 9:45,11.4,13.36
2009,7/9/2024 10:00,11.93,13.5
2010,7/9/2024 10:15,11.86,13.68
2011,7/9/2024 10:30,11.56,13.58
2012,7/9/2024 10:45,11.89,13.64
2013,7/9/2024 11:00,12.15,13.72
2014,7/9/2024 11:15,12.37,13.9
2015,7/9/2024 11:30,12.2,13.86
2016,7/9/2024 11:45,11.7,13.62
2017,7/9/2024 12:00,11.85,13.58
2018,7/9/2024 12:15,11.95,13.7
2019,7/9/2024 12:30,11.95,14.04
2020,7/9/2024 12:45,12,14.24
2021,7/9/2024 13:00,11.96,14.12
2022,7/9/2024 13:15,11.94,14.12
2023,7/9/2024 13:30,11.87,13.92
2024,7/9/2024 13:45,12.12,14.1
2025,7/9/2024 14:00,12.05,14.04
2026,7/9/2024 14:15,12.06,14.2
2027,7/9/2024 14:30,12.09,14.14
2028,7/9/2024 14:45,12.15,14.06
2029,7/9/2024 15:00,12.07,14.04
2030,7/9/2024 15:15,12.02,14.08
2031,7/9/2024 15:30,12.2,14.2
2032,7/9/2024 15:45,12.5,14.28
2033,7/9/2024 16:00,11.66,14.38
2034,7/9/2024 16:15,12.2,14.42
2035,7/9/2024 16:30,12.46,14.16
2036,7/9/2024 16:45,12.36,14.24
2037,7/9/2024 17:00,12.53,14.42
2038,7/9/2024 17:15,12.77,14.4
2039,7/9/2024 17:30,12.59,14.44
2040,7/9/2024 17:45,12.45,14.24
2041,7/9/2024 18:00,11.87,13.96
2042,7/9/2024 18:15,11.24,13.64
2043,7/9/2024 18:30,10.94,13
2044,7/9/2024 18:45,10.59,12.58
2045,7/9/2024 19:00,10.36,12.34
2046,7/9/2024 19:15,10.5,12.3
2047,7/9/2024 19:30,10.64,12.4
2048,7/9/2024 19:45,10.79,12.54
2049,7/9/2024 20:00,10.65,12.48
2050,7/9/2024 20:15,10.69,12.44
2051,7/9/2024 20:30,10.74,12.48
2052,7/9/2024 20:45,10.38,12.38
2053,7/9/2024 21:00,10.29,12.26
2054,7/9/2024 21:15,10.3,12.24
2055,7/9/2024 21:30,10.19,12.22
2056,7/9/2024 21:45,10.29,12.24
2057,7/9/2024 22:00,10.31,12.26
2058,7/9/2024 22:15,10.47,12.36
2059,7/9/2024 22:30,10.34,12.38
2060,7/9/2024 22:45,10.29,12.36
2061,7/9/2024 23:00,10.32,12.36
2062,7/9/2024 23:15,10.23,12.36
2063,7/9/2024 23:30,10.22,12.4
2064,7/9/2024 23:45,10.89,12.82
2065,7/10/2024 0:00,10.76,12.86
2066,7/10/2024 0:15,10.87,12.86
2067,7/10/2024 0:30,10.68,12.74
2068,7/10/2024 0:45,10.76,12.66
2069,7/10/2024 1:00,10.75,12.68
2070,7/10/2024 1:15,10.93,12.78
2071,7/10/2024 1:30,10.66,12.8
2072,7/10/2024 1:45,10.38,12.86
2073,7/10/2024 2:00,10.47,12.68
2074,7/10/2024 2:15,10.68,12.54
2075,7/10/2024 2:30,10.79,12.58
2076,7/10/2024 2:45,10.94,12.72
2077,7/10/2024 3:00,11.15,12.92
2078,7/10/2024 3:15,11.33,13.12
2079,7/10/2024 3:30,11.43,13.32
2080,7/10/2024 3:45,11.46,13.4
2081,7/10/2024 4:00,11.36,13.4
2082,7/10/2024 4:15,11.32,13.34
2083,7/10/2024 4:30,11.22,13.3
2084,7/10/2024 4:45,11.24,13.34
2085,7/10/2024 5:00,11.28,13.36
2086,7/10/2024 5:15,11.24,13.36
2087,7/10/2024 5:30,11.09,13.36
2088,7/10/2024 5:45,11.11,13.36
2089,7/10/2024 6:00,11.28,13.36
2090,7/10/2024 6:15,11.28,13.38
2091,7/10/2024 6:30,11.3,13.36
2092,7/10/2024 6:45,11.28,13.36
2093,7/10/2024 7:00,11.22,13.38
2094,7/10/2024 7:15,11.24,13.4
2095,7/10/2024 7:30,11.15,13.4
2096,7/10/2024 7:45,11.49,13.42
2097,7/10/2024 8:00,11.18,13.44
2098,7/10/2024 8:15,11.44,13.44
2099,7/10/2024 8:30,11.68,13.5
2100,7/10/2024 8:45,11.84,13.5
2101,7/10/2024 9:00,11.61,13.56
2102,7/10/2024 9:15,11.64,13.68
2103,7/10/2024 9:30,11.56,13.58
2104,7/10/2024 9:45,11.57,13.52
2105,7/10/2024 10:00,11.36,13.48
2106,7/10/2024 10:15,11.82,13.68
2107,7/10/2024 10:30,11.87,13.66
2108,7/10/2024 10:45,12.33,13.68
2109,7/10/2024 11:00,12.43,13.78
2110,7/10/2024 11:15,12.7,13.8
2111,7/10/2024 11:30,12.71,13.88
2112,7/10/2024 11:45,12.83,13.96
2113,7/10/2024 12:00,12.9,14.28
2114,7/10/2024 12:15,13.2,14.48
2115,7/10/2024 12:30,12.29,14.36
2116,7/10/2024 12:45,13.64,14.1
2117,7/10/2024 13:00,12.31,13.9
2118,7/10/2024 13:15,12.2,13.92
2119,7/10/2024 13:30,12.13,14.02
2120,7/10/2024 13:45,12.27,14.08
2121,7/10/2024 14:00,12.02,14.1
2122,7/10/2024 14:15,12.15,14.06
2123,7/10/2024 14:30,12.21,13.98
2124,7/10/2024 14:45,12.16,13.96
2125,7/10/2024 15:00,12.35,14.04
2126,7/10/2024 15:15,13.18,14.32
2127,7/10/2024 15:30,12.56,14.34
2128,7/10/2024 15:45,12.95,14.56
2129,7/10/2024 16:00,12.98,14.68
2130,7/10/2024 16:15,12.87,14.82
2131,7/10/2024 16:30,12.95,14.64
2132,7/10/2024 16:45,12.84,14.72
2133,7/10/2024 17:00,12.63,14.48
2134,7/10/2024 17:15,12.83,14.52
2135,7/10/2024 17:30,12.87,14.54
2136,7/10/2024 17:45,12.9,14.58
2137,7/10/2024 18:00,12.3,14.46
2138,7/10/2024 18:15,12.74,14.4
2139,7/10/2024 18:30,12.36,14.12
2140,7/10/2024 18:45,11.98,13.98
2141,7/10/2024 19:00,11.51,13.58
2142,7/10/2024 19:15,11.45,13.54
2143,7/10/2024 19:30,11.21,13.38
2144,7/10/2024 19:45,10.34,12.78
2145,7/10/2024 20:00,10.25,12.44
2146,7/10/2024 20:15,10.17,12.26
2147,7/10/2024 20:30,10.23,12.22
2148,7/10/2024 20:45,10.31,12.26
2149,7/10/2024 21:00,10.32,12.26
2150,7/10/2024 21:15,10.31,12.26
2151,7/10/2024 21:30,10.4,12.3
2152,7/10/2024 21:45,10.37,12.32
2153,7/10/2024 22:00,10.34,12.28
2154,7/10/2024 22:15,10.3,12.3
2155,7/10/2024 22:30,10.34,12.34
2156,7/10/2024 22:45,10.36,12.38
2157,7/10/2024 23:00,10.32,12.42
2158,7/10/2024 23:15,10.33,12.42
2159,7/10/2024 23:30,10.37,12.46
2160,7/10/2024 23:45,10.19,12.5
2161,7/11/2024 0:00,10.17,12.52
2162,7/11/2024 0:15,10.12,12.64
2163,7/11/2024 0:30,10.11,12.7
2164,7/11/2024 0:45,10.67,12.9
2165,7/11/2024 1:00,10.88,12.78
2166,7/11/2024 1:15,10.86,12.74
2167,7/11/2024 1:30,10.76,12.68
2168,7/11/2024 1:45,10.64,12.88
2169,7/11/2024 2:00,10.47,12.86
2170,7/11/2024 2:15,10.66,12.88
2171,7/11/2024 2:30,10.82,12.7
2172,7/11/2024 2:45,10.79,12.64
2173,7/11/2024 3:00,10.91,12.7
2174,7/11/2024 3:15,11.29,13.04
2175,7/11/2024 3:30,11.39,13.2
2176,7/11/2024 3:45,11.45,13.32
2177,7/11/2024 4:00,11.46,13.36
2178,7/11/2024 4:15,11.53,13.42
2179,7/11/2024 4:30,11.63,13.54
2180,7/11/2024 4:45,11.54,13.58
2181,7/11/2024 5:00,11.59,13.56
2182,7/11/2024 5:15,11.24,13.56
2183,7/11/2024 5:30,11.49,13.56
2184,7/11/2024 5:45,11.53,13.58
2185,7/11/2024 6:00,11.37,13.58
2186,7/11/2024 6:15,11.35,13.56
2187,7/11/2024 6:30,11.26,13.56
2188,7/11/2024 6:45,10.81,13.56
2189,7/11/2024 7:00,11.14,13.54
2190,7/11/2024 7:15,11.15,13.52
2191,7/11/2024 7:30,11.26,13.5
2192,7/11/2024 7:45,11.15,13.52
2193,7/11/2024 8:00,11.57,13.58
2194,7/11/2024 8:15,11.74,13.6
2195,7/11/2024 8:30,11.77,13.58
2196,7/11/2024 8:45,11.88,13.58
2197,7/11/2024 9:00,11.92,13.62
2198,7/11/2024 9:15,11.96,13.66
2199,7/11/2024 9:30,12.06,13.72
2200,7/11/2024 9:45,11.79,13.68
2201,7/11/2024 10:00,11.74,13.7
2202,7/11/2024 10:15,11.58,13.78
2203,7/11/2024 10:30,11.67,13.72
2204,7/11/2024 10:45,11.68,13.66
2205,7/11/2024 11:00,11.66,13.62
2206,7/11/2024 11:15,12.45,13.76
2207,7/11/2024 11:30,12.56,13.88
2208,7/11/2024 11:45,12.57,14.12
2209,7/11/2024 12:00,13.01,14.12
2210,7/11/2024 12:15,13.37,14.04
2211,7/11/2024 12:30,13.49,14.22
2212,7/11/2024 12:45,13.77,14.5
2213,7/11/2024 13:00,14.06,14.88
2214,7/11/2024 13:15,14.27,15.04
2215,7/11/2024 13:30,14.47,14.92
2216,7/11/2024 13:45,14.14,15.12
2217,7/11/2024 14:00,13.68,14.98
2218,7/11/2024 14:15,14.17,15.02
2219,7/11/2024 14:30,12.44,14.3
2220,7/11/2024 14:45,12.44,14.26
2221,7/11/2024 15:00,12.69,14.26
2222,7/11/2024 15:15,12.28,14.22
2223,7/11/2024 15:30,12.74,14.58
2224,7/11/2024 15:45,12.55,14.32
2225,7/11/2024 16:00,12.51,14.28
2226,7/11/2024 16:15,12.44,14.28
2227,7/11/2024 16:30,12.46,14.32
2228,7/11/2024 16:45,12.52,14.26
2229,7/11/2024 17:00,12.63,14.34
2230,7/11/2024 17:15,12.35,14.44
2231,7/11/2024 17:30,12.39,14.26
2232,7/11/2024 17:45,12.6,14.14
2233,7/11/2024 18:00,12.45,14.2
2234,7/11/2024 18:15,12.79,14.28
2235,7/11/2024 18:30,12.79,14.36
2236,7/11/2024 18:45,12.99,14.42
2237,7/11/2024 19:00,12.94,14.46
2238,7/11/2024 19:15,12.9,14.42
2239,7/11/2024 19:30,12.52,14.24
2240,7/11/2024 19:45,12.53,14.22
2241,7/11/2024 20:00,12.5,14.04
2242,7/11/2024 20:15,12.48,13.92
2243,7/11/2024 20:30,12.26,13.64
2244,7/11/2024 20:45,12.02,13.44
2245,7/11/2024 21:00,11.91,13.34
2246,7/11/2024 21:15,11.92,13.32
2247,7/11/2024 21:30,11.38,13.16
2248,7/11/2024 21:45,11.37,13.08
2249,7/11/2024 22:00,11.63,13.22
2250,7/11/2024 22:15,11.79,13.28
2251,7/11/2024 22:30,11.73,13.34
2252,7/11/2024 22:45,11.95,13.34
2253,7/11/2024 23:00,11.95,13.36
2254,7/11/2024 23:15,11.92,13.34
2255,7/11/2024 23:30,11.81,13.3
2256,7/11/2024 23:45,11.64,13.26
2257,7/12/2024 0:00,11.51,13.22
2258,7/12/2024 0:15,11.4,13.16
2259,7/12/2024 0:30,11.29,13.16
2260,7/12/2024 0:45,12.09,13.54
2261,7/12/2024 1:00,12.01,13.6
2262,7/12/2024 1:15,12.01,13.56
2263,7/12/2024 1:30,11.98,13.5
2264,7/12/2024 1:45,11.87,13.54
2265,7/12/2024 2:00,11.81,13.46
2266,7/12/2024 2:15,11.63,13.6
2267,7/12/2024 2:30,11.45,13.34
2268,7/12/2024 2:45,11.79,13.48
2269,7/12/2024 3:00,11.74,13.58
2270,7/12/2024 3:15,11.43,13.54
2271,7/12/2024 3:30,11.4,13.38
2272,7/12/2024 3:45,11.54,13.44
2273,7/12/2024 4:00,11.72,13.62
2274,7/12/2024 4:15,11.66,13.66
2275,7/12/2024 4:30,11.74,13.68
2276,7/12/2024 4:45,11.67,13.7
2277,7/12/2024 5:00,11.71,13.74
2278,7/12/2024 5:15,11.6,13.74
2279,7/12/2024 5:30,11.43,13.74
2280,7/12/2024 5:45,11.58,13.74
2281,7/12/2024 6:00,11.53,13.74
2282,7/12/2024 6:15,11.14,13.74
2283,7/12/2024 6:30,11.53,13.74
2284,7/12/2024 6:45,11.23,13.72
2285,7/12/2024 7:00,11.67,13.72
2286,7/12/2024 7:15,11.84,13.76
2287,7/12/2024 7:30,11.88,13.82
2288,7/12/2024 7:45,11.37,13.82
2289,7/12/2024 8:00,11.65,13.8
2290,7/12/2024 8:15,12.05,13.8
2291,7/12/2024 8:30,11.75,13.8
2292,7/12/2024 8:45,11.82,13.88
2293,7/12/2024 9:00,11.84,13.84
2294,7/12/2024 9:15,11.71,13.86
2295,7/12/2024 9:30,11.82,13.92
2296,7/12/2024 9:45,12.05,13.98
2297,7/12/2024 10:00,11.58,13.98
2298,7/12/2024 10:15,12.36,14.08
2299,7/12/2024 10:30,11.71,14.08
2300,7/12/2024 10:45,12.24,14.08
2301,7/12/2024 11:00,11.98,14.08
2302,7/12/2024 11:15,12.1,14.16
2303,7/12/2024 11:30,12.55,14.18
2304,7/12/2024 11:45,12.41,14.06
2305,7/12/2024 12:00,13.05,14.38
2306,7/12/2024 12:15,13.21,14.44
2307,7/12/2024 12:30,12.81,14.38
2308,7/12/2024 12:45,13.25,14.5
2309,7/12/2024 13:00,13.32,14.58
2310,7/12/2024 13:15,13.35,14.66
2311,7/12/2024 13:30,13.63,14.92
2312,7/12/2024 13:45,13.37,15.2
2313,7/12/2024 14:00,13.32,15.3
2314,7/12/2024 14:15,13.13,15.3
2315,7/12/2024 14:30,13.16,15.5
2316,7/12/2024 14:45,13.6,15.54
2317,7/12/2024 15:00,14.95,15.76
2318,7/12/2024 15:15,15.67,15.74
2319,7/12/2024 15:30,13.83,15.24
2320,7/12/2024 15:45,13.13,14.96
2321,7/12/2024 16:00,12.94,14.66
2322,7/12/2024 16:15,12.81,14.6
2323,7/12/2024 16:30,13.82,14.76
2324,7/12/2024 16:45,13.79,15.3
2325,7/12/2024 17:00,13.6,15.18
2326,7/12/2024 17:15,13.26,15
2327,7/12/2024 17:30,13.14,14.78
2328,7/12/2024 17:45,13.18,14.7
2329,7/12/2024 18:00,12.91,14.68
2330,7/12/2024 18:15,12.79,14.6
2331,7/12/2024 18:30,12.76,14.64
2332,7/12/2024 18:45,12.37,14.56
2333,7/12/2024 19:00,12.05,14.24
2334,7/12/2024 19:15,11.98,13.88
2335,7/12/2024 19:30,12.56,14.32
2336,7/12/2024 19:45,14.32,14.94
2337,7/12/2024 20:00,15.03,14.98
2338,7/12/2024 20:15,14.33,14.98
2339,7/12/2024 20:30,14.28,14.94
2340,7/12/2024 20:45,14.12,14.86
2341,7/12/2024 21:00,13.79,14.82
2342,7/12/2024 21:15,14.04,14.86
2343,7/12/2024 21:30,14.63,14.74
2344,7/12/2024 21:45,15.03,14.8
2345,7/12/2024 22:00,14.92,14.74
2346,7/12/2024 22:15,15.41,14.86
2347,7/12/2024 22:30,15.24,14.88
2348,7/12/2024 22:45,15.25,14.82
2349,7/12/2024 23:00,15.11,14.74
2350,7/12/2024 23:15,15.2,14.76
2351,7/12/2024 23:30,15.06,14.72
2352,7/12/2024 23:45,14.85,14.66
2353,7/13/2024 0:00,14.71,14.64
2354,7/13/2024 0:15,14.42,14.6
2355,7/13/2024 0:30,14.24,14.58
2356,7/13/2024 0:45,14.41,14.62
2357,7/13/2024 1:00,14.33,14.58
2358,7/13/2024 1:15,14.97,14.62
2359,7/13/2024 1:30,14.81,14.7
2360,7/13/2024 1:45,13.64,14.9
2361,7/13/2024 2:00,14.06,14.9
2362,7/13/2024 2:15,14.05,14.86
2363,7/13/2024 2:30,13.57,14.9
2364,7/13/2024 2:45,13.44,14.86
2365,7/13/2024 3:00,14.68,14.88
2366,7/13/2024 3:15,14.05,14.82
2367,7/13/2024 3:30,13.62,14.72
2368,7/13/2024 3:45,13,14.64
2369,7/13/2024 4:00,12.52,14.1
2370,7/13/2024 4:15,12.44,13.84
2371,7/13/2024 4:30,12.38,13.92
2372,7/13/2024 4:45,12.1,13.98
2373,7/13/2024 5:00,12.16,14.04
2374,7/13/2024 5:15,12.05,14.04
2375,7/13/2024 5:30,12.12,14.04
2376,7/13/2024 5:45,12.15,14.04
2377,7/13/2024 6:00,12.17,14.04
2378,7/13/2024 6:15,12.07,14.16
2379,7/13/2024 6:30,12.33,14.14
2380,7/13/2024 6:45,12.29,14.16
2381,7/13/2024 7:00,12.33,14.18
2382,7/13/2024 7:15,12.23,14.2
2383,7/13/2024 7:30,12.22,14.22
2384,7/13/2024 7:45,12.24,14.22
2385,7/13/2024 8:00,12.52,14.26
2386,7/13/2024 8:15,12.3,14.22
2387,7/13/2024 8:30,12.2,14.22
2388,7/13/2024 8:45,11.88,14.18
2389,7/13/2024 9:00,12.06,14.06
2390,7/13/2024 9:15,11.6,13.88
2391,7/13/2024 9:30,12.65,14.08
2392,7/13/2024 9:45,12.52,14.34
2393,7/13/2024 10:00,12.5,14.36
2394,7/13/2024 10:15,12.41,14.42
2395,7/13/2024 10:30,12.73,14.56
2396,7/13/2024 10:45,12.94,14.72
2397,7/13/2024 11:00,13.02,14.58
2398,7/13/2024 11:15,12.76,14.4
2399,7/13/2024 11:30,12.8,14.32
2400,7/13/2024 11:45,12.15,14.66
2401,7/13/2024 12:00,12.45,14.92
2402,7/13/2024 12:15,12.64,14.72
2403,7/13/2024 12:30,12.93,14.88
2404,7/13/2024 12:45,13.36,14.68
2405,7/13/2024 13:00,13.46,14.58
2406,7/13/2024 13:15,13.62,14.78
2407,7/13/2024 13:30,13.44,14.68
2408,7/13/2024 13:45,13.51,14.46
2409,7/13/2024 14:00,13.53,14.5
2410,7/13/2024 14:15,13.5,14.56
2411,7/13/2024 14:30,13.51,14.44
2412,7/13/2024 14:45,14.88,14.4
2413,7/13/2024 15:00,12.74,14.66
2414,7/13/2024 15:15,13.64,14.68
2415,7/13/2024 15:30,14.32,15.2
2416,7/13/2024 15:45,14.22,15.48
2417,7/13/2024 16:00,14.73,15.68
2418,7/13/2024 16:15,15.59,16.28
2419,7/13/2024 16:30,16.18,16.44
2420,7/13/2024 16:45,14.2,15.88
2421,7/13/2024 17:00,13.88,15.9
2422,7/13/2024 17:15,14.12,15.44
2423,7/13/2024 17:30,14,15.42
2424,7/13/2024 17:45,14.33,15.34
2425,7/13/2024 18:00,14.27,15.42
2426,7/13/2024 18:15,14.06,15.5
2427,7/13/2024 18:30,14.12,15.44
2428,7/13/2024 18:45,14.31,15.38
2429,7/13/2024 19:00,14.54,15.42
2430,7/13/2024 19:15,14.66,15.48
2431,7/13/2024 19:30,15.57,15.98
2432,7/13/2024 19:45,16.56,16.24
2433,7/13/2024 20:00,16.6,16.24
2434,7/13/2024 20:15,16.65,16.26
2435,7/13/2024 20:30,16.67,16.32
2436,7/13/2024 20:45,16.94,16.32
2437,7/13/2024 21:00,16.99,16.3
2438,7/13/2024 21:15,16.87,16.24
2439,7/13/2024 21:30,16.64,16.18
2440,7/13/2024 21:45,16.81,16.08
2441,7/13/2024 22:00,16.95,16.04
2442,7/13/2024 22:15,16.96,15.96
2443,7/13/2024 22:30,17.01,16
2444,7/13/2024 22:45,17.06,16.08
2445,7/13/2024 23:00,17.07,16.08
2446,7/13/2024 23:15,16.72,16.08
2447,7/13/2024 23:30,16.4,15.94
2448,7/13/2024 23:45,16.39,15.84
2449,7/14/2024 0:00,16.42,15.82
2450,7/14/2024 0:15,16.51,15.86
2451,7/14/2024 0:30,16.56,15.88
2452,7/14/2024 0:45,16.42,15.88
2453,7/14/2024 1:00,16.36,15.78
2454,7/14/2024 1:15,16.39,15.66
2455,7/14/2024 1:30,15.8,15.68
2456,7/14/2024 1:45,16.09,15.74
2457,7/14/2024 2:00,16.5,15.86
2458,7/14/2024 2:15,15.97,15.96
2459,7/14/2024 2:30,16.19,15.98
2460,7/14/2024 2:45,15.8,16.08
2461,7/14/2024 3:00,15.61,16.06
2462,7/14/2024 3:15,15.93,15.96
2463,7/14/2024 3:30,15.8,15.94
2464,7/14/2024 3:45,15.16,15.76
2465,7/14/2024 4:00,15.04,15.18
2466,7/14/2024 4:15,15.11,15.08
2467,7/14/2024 4:30,14.92,15.08
2468,7/14/2024 4:45,14.78,15.06
2469,7/14/2024 5:00,14.2,15
2470,7/14/2024 5:15,13.54,14.88
2471,7/14/2024 5:30,13.16,14.72
2472,7/14/2024 5:45,12.91,14.58
2473,7/14/2024 6:00,12.87,14.52
2474,7/14/2024 6:15,12.67,14.5
2475,7/14/2024 6:30,13.16,14.56
2476,7/14/2024 6:45,12.57,14.54
2477,7/14/2024 7:00,12.55,14.5
2478,7/14/2024 7:15,12.49,14.48
2479,7/14/2024 7:30,12.28,14.48
2480,7/14/2024 7:45,12.85,14.54
2481,7/14/2024 8:00,12.86,14.56
2482,7/14/2024 8:15,12.59,14.58
2483,7/14/2024 8:30,12.6,14.58
2484,7/14/2024 8:45,12.7,14.6
2485,7/14/2024 9:00,12.65,14.6
2486,7/14/2024 9:15,12.79,14.56
2487,7/14/2024 9:30,13.01,14.56
2488,7/14/2024 9:45,13.36,14.56
2489,7/14/2024 10:00,12.94,14.7
2490,7/14/2024 10:15,12.93,14.78
2491,7/14/2024 10:30,13.08,14.66
2492,7/14/2024 10:45,13.48,14.9
2493,7/14/2024 11:00,13.39,15.08
2494,7/14/2024 11:15,13.57,15.16
2495,7/14/2024 11:30,14.29,15.22
2496,7/14/2024 11:45,14.15,15.18
2497,7/14/2024 12:00,14.13,15.22
2498,7/14/2024 12:15,15.16,15.5
2499,7/14/2024 12:30,15.18,15.52
2500,7/14/2024 12:45,14.52,15.38
2501,7/14/2024 13:00,15.18,15.38
2502,7/14/2024 13:15,15.5,15.36
2503,7/14/2024 13:30,15.68,15.36
2504,7/14/2024 13:45,15.7,15.42
2505,7/14/2024 14:00,15.55,15.58
2506,7/14/2024 14:15,15.74,15.84
2507,7/14/2024 14:30,15.75,15.86
2508,7/14/2024 14:45,16.1,15.94
2509,7/14/2024 15:00,15.7,16.2
2510,7/14/2024 15:15,15.3,15.26
2511,7/14/2024 15:30,16.51,15.52
2512,7/14/2024 15:45,16.7,16.82
2513,7/14/2024 16:00,16.64,17.12
2514,7/14/2024 16:15,16.56,17.02
2515,7/14/2024 16:30,16.51,16.9
2516,7/14/2024 16:45,16.4,16.88
2517,7/14/2024 17:00,16.37,16.92
2518,7/14/2024 17:15,16.43,16.94
2519,7/14/2024 17:30,16.05,17.18
2520,7/14/2024 17:45,16.5,17.1
2521,7/14/2024 18:00,16.68,17.26
2522,7/14/2024 18:15,16.66,17.32
2523,7/14/2024 18:30,16.66,16.9
2524,7/14/2024 18:45,16.19,16.1
2525,7/14/2024 19:00,15.94,15.56
2526,7/14/2024 19:15,15.63,15.24
2527,7/14/2024 19:30,15.29,15.12
2528,7/14/2024 19:45,16.46,16.7
2529,7/14/2024 20:00,16,16.74
2530,7/14/2024 20:15,15.8,16.82
2531,7/14/2024 20:30,17.29,17.3
2532,7/14/2024 20:45,17.22,17.38
2533,7/14/2024 21:00,17.31,17.18
2534,7/14/2024 21:15,16.88,17.16
2535,7/14/2024 21:30,16.93,17.08
2536,7/14/2024 21:45,17.08,16.88
2537,7/14/2024 22:00,17.48,17.18
2538,7/14/2024 22:15,17.12,16.98
2539,7/14/2024 22:30,17.01,16.92
2540,7/14/2024 22:45,16.84,16.82
2541,7/14/2024 23:00,16.8,17.28
2542,7/14/2024 23:15,16.7,17.46
2543,7/14/2024 23:30,16.58,17.2
2544,7/14/2024 23:45,16.56,17.1
2545,7/15/2024 0:00,16.84,17.2
2546,7/15/2024 0:15,16.73,17.08
2547,7/15/2024 0:30,16.6,16.92
2548,7/15/2024 0:45,16.84,16.8
2549,7/15/2024 1:00,16.74,16.78
2550,7/15/2024 1:15,16.86,16.76
2551,7/15/2024 1:30,17,16.7
2552,7/15/2024 1:45,16.78,16.58
2553,7/15/2024 2:00,16.56,16.56
2554,7/15/2024 2:15,16.92,16.76
2555,7/15/2024 2:30,16.65,16.88
2556,7/15/2024 2:45,16.72,16.9
2557,7/15/2024 3:00,16.54,16.94
2558,7/15/2024 3:15,16.63,16.94
2559,7/15/2024 3:30,16.58,16.94
2560,7/15/2024 3:45,16.3,16.9
2561,7/15/2024 4:00,15.66,16.86
2562,7/15/2024 4:15,15.7,16.54
2563,7/15/2024 4:30,15.68,16.68
2564,7/15/2024 4:45,15.57,16.6
2565,7/15/2024 5:00,15.36,16.48
2566,7/15/2024 5:15,15.05,16.28
2567,7/15/2024 5:30,14.56,15.84
2568,7/15/2024 5:45,13.97,15.48
2569,7/15/2024 6:00,13.39,15.04
2570,7/15/2024 6:15,12.8,14.84
2571,7/15/2024 6:30,12.67,14.7
2572,7/15/2024 6:45,13.75,15
2573,7/15/2024 7:00,13.29,14.88
2574,7/15/2024 7:15,12.93,14.96
2575,7/15/2024 7:30,12.99,15.02
2576,7/15/2024 7:45,12.92,15.04
2577,7/15/2024 8:00,12.91,15.06
2578,7/15/2024 8:15,12.88,15.04
2579,7/15/2024 8:30,13.02,15.02
2580,7/15/2024 8:45,13.42,15.24
2581,7/15/2024 9:00,13.19,15.28
2582,7/15/2024 9:15,13.22,15.22
2583,7/15/2024 9:30,13.06,15.16
2584,7/15/2024 9:45,12.83,15.14
2585,7/15/2024 10:00,12.62,15.1
2586,7/15/2024 10:15,12.84,15.06
2587,7/15/2024 10:30,12.62,15.14
2588,7/15/2024 10:45,13.32,15.1
2589,7/15/2024 11:00,13.18,15.16
2590,7/15/2024 11:15,12.77,15.28
2591,7/15/2024 11:30,13.11,15.36
2592,7/15/2024 11:45,13.33,15.46
2593,7/15/2024 12:00,13.58,15.4
2594,7/15/2024 12:15,13.47,15.32
2595,7/15/2024 12:30,13.37,15.2
2596,7/15/2024 12:45,13.05,15.18
2597,7/15/2024 13:00,13.42,15.16
2598,7/15/2024 13:15,13.51,15.28
2599,7/15/2024 13:30,13.84,15.28
2600,7/15/2024 13:45,14.25,14.94
2601,7/15/2024 14:00,14.5,14.96
2602,7/15/2024 14:15,14.49,15.22
2603,7/15/2024 14:30,14.75,15.26
2604,7/15/2024 14:45,15.13,15.32
2605,7/15/2024 15:00,15.66,15.54
2606,7/15/2024 15:15,15.52,15.72
2607,7/15/2024 15:30,15.66,15.8
2608,7/15/2024 15:45,15.62,15.82
,,,
,,,
,,,
,,,
,,,
,,,
,,,
,,,
,,,
,,,
,,,
,,,
,,,
,,,
,,,
,,,
,,,
,,,
,,,
,,,
,,,
,,,
,,,
,,,
,,,
,,,
,,,
,,,
,,,
,,,
,,,
,,,
,,,
,,,
,,,
,,,
,,,
,,,
,,,
,,,
,,,
,,,
,,,
,,,
,,,
,,,
,,,
,,,
,,,
,,,
,,,
,,,
,,,
,,,
,,,
,,,
,,,
,,,
,,,
,,,
,,,
,,,
,,,
,,,
,,,
,,,
,,,
,,,
,,,
,,,
,,,
,,,
,,,
,,,
,,,
,,,
,,,
,,,
,,,
,,,
,,,
,,,
,,,
,,,
,,,
,,,
,,,
,,,
,,,
,,,
,,,
,,,
,,,
,,,
,,,
,,,
,,,
,,,
,,,
,,,
,,,
,,,
,,,
,,,
,,,
,,,
,,,
,,,
,,,
,,,
,,,
,,,
,,,
,,,
,,,
,,,
,,,
,,,
,,,
,,,
,,,
,,,
,,,
,,,
,,,
,,,
,,,
,,,
,,,
,,,
,,,
,,,
,,,
,,,
,,,
,,,
,,,
,,,
,,,
,,,
,,,
,,,
,,,
,,,
,,,
,,,
,,,
,,,
,,,
,,,
,,,
,,,
,,,
,,,
,,,
,,,
,,,
,,,
,,,
,,,
,,,
,,,
,,,
,,,
,,,
,,,
,,,
,,,
,,,
,,,
,,,
,,,
,,,
,,,
,,,
,,,
,,,
,,,
,,,
,,,
