Plot Title: Thorndyke_DO_aug24_deploy,,,
#,"Date Time, GMT-07:00",DO_mgL,Temp_C
1,8/20/2024 13:00,9.11,19.86
2,8/20/2024 13:15,9,20.82
3,8/20/2024 13:30,8.75,21.76
4,8/20/2024 13:45,19.42,21.14
5,8/20/2024 14:00,20.43,17.9
6,8/20/2024 14:15,18.81,16.48
7,8/20/2024 14:30,18.79,16.18
8,8/20/2024 14:45,17.85,16.04
9,8/20/2024 15:00,15.36,15.7
10,8/20/2024 15:15,13.71,15.28
11,8/20/2024 15:30,12.25,15.16
12,8/20/2024 15:45,10.58,14.82
13,8/20/2024 16:00,9.7,14.78
14,8/20/2024 16:15,9.08,14.72
15,8/20/2024 16:30,8.77,14.5
16,8/20/2024 16:45,8.55,14.38
17,8/20/2024 17:00,8.48,14.22
18,8/20/2024 17:15,8.65,14.28
19,8/20/2024 17:30,8.7,14.32
20,8/20/2024 17:45,8.77,14.32
21,8/20/2024 18:00,8.73,14.3
22,8/20/2024 18:15,8.7,14.32
23,8/20/2024 18:30,8.69,14.34
24,8/20/2024 18:45,8.63,14.34
25,8/20/2024 19:00,8.56,14.32
26,8/20/2024 19:15,8.51,14.3
27,8/20/2024 19:30,8.45,14.26
28,8/20/2024 19:45,8.27,14.22
29,8/20/2024 20:00,7.89,13.94
30,8/20/2024 20:15,7.88,13.8
31,8/20/2024 20:30,8.09,13.9
32,8/20/2024 20:45,8.17,14.04
33,8/20/2024 21:00,8.09,14.14
34,8/20/2024 21:15,7.9,14.18
35,8/20/2024 21:30,8.01,14.16
36,8/20/2024 21:45,7.51,14.08
37,8/20/2024 22:00,7.35,13.84
38,8/20/2024 22:15,7.35,13.8
39,8/20/2024 22:30,7.32,13.92
40,8/20/2024 22:45,6.95,14.04
41,8/20/2024 23:00,7.32,14.06
42,8/20/2024 23:15,7.13,14.04
43,8/20/2024 23:30,7.13,14
44,8/20/2024 23:45,6.96,14
45,8/21/2024 0:00,6.84,14
46,8/21/2024 0:15,6.74,13.98
47,8/21/2024 0:30,6.59,13.94
48,8/21/2024 0:45,6.5,13.92
49,8/21/2024 1:00,6.35,13.88
50,8/21/2024 1:15,6.35,13.86
51,8/21/2024 1:30,6.64,13.82
52,8/21/2024 1:45,6.83,13.84
53,8/21/2024 2:00,7.09,13.9
54,8/21/2024 2:15,7.3,13.94
55,8/21/2024 2:30,7.49,13.98
56,8/21/2024 2:45,7.56,13.98
57,8/21/2024 3:00,7.57,13.98
58,8/21/2024 3:15,7.54,13.96
59,8/21/2024 3:30,7.5,13.94
60,8/21/2024 3:45,7.31,13.94
61,8/21/2024 4:00,6.92,13.94
62,8/21/2024 4:15,7.24,13.92
63,8/21/2024 4:30,7.33,13.9
64,8/21/2024 4:45,7.13,13.9
65,8/21/2024 5:00,7.09,13.82
66,8/21/2024 5:15,7.35,13.74
67,8/21/2024 5:30,7.71,13.8
68,8/21/2024 5:45,7.75,13.84
69,8/21/2024 6:00,7.68,13.82
70,8/21/2024 6:15,7.69,13.78
71,8/21/2024 6:30,7.67,13.8
72,8/21/2024 6:45,7.74,13.84
73,8/21/2024 7:00,7.84,13.88
74,8/21/2024 7:15,7.85,13.92
75,8/21/2024 7:30,7.85,13.94
76,8/21/2024 7:45,7.8,13.96
77,8/21/2024 8:00,7.74,13.98
78,8/21/2024 8:15,7.83,13.98
79,8/21/2024 8:30,7.88,14
80,8/21/2024 8:45,7.86,14.02
81,8/21/2024 9:00,7.84,14.06
82,8/21/2024 9:15,7.93,14.1
83,8/21/2024 9:30,7.85,14.14
84,8/21/2024 9:45,7.88,14.24
85,8/21/2024 10:00,9.11,14.46
86,8/21/2024 10:15,9.29,14.8
87,8/21/2024 10:30,9.49,15.06
88,8/21/2024 10:45,9.98,15.64
89,8/21/2024 11:00,9.95,15.78
90,8/21/2024 11:15,9.94,16.02
91,8/21/2024 11:30,9.88,16.26
92,8/21/2024 11:45,9.68,17
93,8/21/2024 12:00,9.49,17.9
94,8/21/2024 12:15,9.5,17.98
95,8/21/2024 12:30,9.36,18.58
96,8/21/2024 12:45,9.35,18.7
97,8/21/2024 13:00,9.16,19.54
98,8/21/2024 13:15,9,20.1
99,8/21/2024 13:30,9.05,19.8
100,8/21/2024 13:45,8.98,20.3
101,8/21/2024 14:00,8.84,20.92
102,8/21/2024 14:15,20.7,19.7
103,8/21/2024 14:30,24.46,17.58
104,8/21/2024 14:45,23.34,16.72
105,8/21/2024 15:00,18.78,16.12
106,8/21/2024 15:15,16.64,15.76
107,8/21/2024 15:30,14.94,15.46
108,8/21/2024 15:45,13.59,15.12
109,8/21/2024 16:00,11.3,14.9
110,8/21/2024 16:15,9.31,14.3
111,8/21/2024 16:30,8.97,14.18
112,8/21/2024 16:45,8.81,14.08
113,8/21/2024 17:00,8.6,13.96
114,8/21/2024 17:15,8.52,13.94
115,8/21/2024 17:30,8.36,13.92
116,8/21/2024 17:45,8.37,13.82
117,8/21/2024 18:00,8.17,13.7
118,8/21/2024 18:15,8.35,13.7
119,8/21/2024 18:30,8.4,13.76
120,8/21/2024 18:45,8.38,13.78
121,8/21/2024 19:00,8.34,13.78
122,8/21/2024 19:15,8.27,13.74
123,8/21/2024 19:30,8.28,13.74
124,8/21/2024 19:45,8.26,13.74
125,8/21/2024 20:00,8.21,13.74
126,8/21/2024 20:15,8.12,13.7
127,8/21/2024 20:30,8.04,13.68
128,8/21/2024 20:45,7.98,13.64
129,8/21/2024 21:00,7.93,13.62
130,8/21/2024 21:15,7.93,13.6
131,8/21/2024 21:30,8.11,14.16
132,8/21/2024 21:45,7.68,14.26
133,8/21/2024 22:00,7.6,13.58
134,8/21/2024 22:15,7.53,13.5
135,8/21/2024 22:30,7.45,13.5
136,8/21/2024 22:45,7.28,13.58
137,8/21/2024 23:00,7.02,13.68
138,8/21/2024 23:15,7.04,13.76
139,8/21/2024 23:30,6.87,13.78
140,8/21/2024 23:45,6.87,13.82
141,8/22/2024 0:00,6.8,13.82
142,8/22/2024 0:15,6.73,13.82
143,8/22/2024 0:30,6.57,13.78
144,8/22/2024 0:45,6.51,13.74
145,8/22/2024 1:00,6.55,13.7
146,8/22/2024 1:15,6.42,13.68
147,8/22/2024 1:30,6.31,13.68
148,8/22/2024 1:45,6.17,13.68
149,8/22/2024 2:00,6.24,13.62
150,8/22/2024 2:15,6.33,13.56
151,8/22/2024 2:30,7.09,13.52
152,8/22/2024 2:45,7.24,13.52
153,8/22/2024 3:00,7.4,13.52
154,8/22/2024 3:15,7.38,13.5
155,8/22/2024 3:30,7.37,13.5
156,8/22/2024 3:45,7.18,13.5
157,8/22/2024 4:00,7.15,13.48
158,8/22/2024 4:15,7,13.48
159,8/22/2024 4:30,6.8,13.5
160,8/22/2024 4:45,6.86,13.56
161,8/22/2024 5:00,6.9,13.6
162,8/22/2024 5:15,7.06,13.58
163,8/22/2024 5:30,7.12,13.48
164,8/22/2024 5:45,7.22,13.38
165,8/22/2024 6:00,7.29,13.32
166,8/22/2024 6:15,7.37,13.26
167,8/22/2024 6:30,7.39,13.24
168,8/22/2024 6:45,7.33,13.22
169,8/22/2024 7:00,7.4,13.24
170,8/22/2024 7:15,7.57,13.3
171,8/22/2024 7:30,7.6,13.36
172,8/22/2024 7:45,7.65,13.4
173,8/22/2024 8:00,7.68,13.42
174,8/22/2024 8:15,7.71,13.44
175,8/22/2024 8:30,7.73,13.46
176,8/22/2024 8:45,7.86,13.46
177,8/22/2024 9:00,7.88,13.48
178,8/22/2024 9:15,7.88,13.5
179,8/22/2024 9:30,7.91,13.5
180,8/22/2024 9:45,7.89,13.52
181,8/22/2024 10:00,7.89,13.56
182,8/22/2024 10:15,7.8,13.6
183,8/22/2024 10:30,8.26,13.66
184,8/22/2024 10:45,8.13,13.7
185,8/22/2024 11:00,8.36,13.78
186,8/22/2024 11:15,8.96,13.96
187,8/22/2024 11:30,9.99,14.4
188,8/22/2024 11:45,12.07,15.02
189,8/22/2024 12:00,16.55,15.86
190,8/22/2024 12:15,9.54,17.36
191,8/22/2024 12:30,9.49,17.24
192,8/22/2024 12:45,9.49,17.56
193,8/22/2024 13:00,9.58,17.28
194,8/22/2024 13:15,9.37,18.18
195,8/22/2024 13:30,9,19.62
196,8/22/2024 13:45,9.14,19
197,8/22/2024 14:00,9.25,18.58
198,8/22/2024 14:15,21.66,18.04
199,8/22/2024 14:30,22.81,17.52
200,8/22/2024 14:45,21.74,16.76
201,8/22/2024 15:00,17.67,15.98
202,8/22/2024 15:15,16.64,15.34
203,8/22/2024 15:30,17.57,15.36
204,8/22/2024 15:45,18.15,15.48
205,8/22/2024 16:00,17.85,15.52
206,8/22/2024 16:15,17.87,15.56
207,8/22/2024 16:30,18.28,15.64
208,8/22/2024 16:45,12.01,14.84
209,8/22/2024 17:00,10.5,14.58
210,8/22/2024 17:15,10.09,14.52
211,8/22/2024 17:30,10,14.48
212,8/22/2024 17:45,9.87,14.44
213,8/22/2024 18:00,9.62,14.42
214,8/22/2024 18:15,9.37,14.38
215,8/22/2024 18:30,8.73,14.12
216,8/22/2024 18:45,8.78,13.94
217,8/22/2024 19:00,9.17,14.16
218,8/22/2024 19:15,9.4,14.36
219,8/22/2024 19:30,9.36,14.42
220,8/22/2024 19:45,9.09,14.3
221,8/22/2024 20:00,8.89,14.14
222,8/22/2024 20:15,8.66,13.98
223,8/22/2024 20:30,8.61,13.9
224,8/22/2024 20:45,8.42,13.82
225,8/22/2024 21:00,8.37,13.76
226,8/22/2024 21:15,8.27,13.74
227,8/22/2024 21:30,8.28,13.74
228,8/22/2024 21:45,8.87,14
229,8/22/2024 22:00,8.19,14.1
230,8/22/2024 22:15,8.26,14.46
231,8/22/2024 22:30,6.85,13.62
232,8/22/2024 22:45,7.06,13.28
233,8/22/2024 23:00,7.01,13.22
234,8/22/2024 23:15,6.55,13.26
235,8/22/2024 23:30,6.51,13.36
236,8/22/2024 23:45,6.25,13.42
237,8/23/2024 0:00,6.46,13.6
238,8/23/2024 0:15,6.12,13.72
239,8/23/2024 0:30,6.58,13.94
240,8/23/2024 0:45,6.69,14.1
241,8/23/2024 1:00,6.59,14.14
242,8/23/2024 1:15,6.76,14.26
243,8/23/2024 1:30,6.4,14.28
244,8/23/2024 1:45,6.19,14.28
245,8/23/2024 2:00,5.87,14.28
246,8/23/2024 2:15,5.8,14.22
247,8/23/2024 2:30,5.58,14.2
248,8/23/2024 2:45,5.85,14.16
249,8/23/2024 3:00,5.99,14.1
250,8/23/2024 3:15,7.11,13.92
251,8/23/2024 3:30,7.1,13.84
252,8/23/2024 3:45,7.48,13.78
253,8/23/2024 4:00,7.31,13.74
254,8/23/2024 4:15,6.97,13.74
255,8/23/2024 4:30,7.05,13.7
256,8/23/2024 4:45,6.8,13.7
257,8/23/2024 5:00,6.7,13.7
258,8/23/2024 5:15,6.76,13.78
259,8/23/2024 5:30,6.75,13.82
260,8/23/2024 5:45,7.39,13.76
261,8/23/2024 6:00,7.72,13.68
262,8/23/2024 6:15,7.82,13.66
263,8/23/2024 6:30,7.85,13.64
264,8/23/2024 6:45,7.83,13.6
265,8/23/2024 7:00,7.95,13.56
266,8/23/2024 7:15,7.95,13.54
267,8/23/2024 7:30,7.99,13.54
268,8/23/2024 7:45,7.99,13.56
269,8/23/2024 8:00,7.99,13.54
270,8/23/2024 8:15,8.07,13.56
271,8/23/2024 8:30,8.08,13.56
272,8/23/2024 8:45,8.09,13.58
273,8/23/2024 9:00,8.09,13.6
274,8/23/2024 9:15,8.11,13.6
275,8/23/2024 9:30,8.06,13.62
276,8/23/2024 9:45,8.01,13.62
277,8/23/2024 10:00,8.02,13.62
278,8/23/2024 10:15,8.08,13.64
279,8/23/2024 10:30,7.99,13.64
280,8/23/2024 10:45,7.97,13.62
281,8/23/2024 11:00,7.84,13.6
282,8/23/2024 11:15,7.74,13.62
283,8/23/2024 11:30,7.6,13.62
284,8/23/2024 11:45,7.54,13.64
285,8/23/2024 12:00,7.57,13.66
286,8/23/2024 12:15,7.27,13.7
287,8/23/2024 12:30,7.45,13.74
288,8/23/2024 12:45,7.89,13.78
289,8/23/2024 13:00,8.3,13.84
290,8/23/2024 13:15,8.9,13.92
291,8/23/2024 13:30,9.37,13.94
292,8/23/2024 13:45,8.9,13.94
293,8/23/2024 14:00,8.39,13.94
294,8/23/2024 14:15,9.31,13.96
295,8/23/2024 14:30,9.15,14
296,8/23/2024 14:45,9.42,14.02
297,8/23/2024 15:00,9.78,14.02
298,8/23/2024 15:15,9.47,13.96
299,8/23/2024 15:30,9.43,13.94
300,8/23/2024 15:45,9.91,13.96
301,8/23/2024 16:00,9.96,13.96
302,8/23/2024 16:15,9.59,13.92
303,8/23/2024 16:30,9.53,13.9
304,8/23/2024 16:45,9.55,13.9
305,8/23/2024 17:00,9.59,13.9
306,8/23/2024 17:15,9.84,13.92
307,8/23/2024 17:30,9.27,13.82
308,8/23/2024 17:45,9.2,13.78
309,8/23/2024 18:00,9.08,13.76
310,8/23/2024 18:15,8.92,13.74
311,8/23/2024 18:30,8.72,13.68
312,8/23/2024 18:45,8.47,13.56
313,8/23/2024 19:00,8.4,13.54
314,8/23/2024 19:15,8.47,13.54
315,8/23/2024 19:30,8.64,13.6
316,8/23/2024 19:45,8.52,13.6
317,8/23/2024 20:00,8.39,13.54
318,8/23/2024 20:15,8.28,13.48
319,8/23/2024 20:30,8.28,13.48
320,8/23/2024 20:45,8.42,13.52
321,8/23/2024 21:00,8.49,13.56
322,8/23/2024 21:15,8.55,13.6
323,8/23/2024 21:30,8.56,13.6
324,8/23/2024 21:45,8.44,13.6
325,8/23/2024 22:00,8.39,13.6
326,8/23/2024 22:15,8.38,13.58
327,8/23/2024 22:30,8.33,13.6
328,8/23/2024 22:45,8.17,13.58
329,8/23/2024 23:00,8.02,13.56
330,8/23/2024 23:15,7.93,13.54
331,8/23/2024 23:30,7.54,13.5
332,8/23/2024 23:45,7.28,13.46
333,8/24/2024 0:00,6.73,13.46
334,8/24/2024 0:15,6.65,13.48
335,8/24/2024 0:30,7.29,13.58
336,8/24/2024 0:45,7.08,13.66
337,8/24/2024 1:00,6.61,13.68
338,8/24/2024 1:15,6.84,13.7
339,8/24/2024 1:30,6.53,13.72
340,8/24/2024 1:45,5.21,13.76
341,8/24/2024 2:00,3.99,13.76
342,8/24/2024 2:15,3.04,13.52
343,8/24/2024 2:30,10.48,13.34
344,8/24/2024 2:45,10.5,13.28
345,8/24/2024 3:00,10.51,13.28
346,8/24/2024 3:15,10.49,13.34
347,8/24/2024 3:30,6.82,13.36
348,8/24/2024 3:45,4.3,13.58
349,8/24/2024 4:00,5.12,13.62
350,8/24/2024 4:15,5.18,13.6
351,8/24/2024 4:30,5.68,13.54
352,8/24/2024 4:45,6.1,13.46
353,8/24/2024 5:00,6.14,13.42
354,8/24/2024 5:15,5.93,13.4
355,8/24/2024 5:30,5.81,13.44
356,8/24/2024 5:45,5.23,13.42
357,8/24/2024 6:00,5.18,13.44
358,8/24/2024 6:15,4.33,13.48
359,8/24/2024 6:30,7,13.3
360,8/24/2024 6:45,7.26,13.16
361,8/24/2024 7:00,7.39,13.14
362,8/24/2024 7:15,7.44,13.14
363,8/24/2024 7:30,7.58,13.14
364,8/24/2024 7:45,7.67,13.12
365,8/24/2024 8:00,7.66,13.1
366,8/24/2024 8:15,7.74,13.12
367,8/24/2024 8:30,7.81,13.12
368,8/24/2024 8:45,7.84,13.12
369,8/24/2024 9:00,7.9,13.12
370,8/24/2024 9:15,7.94,13.14
371,8/24/2024 9:30,7.95,13.14
372,8/24/2024 9:45,7.94,13.14
373,8/24/2024 10:00,7.95,13.14
374,8/24/2024 10:15,8.01,13.14
375,8/24/2024 10:30,8.08,13.16
376,8/24/2024 10:45,8.08,13.16
377,8/24/2024 11:00,8.06,13.16
378,8/24/2024 11:15,8.02,13.16
379,8/24/2024 11:30,8.04,13.16
380,8/24/2024 11:45,8.09,13.16
381,8/24/2024 12:00,8.08,13.16
382,8/24/2024 12:15,8.03,13.18
383,8/24/2024 12:30,8.02,13.2
384,8/24/2024 12:45,8.08,13.22
385,8/24/2024 13:00,8.04,13.24
386,8/24/2024 13:15,8.08,13.24
387,8/24/2024 13:30,8.18,13.26
388,8/24/2024 13:45,8.72,13.28
389,8/24/2024 14:00,9.28,13.32
390,8/24/2024 14:15,10.12,13.34
391,8/24/2024 14:30,10.43,13.38
392,8/24/2024 14:45,10.73,13.4
393,8/24/2024 15:00,10.71,13.42
394,8/24/2024 15:15,11.05,13.42
395,8/24/2024 15:30,10.61,13.44
396,8/24/2024 15:45,10.51,13.46
397,8/24/2024 16:00,10.22,13.46
398,8/24/2024 16:15,10.38,13.46
399,8/24/2024 16:30,10.26,13.44
400,8/24/2024 16:45,10.15,13.44
401,8/24/2024 17:00,9.79,13.42
402,8/24/2024 17:15,9.55,13.4
403,8/24/2024 17:30,9.66,13.4
404,8/24/2024 17:45,9.9,13.4
405,8/24/2024 18:00,9.78,13.4
406,8/24/2024 18:15,9.54,13.36
407,8/24/2024 18:30,9.67,13.38
408,8/24/2024 18:45,9.43,13.4
409,8/24/2024 19:00,9.51,13.4
410,8/24/2024 19:15,9.85,13.42
411,8/24/2024 19:30,10.04,13.44
412,8/24/2024 19:45,9.47,13.38
413,8/24/2024 20:00,8.57,13.26
414,8/24/2024 20:15,8.11,13.14
415,8/24/2024 20:30,7.94,13.1
416,8/24/2024 20:45,7.9,13.08
417,8/24/2024 21:00,7.85,13.06
418,8/24/2024 21:15,7.82,13.06
419,8/24/2024 21:30,7.84,13.06
420,8/24/2024 21:45,7.84,13.1
421,8/24/2024 22:00,7.86,13.12
422,8/24/2024 22:15,8,13.16
423,8/24/2024 22:30,8.06,13.2
424,8/24/2024 22:45,8.03,13.2
425,8/24/2024 23:00,8.03,13.2
426,8/24/2024 23:15,8.01,13.22
427,8/24/2024 23:30,8,13.22
428,8/24/2024 23:45,7.85,13.24
429,8/25/2024 0:00,7.46,13.16
430,8/25/2024 0:15,7.33,13.1
431,8/25/2024 0:30,7,13.1
432,8/25/2024 0:45,7.06,13.14
433,8/25/2024 1:00,7.3,13.22
434,8/25/2024 1:15,6.86,13.3
435,8/25/2024 1:30,6.39,13.32
436,8/25/2024 1:45,6.35,13.38
437,8/25/2024 2:00,5.15,13.48
438,8/25/2024 2:15,10.53,13.54
439,8/25/2024 2:30,10.5,13.78
440,8/25/2024 2:45,10.49,13.8
441,8/25/2024 3:00,10.48,13.84
442,8/25/2024 3:15,10.47,13.88
443,8/25/2024 3:30,10.47,13.9
444,8/25/2024 3:45,10.47,13.92
445,8/25/2024 4:00,10.46,13.94
446,8/25/2024 4:15,10.47,13.92
447,8/25/2024 4:30,10.48,13.88
448,8/25/2024 4:45,10.5,13.88
449,8/25/2024 5:00,10.47,13.96
450,8/25/2024 5:15,10.47,13.94
451,8/25/2024 5:30,3.62,13.54
452,8/25/2024 5:45,4.18,13.32
453,8/25/2024 6:00,4.52,13.22
454,8/25/2024 6:15,4.43,13.22
455,8/25/2024 6:30,4.38,13.2
456,8/25/2024 6:45,4.19,13.22
457,8/25/2024 7:00,4.01,13.24
458,8/25/2024 7:15,4.01,13.26
459,8/25/2024 7:30,3.99,13.26
460,8/25/2024 7:45,5.69,13.28
461,8/25/2024 8:00,7.33,13.38
462,8/25/2024 8:15,7.86,13.44
463,8/25/2024 8:30,8.22,13.48
464,8/25/2024 8:45,8.53,13.6
465,8/25/2024 9:00,8.73,13.68
466,8/25/2024 9:15,8.73,13.68
467,8/25/2024 9:30,8.87,13.68
468,8/25/2024 9:45,8.92,13.7
469,8/25/2024 10:00,8.92,13.7
470,8/25/2024 10:15,8.89,13.7
471,8/25/2024 10:30,8.92,13.7
472,8/25/2024 10:45,8.98,13.72
473,8/25/2024 11:00,9.08,13.72
474,8/25/2024 11:15,9.16,13.72
475,8/25/2024 11:30,9.18,13.7
476,8/25/2024 11:45,9.09,13.72
477,8/25/2024 12:00,9.26,13.74
478,8/25/2024 12:15,9.24,13.74
479,8/25/2024 12:30,9.41,13.76
480,8/25/2024 12:45,9.5,13.74
481,8/25/2024 13:00,9.54,13.7
482,8/25/2024 13:15,9.81,13.72
483,8/25/2024 13:30,9.84,13.76
484,8/25/2024 13:45,10.33,13.84
485,8/25/2024 14:00,10.71,13.9
486,8/25/2024 14:15,10.95,13.96
487,8/25/2024 14:30,13.18,13.98
488,8/25/2024 14:45,13.43,13.98
489,8/25/2024 15:00,12.96,13.96
490,8/25/2024 15:15,13.11,13.94
491,8/25/2024 15:30,13.81,14.06
492,8/25/2024 15:45,14.53,14.16
493,8/25/2024 16:00,15.34,14.24
494,8/25/2024 16:15,16.66,14.28
495,8/25/2024 16:30,16.1,14.26
496,8/25/2024 16:45,15.84,14.24
497,8/25/2024 17:00,15.14,14.22
498,8/25/2024 17:15,15.33,14.2
499,8/25/2024 17:30,15.38,14.24
500,8/25/2024 17:45,14.32,14.42
501,8/25/2024 18:00,14.16,14.52
502,8/25/2024 18:15,11.84,14.9
503,8/25/2024 18:30,12.81,14.78
504,8/25/2024 18:45,14.13,14.76
505,8/25/2024 19:00,14.69,14.58
506,8/25/2024 19:15,14.41,14.54
507,8/25/2024 19:30,14.07,14.58
508,8/25/2024 19:45,13.27,14.68
509,8/25/2024 20:00,13.63,14.66
510,8/25/2024 20:15,13.95,14.66
511,8/25/2024 20:30,13.76,14.68
512,8/25/2024 20:45,12.55,14.76
513,8/25/2024 21:00,12.25,14.92
514,8/25/2024 21:15,12.48,14.9
515,8/25/2024 21:30,11.81,14.92
516,8/25/2024 21:45,10.5,14.94
517,8/25/2024 22:00,9.6,15.06
518,8/25/2024 22:15,9.52,15.16
519,8/25/2024 22:30,9.23,15.16
520,8/25/2024 22:45,8.91,15.16
521,8/25/2024 23:00,8.47,15.1
522,8/25/2024 23:15,8.51,15.12
523,8/25/2024 23:30,9.43,15.04
524,8/25/2024 23:45,10.06,14.78
525,8/26/2024 0:00,9.82,14.36
526,8/26/2024 0:15,9.28,14.18
527,8/26/2024 0:30,8.87,14.02
528,8/26/2024 0:45,8.53,13.88
529,8/26/2024 1:00,8.21,13.84
530,8/26/2024 1:15,8.2,13.86
531,8/26/2024 1:30,7.91,13.94
532,8/26/2024 1:45,7.99,14.3
533,8/26/2024 2:00,7.69,14.58
534,8/26/2024 2:15,7.32,14.56
535,8/26/2024 2:30,6.82,14.54
536,8/26/2024 2:45,5.68,14.72
537,8/26/2024 3:00,10.59,13.04
538,8/26/2024 3:15,11.06,11.4
539,8/26/2024 3:30,11.21,10.88
540,8/26/2024 3:45,11.31,10.5
541,8/26/2024 4:00,11.38,10.28
542,8/26/2024 4:15,11.41,10.16
543,8/26/2024 4:30,11.46,10.02
544,8/26/2024 4:45,11.5,9.92
545,8/26/2024 5:00,11.51,9.82
546,8/26/2024 5:15,11.55,9.66
547,8/26/2024 5:30,11.58,9.58
548,8/26/2024 5:45,11.59,9.5
549,8/26/2024 6:00,11.62,9.44
550,8/26/2024 6:15,11.62,9.38
551,8/26/2024 6:30,11.64,9.52
552,8/26/2024 6:45,4.19,12.34
553,8/26/2024 7:00,5.51,13.4
554,8/26/2024 7:15,6.24,13.86
555,8/26/2024 7:30,6.42,13.94
556,8/26/2024 7:45,6.58,13.9
557,8/26/2024 8:00,7.1,13.6
558,8/26/2024 8:15,8,13.56
559,8/26/2024 8:30,7.77,13.62
560,8/26/2024 8:45,8.8,13.64
561,8/26/2024 9:00,8.71,13.66
562,8/26/2024 9:15,9.15,13.68
563,8/26/2024 9:30,9.24,13.72
564,8/26/2024 9:45,9.33,13.76
565,8/26/2024 10:00,9.27,13.76
566,8/26/2024 10:15,9.41,13.8
567,8/26/2024 10:30,9.24,13.8
568,8/26/2024 10:45,9.27,13.84
569,8/26/2024 11:00,9.28,13.8
570,8/26/2024 11:15,9.45,13.86
571,8/26/2024 11:30,9.36,13.86
572,8/26/2024 11:45,9.33,13.86
573,8/26/2024 12:00,9.27,13.88
574,8/26/2024 12:15,9.18,13.82
575,8/26/2024 12:30,9.1,13.8
576,8/26/2024 12:45,9,13.76
577,8/26/2024 13:00,8.88,13.74
578,8/26/2024 13:15,8.71,13.66
579,8/26/2024 13:30,8.6,13.56
580,8/26/2024 13:45,8.51,13.48
581,8/26/2024 14:00,8.51,13.46
582,8/26/2024 14:15,8.57,13.44
583,8/26/2024 14:30,8.65,13.46
584,8/26/2024 14:45,8.93,13.5
585,8/26/2024 15:00,9.2,13.52
586,8/26/2024 15:15,9.29,13.56
587,8/26/2024 15:30,9.38,13.58
588,8/26/2024 15:45,9.46,13.6
589,8/26/2024 16:00,9.8,13.6
590,8/26/2024 16:15,9.85,13.62
591,8/26/2024 16:30,9.66,13.6
592,8/26/2024 16:45,9.43,13.62
593,8/26/2024 17:00,9.37,13.64
594,8/26/2024 17:15,9.44,13.64
595,8/26/2024 17:30,9.57,13.68
596,8/26/2024 17:45,9.7,13.72
597,8/26/2024 18:00,10.17,13.76
598,8/26/2024 18:15,10.32,13.78
599,8/26/2024 18:30,10.48,13.8
600,8/26/2024 18:45,10.53,13.8
601,8/26/2024 19:00,10.17,13.8
602,8/26/2024 19:15,10.15,13.8
603,8/26/2024 19:30,10.17,13.9
604,8/26/2024 19:45,10.64,14
605,8/26/2024 20:00,10.38,14.04
606,8/26/2024 20:15,9.91,14.08
607,8/26/2024 20:30,9.95,14.1
608,8/26/2024 20:45,9.64,14.14
609,8/26/2024 21:00,9.29,14.16
610,8/26/2024 21:15,9.73,14.2
611,8/26/2024 21:30,9.33,14.16
612,8/26/2024 21:45,9.29,14.2
613,8/26/2024 22:00,9.09,14.24
614,8/26/2024 22:15,8.75,14.28
615,8/26/2024 22:30,9.45,14.3
616,8/26/2024 22:45,9.47,14.32
617,8/26/2024 23:00,8.86,14.34
618,8/26/2024 23:15,8.64,14.36
619,8/26/2024 23:30,8.86,14.38
620,8/26/2024 23:45,8.55,14.38
621,8/27/2024 0:00,8.52,14.38
622,8/27/2024 0:15,8.31,14.38
623,8/27/2024 0:30,8.22,14.38
624,8/27/2024 0:45,7.94,14.38
625,8/27/2024 1:00,8.26,14.38
626,8/27/2024 1:15,8.97,14.3
627,8/27/2024 1:30,9.19,14.24
628,8/27/2024 1:45,8.8,14.26
629,8/27/2024 2:00,7.77,14.36
630,8/27/2024 2:15,7.41,14.42
631,8/27/2024 2:30,7.35,14.46
632,8/27/2024 2:45,7.39,14.5
633,8/27/2024 3:00,7.24,14.52
634,8/27/2024 3:15,7.3,14.56
635,8/27/2024 3:30,7.11,14.54
636,8/27/2024 3:45,4.91,14.5
637,8/27/2024 4:00,10.43,13.84
638,8/27/2024 4:15,10.51,13.52
639,8/27/2024 4:30,10.57,13.42
640,8/27/2024 4:45,10.56,13.36
641,8/27/2024 5:00,10.58,13.38
642,8/27/2024 5:15,10.6,13.3
643,8/27/2024 5:30,10.64,13.14
644,8/27/2024 5:45,10.69,12.92
645,8/27/2024 6:00,10.74,12.88
646,8/27/2024 6:15,10.75,12.72
647,8/27/2024 6:30,10.85,12.42
648,8/27/2024 6:45,10.89,12.28
649,8/27/2024 7:00,10.92,12.3
650,8/27/2024 7:15,10.85,12.5
651,8/27/2024 7:30,10.86,12.56
652,8/27/2024 7:45,4.02,13.24
653,8/27/2024 8:00,2.91,14
654,8/27/2024 8:15,4.44,14.18
655,8/27/2024 8:30,5.57,14.26
656,8/27/2024 8:45,6.67,14.34
657,8/27/2024 9:00,7.92,14.36
658,8/27/2024 9:15,9.73,14.32
659,8/27/2024 9:30,10.36,14.3
660,8/27/2024 9:45,11.07,14.38
661,8/27/2024 10:00,11.67,14.44
662,8/27/2024 10:15,11.12,14.44
663,8/27/2024 10:30,11.12,14.42
664,8/27/2024 10:45,10.98,14.38
665,8/27/2024 11:00,10.74,14.36
666,8/27/2024 11:15,10.43,14.32
667,8/27/2024 11:30,10.67,14.38
668,8/27/2024 11:45,10.89,14.46
669,8/27/2024 12:00,10.87,14.44
670,8/27/2024 12:15,10.7,14.38
671,8/27/2024 12:30,10.32,14.32
672,8/27/2024 12:45,10.13,14.2
673,8/27/2024 13:00,10.07,14.1
674,8/27/2024 13:15,9.89,14.04
675,8/27/2024 13:30,9.69,13.94
676,8/27/2024 13:45,9.24,13.72
677,8/27/2024 14:00,9.28,13.54
678,8/27/2024 14:15,9.17,13.5
679,8/27/2024 14:30,9.27,13.5
680,8/27/2024 14:45,9.36,13.52
681,8/27/2024 15:00,9.52,13.62
682,8/27/2024 15:15,9.67,13.7
683,8/27/2024 15:30,9.77,13.76
684,8/27/2024 15:45,9.63,13.78
685,8/27/2024 16:00,9.84,13.9
686,8/27/2024 16:15,10,13.9
687,8/27/2024 16:30,10.13,13.94
688,8/27/2024 16:45,10.5,14.02
689,8/27/2024 17:00,10.85,14.06
690,8/27/2024 17:15,10.58,14.08
691,8/27/2024 17:30,10.61,14.1
692,8/27/2024 17:45,11.07,14.12
693,8/27/2024 18:00,11.54,14.22
694,8/27/2024 18:15,11.4,14.2
695,8/27/2024 18:30,11.39,14.24
696,8/27/2024 18:45,11.04,14.26
697,8/27/2024 19:00,10.93,14.26
698,8/27/2024 19:15,10.74,14.34
699,8/27/2024 19:30,10.35,14.38
700,8/27/2024 19:45,10.57,14.3
701,8/27/2024 20:00,11.05,14.36
702,8/27/2024 20:15,10.97,14.38
703,8/27/2024 20:30,10.46,14.4
704,8/27/2024 20:45,9.97,14.32
705,8/27/2024 21:00,9.96,14.28
706,8/27/2024 21:15,10.03,14.28
707,8/27/2024 21:30,9.88,14.26
708,8/27/2024 21:45,9.77,14.24
709,8/27/2024 22:00,9.88,14.22
710,8/27/2024 22:15,9.82,14.22
711,8/27/2024 22:30,9.63,14.2
712,8/27/2024 22:45,9.84,14.2
713,8/27/2024 23:00,9.63,14.18
714,8/27/2024 23:15,9.72,14.2
715,8/27/2024 23:30,9.46,14.22
716,8/27/2024 23:45,9.79,14.24
717,8/28/2024 0:00,9.75,14.28
718,8/28/2024 0:15,9.36,14.32
719,8/28/2024 0:30,8.82,14.3
720,8/28/2024 0:45,9.22,14.3
721,8/28/2024 1:00,9.09,14.26
722,8/28/2024 1:15,8.97,14.18
723,8/28/2024 1:30,8.83,14.16
724,8/28/2024 1:45,8.95,14.16
725,8/28/2024 2:00,9.01,14.16
726,8/28/2024 2:15,8.98,14.14
727,8/28/2024 2:30,8.68,14.14
728,8/28/2024 2:45,8.37,14.16
729,8/28/2024 3:00,8.25,14.16
730,8/28/2024 3:15,7.99,14.16
731,8/28/2024 3:30,7.59,14.16
732,8/28/2024 3:45,7.08,14.1
733,8/28/2024 4:00,7.24,13.86
734,8/28/2024 4:15,7.08,13.68
735,8/28/2024 4:30,6.08,13.46
736,8/28/2024 4:45,11.05,11.18
737,8/28/2024 5:00,11.81,8.82
738,8/28/2024 5:15,12.03,8.06
739,8/28/2024 5:30,12.14,7.74
740,8/28/2024 5:45,12.19,7.72
741,8/28/2024 6:00,12.07,7.96
742,8/28/2024 6:15,12.07,7.9
743,8/28/2024 6:30,12.21,7.46
744,8/28/2024 6:45,12.24,7.38
745,8/28/2024 7:00,11.6,8.98
746,8/28/2024 7:15,10.71,11.68
747,8/28/2024 7:30,10.32,12.74
748,8/28/2024 7:45,11.24,10.16
749,8/28/2024 8:00,11.45,9.94
750,8/28/2024 8:15,11.29,10.56
751,8/28/2024 8:30,11.09,11.44
752,8/28/2024 8:45,10.64,12.82
753,8/28/2024 9:00,10.52,13.46
754,8/28/2024 9:15,10.83,13.18
755,8/28/2024 9:30,11.06,13.46
756,8/28/2024 9:45,11.59,13.52
757,8/28/2024 10:00,10.85,13.58
758,8/28/2024 10:15,10.74,13.76
759,8/28/2024 10:30,11.81,13.98
760,8/28/2024 10:45,12.14,14.12
761,8/28/2024 11:00,12.36,14.16
762,8/28/2024 11:15,12.14,14.2
763,8/28/2024 11:30,12.19,14.24
764,8/28/2024 11:45,12.45,14.26
765,8/28/2024 12:00,12.36,14.3
766,8/28/2024 12:15,12.64,14.34
767,8/28/2024 12:30,12.91,14.4
768,8/28/2024 12:45,12.87,14.44
769,8/28/2024 13:00,13.09,14.5
770,8/28/2024 13:15,13.05,14.58
771,8/28/2024 13:30,11.59,14.54
772,8/28/2024 13:45,11.46,14.44
773,8/28/2024 14:00,11.07,14.26
774,8/28/2024 14:15,10.86,14.18
775,8/28/2024 14:30,10.64,14.2
776,8/28/2024 14:45,10.77,14.18
777,8/28/2024 15:00,10.85,14.2
778,8/28/2024 15:15,10.94,14.24
779,8/28/2024 15:30,11.03,14.28
780,8/28/2024 15:45,11.15,14.34
781,8/28/2024 16:00,11.19,14.36
782,8/28/2024 16:15,11.27,14.38
783,8/28/2024 16:30,11.41,14.42
784,8/28/2024 16:45,11.51,14.44
785,8/28/2024 17:00,11.84,14.42
786,8/28/2024 17:15,11.74,14.3
787,8/28/2024 17:30,11.5,14.1
788,8/28/2024 17:45,11.45,14.02
789,8/28/2024 18:00,11.35,14
790,8/28/2024 18:15,11.29,13.98
791,8/28/2024 18:30,11.25,13.94
792,8/28/2024 18:45,11.1,13.9
793,8/28/2024 19:00,10.97,13.88
794,8/28/2024 19:15,10.69,13.82
795,8/28/2024 19:30,10.56,13.82
796,8/28/2024 19:45,10.24,13.82
797,8/28/2024 20:00,10.16,13.84
798,8/28/2024 20:15,9.69,13.84
799,8/28/2024 20:30,9.29,13.86
800,8/28/2024 20:45,9.42,13.86
801,8/28/2024 21:00,9.18,13.88
802,8/28/2024 21:15,8.83,13.9
803,8/28/2024 21:30,8.48,13.9
804,8/28/2024 21:45,8.12,13.88
805,8/28/2024 22:00,7.76,13.9
806,8/28/2024 22:15,7.62,13.88
807,8/28/2024 22:30,7.71,13.9
808,8/28/2024 22:45,7.65,13.9
809,8/28/2024 23:00,7.84,13.92
810,8/28/2024 23:15,7.57,13.94
811,8/28/2024 23:30,7.32,14
812,8/28/2024 23:45,7.1,14
813,8/29/2024 0:00,9.16,14.02
814,8/29/2024 0:15,9.43,14.04
815,8/29/2024 0:30,9.53,14.04
816,8/29/2024 0:45,9.29,14.02
817,8/29/2024 1:00,8.83,13.98
818,8/29/2024 1:15,9.54,13.98
819,8/29/2024 1:30,9.28,13.94
820,8/29/2024 1:45,9.45,13.92
821,8/29/2024 2:00,8.88,13.88
822,8/29/2024 2:15,8.8,13.84
823,8/29/2024 2:30,9.13,13.82
824,8/29/2024 2:45,9.15,13.78
825,8/29/2024 3:00,9.08,13.78
826,8/29/2024 3:15,9.07,13.78
827,8/29/2024 3:30,8.91,13.78
828,8/29/2024 3:45,8.63,13.78
829,8/29/2024 4:00,8.37,13.78
830,8/29/2024 4:15,7.92,13.72
831,8/29/2024 4:30,7.66,13.72
832,8/29/2024 4:45,7.45,13.74
833,8/29/2024 5:00,7,13.74
834,8/29/2024 5:15,6.14,13.7
835,8/29/2024 5:30,5.46,13.38
836,8/29/2024 5:45,4.28,12.84
837,8/29/2024 6:00,11.24,10.82
838,8/29/2024 6:15,11.65,9.22
839,8/29/2024 6:30,11.81,8.78
840,8/29/2024 6:45,11.76,8.9
841,8/29/2024 7:00,11.02,10.88
842,8/29/2024 7:15,10.04,13.98
843,8/29/2024 7:30,9.46,16.32
844,8/29/2024 7:45,9,18.26
845,8/29/2024 8:00,8.2,21.82
846,8/29/2024 8:15,7.75,24.68
847,8/29/2024 8:30,7.48,26.82
848,8/29/2024 8:45,7.39,27.16
849,8/29/2024 9:00,7.9,24.32
850,8/29/2024 9:15,8.18,23.42
851,8/29/2024 9:30,7.92,25.84
852,8/29/2024 9:45,8.24,23.42
853,8/29/2024 10:00,8.22,23.16
854,8/29/2024 10:15,15.48,15.98
855,8/29/2024 10:30,16.97,15.04
856,8/29/2024 10:45,15.79,14.78
857,8/29/2024 11:00,14.52,14.6
858,8/29/2024 11:15,14.33,14.6
859,8/29/2024 11:30,14.02,14.6
860,8/29/2024 11:45,14.08,14.62
861,8/29/2024 12:00,14.26,14.66
862,8/29/2024 12:15,14.48,14.66
863,8/29/2024 12:30,14.38,14.7
864,8/29/2024 12:45,14.5,14.74
865,8/29/2024 13:00,14.63,14.78
866,8/29/2024 13:15,14.97,14.84
867,8/29/2024 13:30,14.94,14.9
868,8/29/2024 13:45,14.77,15
869,8/29/2024 14:00,13.69,14.92
870,8/29/2024 14:15,12.47,14.78
871,8/29/2024 14:30,11.5,14.54
872,8/29/2024 14:45,11.3,14.34
873,8/29/2024 15:00,10.96,14.2
874,8/29/2024 15:15,10.73,14.06
875,8/29/2024 15:30,10.58,14
876,8/29/2024 15:45,10.4,13.96
877,8/29/2024 16:00,10.34,13.96
878,8/29/2024 16:15,10.38,13.94
879,8/29/2024 16:30,10.43,13.94
880,8/29/2024 16:45,10.39,13.94
881,8/29/2024 17:00,10.39,13.94
882,8/29/2024 17:15,10.42,13.96
883,8/29/2024 17:30,10.4,13.96
884,8/29/2024 17:45,10.39,13.96
885,8/29/2024 18:00,10.39,13.94
886,8/29/2024 18:15,10.35,13.94
887,8/29/2024 18:30,10.32,13.94
888,8/29/2024 18:45,10.29,13.94
889,8/29/2024 19:00,10.21,13.94
890,8/29/2024 19:15,10.12,13.94
891,8/29/2024 19:30,10.06,13.94
892,8/29/2024 19:45,10.03,13.94
893,8/29/2024 20:00,9.9,13.92
894,8/29/2024 20:15,9.87,13.9
895,8/29/2024 20:30,9.84,13.88
896,8/29/2024 20:45,9.62,13.86
897,8/29/2024 21:00,9.47,13.86
898,8/29/2024 21:15,9.17,13.86
899,8/29/2024 21:30,8.89,13.86
900,8/29/2024 21:45,8.66,13.86
901,8/29/2024 22:00,8.82,13.82
902,8/29/2024 22:15,8.84,13.8
903,8/29/2024 22:30,9.15,13.8
904,8/29/2024 22:45,9.1,13.8
905,8/29/2024 23:00,8.98,13.8
906,8/29/2024 23:15,8.88,13.8
907,8/29/2024 23:30,8.82,13.82
908,8/29/2024 23:45,8.9,13.82
909,8/30/2024 0:00,8.93,13.8
910,8/30/2024 0:15,8.92,13.8
911,8/30/2024 0:30,9.1,13.8
912,8/30/2024 0:45,9,13.82
913,8/30/2024 1:00,9.22,13.84
914,8/30/2024 1:15,9.08,13.82
915,8/30/2024 1:30,8.84,13.82
916,8/30/2024 1:45,8.71,13.78
917,8/30/2024 2:00,8.56,13.7
918,8/30/2024 2:15,7.89,13.64
919,8/30/2024 2:30,7.89,13.56
920,8/30/2024 2:45,8.04,13.52
921,8/30/2024 3:00,8.07,13.52
922,8/30/2024 3:15,8.11,13.52
923,8/30/2024 3:30,8.06,13.5
924,8/30/2024 3:45,7.85,13.48
925,8/30/2024 4:00,7.86,13.46
926,8/30/2024 4:15,7.83,13.46
927,8/30/2024 4:30,7.88,13.42
928,8/30/2024 4:45,7.81,13.4
929,8/30/2024 5:00,7.53,13.4
930,8/30/2024 5:15,7.41,13.42
931,8/30/2024 5:30,7.35,13.38
932,8/30/2024 5:45,7,13.36
933,8/30/2024 6:00,6.55,13.36
934,8/30/2024 6:15,6.06,13.36
935,8/30/2024 6:30,5.35,13.28
936,8/30/2024 6:45,4.56,12.82
937,8/30/2024 7:00,10.57,12.4
938,8/30/2024 7:15,9.82,14.96
939,8/30/2024 7:30,9.13,18.02
940,8/30/2024 7:45,8.55,20.7
941,8/30/2024 8:00,8.11,22.92
942,8/30/2024 8:15,7.71,25.6
943,8/30/2024 8:30,7.37,27.98
944,8/30/2024 8:45,7.41,26.7
945,8/30/2024 9:00,7.77,25.12
946,8/30/2024 9:15,7.84,25.68
947,8/30/2024 9:30,7.93,25.32
948,8/30/2024 9:45,8.04,24.64
949,8/30/2024 10:00,8.24,24.02
950,8/30/2024 10:15,8.3,23.76
951,8/30/2024 10:30,8.42,23.02
952,8/30/2024 10:45,8.62,22.34
953,8/30/2024 11:00,9.09,20.16
954,8/30/2024 11:15,18.21,16.82
955,8/30/2024 11:30,18.99,16.42
956,8/30/2024 11:45,17.14,15.62
957,8/30/2024 12:00,17.73,15.4
958,8/30/2024 12:15,15.78,15.06
959,8/30/2024 12:30,15.84,14.92
960,8/30/2024 12:45,15.54,14.86
961,8/30/2024 13:00,15.67,14.88
962,8/30/2024 13:15,15.86,15
963,8/30/2024 13:30,15.9,15.06
964,8/30/2024 13:45,15.73,15.04
965,8/30/2024 14:00,15.73,15.08
966,8/30/2024 14:15,15.83,15.12
967,8/30/2024 14:30,15.83,15.14
968,8/30/2024 14:45,15.16,15.16
969,8/30/2024 15:00,11.85,14.94
970,8/30/2024 15:15,11.31,14.42
971,8/30/2024 15:30,11.27,14.28
972,8/30/2024 15:45,10.59,14.06
973,8/30/2024 16:00,10.22,13.9
974,8/30/2024 16:15,9.14,13.48
975,8/30/2024 16:30,9.11,13.34
976,8/30/2024 16:45,9.46,13.52
977,8/30/2024 17:00,9.94,13.78
978,8/30/2024 17:15,10.07,13.82
979,8/30/2024 17:30,10.17,13.84
980,8/30/2024 17:45,10.18,13.86
981,8/30/2024 18:00,10.17,13.88
982,8/30/2024 18:15,10.06,13.84
983,8/30/2024 18:30,10.06,13.84
984,8/30/2024 18:45,10.03,13.86
985,8/30/2024 19:00,10.02,13.86
986,8/30/2024 19:15,9.96,13.92
987,8/30/2024 19:30,9.75,13.92
988,8/30/2024 19:45,9.55,13.94
989,8/30/2024 20:00,9.53,13.92
990,8/30/2024 20:15,9.55,13.9
991,8/30/2024 20:30,9.53,13.86
992,8/30/2024 20:45,9.49,13.8
993,8/30/2024 21:00,9.35,13.76
994,8/30/2024 21:15,9.2,13.74
995,8/30/2024 21:30,9.06,13.74
996,8/30/2024 21:45,8.95,13.76
997,8/30/2024 22:00,8.64,13.76
998,8/30/2024 22:15,7.69,13.76
999,8/30/2024 22:30,7.74,13.76
1000,8/30/2024 22:45,8.01,13.74
1001,8/30/2024 23:00,8.42,13.76
1002,8/30/2024 23:15,8.56,13.72
1003,8/30/2024 23:30,8.48,13.68
1004,8/30/2024 23:45,8.38,13.68
1005,8/31/2024 0:00,8.42,13.7
1006,8/31/2024 0:15,8.48,13.7
1007,8/31/2024 0:30,8.63,13.7
1008,8/31/2024 0:45,8.52,13.7
1009,8/31/2024 1:00,8.47,13.7
1010,8/31/2024 1:15,8.37,13.7
1011,8/31/2024 1:30,8.55,13.7
1012,8/31/2024 1:45,8.7,13.7
1013,8/31/2024 2:00,8.71,13.68
1014,8/31/2024 2:15,8.58,13.68
1015,8/31/2024 2:30,8.38,13.68
1016,8/31/2024 2:45,8.22,13.66
1017,8/31/2024 3:00,8.13,13.64
1018,8/31/2024 3:15,8.02,13.58
1019,8/31/2024 3:30,7.9,13.56
1020,8/31/2024 3:45,7.84,13.56
1021,8/31/2024 4:00,7.71,13.56
1022,8/31/2024 4:15,7.42,13.54
1023,8/31/2024 4:30,7.26,13.54
1024,8/31/2024 4:45,7.18,13.54
1025,8/31/2024 5:00,7.42,13.54
1026,8/31/2024 5:15,7.89,13.52
1027,8/31/2024 5:30,7.84,13.48
1028,8/31/2024 5:45,7.76,13.46
1029,8/31/2024 6:00,7.63,13.44
1030,8/31/2024 6:15,7.47,13.44
1031,8/31/2024 6:30,6.95,13.44
1032,8/31/2024 6:45,6.75,13.44
1033,8/31/2024 7:00,6.32,13.46
1034,8/31/2024 7:15,5.87,13.48
1035,8/31/2024 7:30,5.13,13.44
1036,8/31/2024 7:45,6.02,13.28
1037,8/31/2024 8:00,8.87,19.38
1038,8/31/2024 8:15,7.83,24.1
1039,8/31/2024 8:30,7.45,27.1
1040,8/31/2024 8:45,7.59,26.02
1041,8/31/2024 9:00,7.64,25.68
1042,8/31/2024 9:15,7.84,24.98
1043,8/31/2024 9:30,7.89,25.24
1044,8/31/2024 9:45,7.99,25.38
1045,8/31/2024 10:00,7.89,25.82
1046,8/31/2024 10:15,8.07,25.12
1047,8/31/2024 10:30,8.21,24.36
1048,8/31/2024 10:45,8.45,23.52
1049,8/31/2024 11:00,8.73,22.72
1050,8/31/2024 11:15,9.07,21.36
1051,8/31/2024 11:30,9.18,21.34
1052,8/31/2024 11:45,18.16,20.24
1053,8/31/2024 12:00,19.54,17.82
1054,8/31/2024 12:15,18.97,16.7
1055,8/31/2024 12:30,18.85,16.2
1056,8/31/2024 12:45,20.05,16.22
1057,8/31/2024 13:00,16.98,15.7
1058,8/31/2024 13:15,16.23,15.46
1059,8/31/2024 13:30,15.61,15.44
1060,8/31/2024 13:45,15.25,15.46
1061,8/31/2024 14:00,15.14,15.46
1062,8/31/2024 14:15,14.84,15.42
1063,8/31/2024 14:30,14.31,15.4
1064,8/31/2024 14:45,13.44,15.14
1065,8/31/2024 15:00,12.64,14.96
1066,8/31/2024 15:15,12.1,14.94
1067,8/31/2024 15:30,10.57,14.7
1068,8/31/2024 15:45,10.04,14.48
1069,8/31/2024 16:00,9.58,14.28
1070,8/31/2024 16:15,9.13,14.18
1071,8/31/2024 16:30,9.64,13.98
1072,8/31/2024 16:45,9.37,13.96
1073,8/31/2024 17:00,9.32,13.9
1074,8/31/2024 17:15,9.36,13.86
1075,8/31/2024 17:30,9.44,13.92
1076,8/31/2024 17:45,9.26,13.9
1077,8/31/2024 18:00,9.22,13.92
1078,8/31/2024 18:15,9.1,13.94
1079,8/31/2024 18:30,9.42,13.92
1080,8/31/2024 18:45,9.24,13.94
1081,8/31/2024 19:00,9.32,13.94
1082,8/31/2024 19:15,9.66,13.94
1083,8/31/2024 19:30,9.73,13.98
1084,8/31/2024 19:45,8.83,13.98
1085,8/31/2024 20:00,9.29,14
1086,8/31/2024 20:15,9.4,13.98
1087,8/31/2024 20:30,9.13,13.96
1088,8/31/2024 20:45,9.02,13.96
1089,8/31/2024 21:00,8.97,13.94
1090,8/31/2024 21:15,8.66,13.92
1091,8/31/2024 21:30,8.69,13.88
1092,8/31/2024 21:45,8.57,13.86
1093,8/31/2024 22:00,8.61,13.82
1094,8/31/2024 22:15,8.61,13.8
1095,8/31/2024 22:30,8.64,13.78
1096,8/31/2024 22:45,8.63,13.74
1097,8/31/2024 23:00,8.53,13.74
1098,8/31/2024 23:15,8.38,13.74
1099,8/31/2024 23:30,8.49,13.76
1100,8/31/2024 23:45,8.52,13.76
1101,9/1/2024 0:00,8.33,13.78
1102,9/1/2024 0:15,8.29,13.78
1103,9/1/2024 0:30,8.28,13.78
1104,9/1/2024 0:45,8.51,13.76
1105,9/1/2024 1:00,8.44,13.76
1106,9/1/2024 1:15,8.38,13.78
1107,9/1/2024 1:30,8.44,13.72
1108,9/1/2024 1:45,8.66,13.68
1109,9/1/2024 2:00,8.56,13.66
1110,9/1/2024 2:15,8.37,13.7
1111,9/1/2024 2:30,8.2,13.66
1112,9/1/2024 2:45,8.16,13.6
1113,9/1/2024 3:00,8.12,13.56
1114,9/1/2024 3:15,8.12,13.58
1115,9/1/2024 3:30,8.07,13.58
1116,9/1/2024 3:45,8.06,13.58
1117,9/1/2024 4:00,8.08,13.58
1118,9/1/2024 4:15,8.29,13.56
1119,9/1/2024 4:30,8.43,13.48
1120,9/1/2024 4:45,8.52,13.4
1121,9/1/2024 5:00,8.36,13.38
1122,9/1/2024 5:15,8.37,13.4
1123,9/1/2024 5:30,8.34,13.4
1124,9/1/2024 5:45,8.35,13.42
1125,9/1/2024 6:00,8.25,13.42
1126,9/1/2024 6:15,8.19,13.44
1127,9/1/2024 6:30,8.2,13.44
1128,9/1/2024 6:45,8.18,13.44
1129,9/1/2024 7:00,7.93,13.44
1130,9/1/2024 7:15,7.84,13.44
1131,9/1/2024 7:30,7.2,13.48
1132,9/1/2024 7:45,6.99,13.56
1133,9/1/2024 8:00,6.99,13.6
1134,9/1/2024 8:15,6.96,13.72
1135,9/1/2024 8:30,7.64,13.88
1136,9/1/2024 8:45,9.38,14.3
1137,9/1/2024 9:00,8.42,21.9
1138,9/1/2024 9:15,8.52,21.02
1139,9/1/2024 9:30,8.26,22.94
1140,9/1/2024 9:45,7.83,24.6
1141,9/1/2024 10:00,7.66,25.86
1142,9/1/2024 10:15,7.79,26.16
1143,9/1/2024 10:30,7.73,27.16
1144,9/1/2024 10:45,7.84,26.64
1145,9/1/2024 11:00,8.07,25.84
1146,9/1/2024 11:15,8.77,22.6
1147,9/1/2024 11:30,8.93,21.74
1148,9/1/2024 11:45,8.98,21.62
1149,9/1/2024 12:00,8.93,21.16
1150,9/1/2024 12:15,20.47,20.36
1151,9/1/2024 12:30,20.7,18
1152,9/1/2024 12:45,21.18,17.16
1153,9/1/2024 13:00,19.74,16.22
1154,9/1/2024 13:15,20.28,15.96
1155,9/1/2024 13:30,19.86,15.8
1156,9/1/2024 13:45,19.26,15.9
1157,9/1/2024 14:00,16.97,15.74
1158,9/1/2024 14:15,17.35,15.78
1159,9/1/2024 14:30,13.89,15.3
1160,9/1/2024 14:45,11.35,14.7
1161,9/1/2024 15:00,10.59,14.22
1162,9/1/2024 15:15,10.33,13.88
1163,9/1/2024 15:30,10.11,13.76
1164,9/1/2024 15:45,9.97,13.78
1165,9/1/2024 16:00,9.98,13.76
1166,9/1/2024 16:15,10.04,13.74
1167,9/1/2024 16:30,9.91,13.72
1168,9/1/2024 16:45,9.84,13.72
1169,9/1/2024 17:00,9.82,13.72
1170,9/1/2024 17:15,9.75,13.72
1171,9/1/2024 17:30,8.97,13.4
1172,9/1/2024 17:45,8.75,13.12
1173,9/1/2024 18:00,8.95,13.18
1174,9/1/2024 18:15,9.28,13.38
1175,9/1/2024 18:30,9.59,13.56
1176,9/1/2024 18:45,9.81,13.7
1177,9/1/2024 19:00,9.91,13.8
1178,9/1/2024 19:15,9.91,13.84
1179,9/1/2024 19:30,9.87,13.86
1180,9/1/2024 19:45,9.84,13.88
1181,9/1/2024 20:00,9.71,13.88
1182,9/1/2024 20:15,9.53,13.88
1183,9/1/2024 20:30,9.26,13.9
1184,9/1/2024 20:45,9.09,13.9
1185,9/1/2024 21:00,8.95,13.88
1186,9/1/2024 21:15,8.8,13.82
1187,9/1/2024 21:30,8.51,13.5
1188,9/1/2024 21:45,8.35,13.36
1189,9/1/2024 22:00,8.09,13.3
1190,9/1/2024 22:15,8.15,13.26
1191,9/1/2024 22:30,7.94,13.22
1192,9/1/2024 22:45,8.02,13.3
1193,9/1/2024 23:00,7.8,13.38
1194,9/1/2024 23:15,7.6,13.44
1195,9/1/2024 23:30,7.65,13.46
1196,9/1/2024 23:45,7.58,13.5
1197,9/2/2024 0:00,7.68,13.54
1198,9/2/2024 0:15,7.89,13.62
1199,9/2/2024 0:30,7.98,13.64
1200,9/2/2024 0:45,8.01,13.68
1201,9/2/2024 1:00,8.04,13.68
1202,9/2/2024 1:15,8.28,13.66
1203,9/2/2024 1:30,8.13,13.62
1204,9/2/2024 1:45,8.19,13.6
1205,9/2/2024 2:00,8.1,13.56
1206,9/2/2024 2:15,8.1,13.52
1207,9/2/2024 2:30,7.9,13.46
1208,9/2/2024 2:45,7.8,13.38
1209,9/2/2024 3:00,7.91,13.4
1210,9/2/2024 3:15,7.92,13.4
1211,9/2/2024 3:30,8.09,13.4
1212,9/2/2024 3:45,8.12,13.38
1213,9/2/2024 4:00,7.95,13.36
1214,9/2/2024 4:15,7.74,13.32
1215,9/2/2024 4:30,7.76,13.34
1216,9/2/2024 4:45,7.56,13.36
1217,9/2/2024 5:00,7.48,13.34
1218,9/2/2024 5:15,7.36,13.32
1219,9/2/2024 5:30,7.12,13.32
1220,9/2/2024 5:45,7.27,13.32
1221,9/2/2024 6:00,7.36,13.32
1222,9/2/2024 6:15,7.3,13.34
1223,9/2/2024 6:30,7.47,13.3
1224,9/2/2024 6:45,7.58,13.26
1225,9/2/2024 7:00,7.62,13.26
1226,9/2/2024 7:15,7.51,13.26
1227,9/2/2024 7:30,7.28,13.28
1228,9/2/2024 7:45,7.03,13.3
1229,9/2/2024 8:00,6.82,13.32
1230,9/2/2024 8:15,6.73,13.32
1231,9/2/2024 8:30,6.58,13.38
1232,9/2/2024 8:45,6.28,13.42
1233,9/2/2024 9:00,5.7,13.5
1234,9/2/2024 9:15,4.82,13.78
1235,9/2/2024 9:30,5.15,13.88
1236,9/2/2024 9:45,10.23,14.54
1237,9/2/2024 10:00,10.06,15.3
1238,9/2/2024 10:15,10.02,15.36
1239,9/2/2024 10:30,10.02,15.46
1240,9/2/2024 10:45,9.97,15.72
1241,9/2/2024 11:00,10,15.42
1242,9/2/2024 11:15,10.05,15.32
1243,9/2/2024 11:30,10.04,15.46
1244,9/2/2024 11:45,9.86,16.44
1245,9/2/2024 12:00,9.52,17.82
1246,9/2/2024 12:15,9.33,18.08
1247,9/2/2024 12:30,9.61,16.94
1248,9/2/2024 12:45,13.09,15.44
1249,9/2/2024 13:00,12.38,14.7
1250,9/2/2024 13:15,12.96,14.54
1251,9/2/2024 13:30,12.22,14.32
1252,9/2/2024 13:45,12.87,14.14
1253,9/2/2024 14:00,12.28,13.94
1254,9/2/2024 14:15,12.7,13.94
1255,9/2/2024 14:30,13.43,14.04
1256,9/2/2024 14:45,12.64,14.12
1257,9/2/2024 15:00,10.82,14.1
1258,9/2/2024 15:15,10.73,14.04
1259,9/2/2024 15:30,10.6,13.98
1260,9/2/2024 15:45,10.2,13.9
1261,9/2/2024 16:00,9.72,13.76
1262,9/2/2024 16:15,9.55,13.7
1263,9/2/2024 16:30,9.32,13.64
1264,9/2/2024 16:45,9.28,13.6
1265,9/2/2024 17:00,9.11,13.5
1266,9/2/2024 17:15,8.84,13.4
1267,9/2/2024 17:30,8.42,13.22
1268,9/2/2024 17:45,7.99,12.94
1269,9/2/2024 18:00,7.98,12.88
1270,9/2/2024 18:15,8.06,12.9
1271,9/2/2024 18:30,8.08,12.96
1272,9/2/2024 18:45,8.12,12.98
1273,9/2/2024 19:00,8.26,13.04
1274,9/2/2024 19:15,8.38,13.1
1275,9/2/2024 19:30,8.42,13.14
1276,9/2/2024 19:45,8.39,13.14
1277,9/2/2024 20:00,8.37,13.14
1278,9/2/2024 20:15,8.28,13.16
1279,9/2/2024 20:30,8.02,13.18
1280,9/2/2024 20:45,7.84,13.2
1281,9/2/2024 21:00,7.22,13.18
1282,9/2/2024 21:15,7.56,13.14
1283,9/2/2024 21:30,7.5,13.16
1284,9/2/2024 21:45,7.66,13.16
1285,9/2/2024 22:00,7.64,13.14
1286,9/2/2024 22:15,7.49,13.16
1287,9/2/2024 22:30,7.32,13.16
1288,9/2/2024 22:45,7.2,13.18
1289,9/2/2024 23:00,7.1,13.2
1290,9/2/2024 23:15,6.93,13.2
1291,9/2/2024 23:30,6.93,13.22
1292,9/2/2024 23:45,6.94,13.24
1293,9/3/2024 0:00,6.96,13.22
1294,9/3/2024 0:15,6.91,13.22
1295,9/3/2024 0:30,6.94,13.22
1296,9/3/2024 0:45,7.21,13.22
1297,9/3/2024 1:00,7.31,13.24
1298,9/3/2024 1:15,7.48,13.26
1299,9/3/2024 1:30,7.67,13.26
1300,9/3/2024 1:45,7.88,13.28
1301,9/3/2024 2:00,8.02,13.3
1302,9/3/2024 2:15,8.01,13.32
1303,9/3/2024 2:30,7.99,13.34
1304,9/3/2024 2:45,7.97,13.34
1305,9/3/2024 3:00,7.74,13.34
1306,9/3/2024 3:15,7.81,13.36
1307,9/3/2024 3:30,7.4,13.34
1308,9/3/2024 3:45,7.31,13.3
1309,9/3/2024 4:00,7.23,13.3
1310,9/3/2024 4:15,7.39,13.3
1311,9/3/2024 4:30,7.55,13.3
1312,9/3/2024 4:45,7.62,13.28
1313,9/3/2024 5:00,7.55,13.28
1314,9/3/2024 5:15,7.58,13.26
1315,9/3/2024 5:30,7.51,13.26
1316,9/3/2024 5:45,7.51,13.26
1317,9/3/2024 6:00,7.37,13.26
1318,9/3/2024 6:15,7.3,13.26
1319,9/3/2024 6:30,7.28,13.26
1320,9/3/2024 6:45,7.19,13.28
1321,9/3/2024 7:00,6.97,13.28
1322,9/3/2024 7:15,6.8,13.28
1323,9/3/2024 7:30,6.9,13.26
1324,9/3/2024 7:45,6.77,13.24
1325,9/3/2024 8:00,6.77,13.26
1326,9/3/2024 8:15,6.75,13.28
1327,9/3/2024 8:30,6.74,13.28
1328,9/3/2024 8:45,6.55,13.34
1329,9/3/2024 9:00,6.42,13.36
1330,9/3/2024 9:15,6.47,13.38
1331,9/3/2024 9:30,6.34,13.48
1332,9/3/2024 9:45,7.38,13.64
1333,9/3/2024 10:00,9.13,13.98
1334,9/3/2024 10:15,11.8,14.66
1335,9/3/2024 10:30,9.88,16.1
1336,9/3/2024 10:45,9.77,16.44
1337,9/3/2024 11:00,9.64,17.26
1338,9/3/2024 11:15,9.31,18.54
1339,9/3/2024 11:30,9.51,17.8
1340,9/3/2024 11:45,9.52,17.84
1341,9/3/2024 12:00,9.45,18.22
1342,9/3/2024 12:15,9.41,18.4
1343,9/3/2024 12:30,9.35,18.72
1344,9/3/2024 12:45,9.2,19.3
1345,9/3/2024 13:00,23.56,19.5
1346,9/3/2024 13:15,23.07,17.64
1347,9/3/2024 13:30,20.1,16.36
1348,9/3/2024 13:45,21.26,15.96
1349,9/3/2024 14:00,19.74,15.78
1350,9/3/2024 14:15,19.06,15.72
1351,9/3/2024 14:30,19.48,15.88
1352,9/3/2024 14:45,19.64,15.94
1353,9/3/2024 15:00,19.06,16.02
1354,9/3/2024 15:15,18.32,16.06
1355,9/3/2024 15:30,16.27,15.74
1356,9/3/2024 15:45,15.04,15.46
1357,9/3/2024 16:00,13.02,15.3
1358,9/3/2024 16:15,11.44,14.98
1359,9/3/2024 16:30,11.38,14.98
1360,9/3/2024 16:45,11.73,15.2
1361,9/3/2024 17:00,11.65,15.2
1362,9/3/2024 17:15,11.54,15.18
1363,9/3/2024 17:30,11.28,15.1
1364,9/3/2024 17:45,11.02,14.94
1365,9/3/2024 18:00,10.47,14.46
1366,9/3/2024 18:15,10.05,14.14
1367,9/3/2024 18:30,9.9,14.06
1368,9/3/2024 18:45,9.78,14.04
1369,9/3/2024 19:00,9.7,14.02
1370,9/3/2024 19:15,9.4,13.84
1371,9/3/2024 19:30,9.16,13.7
1372,9/3/2024 19:45,9.05,13.64
1373,9/3/2024 20:00,8.96,13.6
1374,9/3/2024 20:15,8.86,13.56
1375,9/3/2024 20:30,8.81,13.54
1376,9/3/2024 20:45,8.77,13.48
1377,9/3/2024 21:00,8.62,13.48
1378,9/3/2024 21:15,8.25,13.48
1379,9/3/2024 21:30,8.08,13.46
1380,9/3/2024 21:45,7.76,13.4
1381,9/3/2024 22:00,7.98,13.38
1382,9/3/2024 22:15,7.76,13.4
1383,9/3/2024 22:30,7.47,13.4
1384,9/3/2024 22:45,7.41,13.38
1385,9/3/2024 23:00,7.32,13.38
1386,9/3/2024 23:15,7.19,13.42
1387,9/3/2024 23:30,7.17,13.48
1388,9/3/2024 23:45,7.37,13.54
1389,9/4/2024 0:00,7.13,13.58
1390,9/4/2024 0:15,7.09,13.6
1391,9/4/2024 0:30,7.06,13.6
1392,9/4/2024 0:45,7.11,13.64
1393,9/4/2024 1:00,7.09,13.64
1394,9/4/2024 1:15,7.13,13.62
1395,9/4/2024 1:30,7.24,13.6
1396,9/4/2024 1:45,7.5,13.68
1397,9/4/2024 2:00,7.76,13.74
1398,9/4/2024 2:15,8.36,13.8
1399,9/4/2024 2:30,8.58,13.86
1400,9/4/2024 2:45,8.64,13.86
1401,9/4/2024 3:00,8.48,13.84
1402,9/4/2024 3:15,8.43,13.84
1403,9/4/2024 3:30,8.2,13.84
1404,9/4/2024 3:45,7.93,13.82
1405,9/4/2024 4:00,7.89,13.74
1406,9/4/2024 4:15,7.58,13.66
1407,9/4/2024 4:30,7.36,13.62
1408,9/4/2024 4:45,7.71,13.56
1409,9/4/2024 5:00,7.94,13.48
1410,9/4/2024 5:15,8.12,13.5
1411,9/4/2024 5:30,8.22,13.54
1412,9/4/2024 5:45,8.24,13.58
1413,9/4/2024 6:00,8.48,13.6
1414,9/4/2024 6:15,8.6,13.62
1415,9/4/2024 6:30,8.68,13.66
1416,9/4/2024 6:45,8.6,13.68
1417,9/4/2024 7:00,8.52,13.7
1418,9/4/2024 7:15,8.53,13.72
1419,9/4/2024 7:30,8.7,13.78
1420,9/4/2024 7:45,8.87,13.84
1421,9/4/2024 8:00,9,13.86
1422,9/4/2024 8:15,9.17,13.9
1423,9/4/2024 8:30,9.25,13.92
1424,9/4/2024 8:45,9.32,13.94
1425,9/4/2024 9:00,9.29,13.96
1426,9/4/2024 9:15,9.42,14
1427,9/4/2024 9:30,9.45,14.08
1428,9/4/2024 9:45,9.1,14.12
1429,9/4/2024 10:00,9.29,14.2
1430,9/4/2024 10:15,9.27,14.3
1431,9/4/2024 10:30,10.14,14.42
1432,9/4/2024 10:45,11.65,14.7
1433,9/4/2024 11:00,14.58,15.1
1434,9/4/2024 11:15,19.37,16
1435,9/4/2024 11:30,10.04,15.98
1436,9/4/2024 11:45,9.98,16.42
1437,9/4/2024 12:00,9.84,16.86
1438,9/4/2024 12:15,9.59,18.62
1439,9/4/2024 12:30,9.44,18.4
1440,9/4/2024 12:45,9.61,17.84
1441,9/4/2024 13:00,9.63,17.76
1442,9/4/2024 13:15,21.61,17.84
1443,9/4/2024 13:30,17.85,17.02
1444,9/4/2024 13:45,17.33,16.5
1445,9/4/2024 14:00,16.99,16.14
1446,9/4/2024 14:15,16.61,15.88
1447,9/4/2024 14:30,16.2,15.66
1448,9/4/2024 14:45,16.03,15.6
1449,9/4/2024 15:00,16.14,15.64
1450,9/4/2024 15:15,17.3,15.8
1451,9/4/2024 15:30,17.96,15.96
1452,9/4/2024 15:45,18.05,16.16
1453,9/4/2024 16:00,17.9,16.38
1454,9/4/2024 16:15,17.65,16.42
1455,9/4/2024 16:30,13.7,15.74
1456,9/4/2024 16:45,12.9,15.46
1457,9/4/2024 17:00,12.43,15.28
1458,9/4/2024 17:15,12.4,15.24
1459,9/4/2024 17:30,12.17,15.12
1460,9/4/2024 17:45,11.45,14.84
1461,9/4/2024 18:00,11.2,14.68
1462,9/4/2024 18:15,11.02,14.6
1463,9/4/2024 18:30,10.64,14.48
1464,9/4/2024 18:45,10.43,14.4
1465,9/4/2024 19:00,10.38,14.4
1466,9/4/2024 19:15,10.36,14.4
1467,9/4/2024 19:30,10.26,14.38
1468,9/4/2024 19:45,10.14,14.3
1469,9/4/2024 20:00,9.87,14.12
1470,9/4/2024 20:15,9.45,13.98
1471,9/4/2024 20:30,9.19,13.8
1472,9/4/2024 20:45,9.24,13.82
1473,9/4/2024 21:00,9.61,13.92
1474,9/4/2024 21:15,9.82,14.04
1475,9/4/2024 21:30,9.75,14.1
1476,9/4/2024 21:45,9.79,14.14
1477,9/4/2024 22:00,9.69,14.16
1478,9/4/2024 22:15,9.77,14.22
1479,9/4/2024 22:30,9.25,14.2
1480,9/4/2024 22:45,8.96,14.18
1481,9/4/2024 23:00,8.62,14.16
1482,9/4/2024 23:15,8.24,14.32
1483,9/4/2024 23:30,7.75,14.32
1484,9/4/2024 23:45,7.44,14.22
1485,9/5/2024 0:00,7.1,14.18
1486,9/5/2024 0:15,6.94,14.16
1487,9/5/2024 0:30,6.86,14.14
1488,9/5/2024 0:45,6.76,14.14
1489,9/5/2024 1:00,6.42,14.12
1490,9/5/2024 1:15,6.19,14.08
1491,9/5/2024 1:30,6.3,14.04
1492,9/5/2024 1:45,6.25,14.02
1493,9/5/2024 2:00,6.75,14
1494,9/5/2024 2:15,7.68,14
1495,9/5/2024 2:30,8.07,14
1496,9/5/2024 2:45,8.09,13.98
1497,9/5/2024 3:00,7.94,13.98
1498,9/5/2024 3:15,7.66,13.96
1499,9/5/2024 3:30,7.6,13.9
1500,9/5/2024 3:45,7.53,13.86
1501,9/5/2024 4:00,7.2,13.9
1502,9/5/2024 4:15,7.18,13.92
1503,9/5/2024 4:30,7.89,13.7
1504,9/5/2024 4:45,8.1,13.5
1505,9/5/2024 5:00,8.18,13.48
1506,9/5/2024 5:15,8.27,13.48
1507,9/5/2024 5:30,8.36,13.46
1508,9/5/2024 5:45,8.38,13.48
1509,9/5/2024 6:00,8.46,13.48
1510,9/5/2024 6:15,8.46,13.5
1511,9/5/2024 6:30,8.35,13.5
1512,9/5/2024 6:45,8.31,13.46
1513,9/5/2024 7:00,8.21,13.44
1514,9/5/2024 7:15,8.24,13.38
1515,9/5/2024 7:30,8.19,13.36
1516,9/5/2024 7:45,8.19,13.36
1517,9/5/2024 8:00,8.2,13.38
1518,9/5/2024 8:15,8.26,13.4
1519,9/5/2024 8:30,8.44,13.44
1520,9/5/2024 8:45,8.63,13.46
1521,9/5/2024 9:00,8.8,13.5
1522,9/5/2024 9:15,8.99,13.56
1523,9/5/2024 9:30,9.05,13.6
1524,9/5/2024 9:45,9.05,13.66
1525,9/5/2024 10:00,9.22,13.74
1526,9/5/2024 10:15,8.75,13.84
1527,9/5/2024 10:30,9.18,13.94
1528,9/5/2024 10:45,9.24,14.06
1529,9/5/2024 11:00,10,14.22
1530,9/5/2024 11:15,11.21,14.48
1531,9/5/2024 11:30,13.32,14.7
1532,9/5/2024 11:45,14.47,15
1533,9/5/2024 12:00,15.82,15.36
1534,9/5/2024 12:15,14.2,16.08
1535,9/5/2024 12:30,11.81,16.54
1536,9/5/2024 12:45,12.26,16.88
1537,9/5/2024 13:00,13.8,17.1
1538,9/5/2024 13:15,18.62,17.18
1539,9/5/2024 13:30,21.44,17.1
1540,9/5/2024 13:45,20.75,16.9
1541,9/5/2024 14:00,19.37,16.52
1542,9/5/2024 14:15,17.88,15.98
1543,9/5/2024 14:30,17.77,15.82
1544,9/5/2024 14:45,17.94,15.76
1545,9/5/2024 15:00,17.85,15.66
1546,9/5/2024 15:15,17.97,15.6
1547,9/5/2024 15:30,18.43,15.62
1548,9/5/2024 15:45,18.94,15.66
1549,9/5/2024 16:00,19.12,15.74
1550,9/5/2024 16:15,14.14,15.56
1551,9/5/2024 16:30,12.27,15.02
1552,9/5/2024 16:45,11.33,14.7
1553,9/5/2024 17:00,11.21,14.58
1554,9/5/2024 17:15,11.19,14.5
1555,9/5/2024 17:30,10.85,14.52
1556,9/5/2024 17:45,10.73,14.44
1557,9/5/2024 18:00,10.61,14.42
1558,9/5/2024 18:15,10.53,14.38
1559,9/5/2024 18:30,10.41,14.34
1560,9/5/2024 18:45,10.3,14.3
1561,9/5/2024 19:00,10.13,14.26
1562,9/5/2024 19:15,9.84,14.08
1563,9/5/2024 19:30,9.59,13.94
1564,9/5/2024 19:45,9.47,13.88
1565,9/5/2024 20:00,9.54,13.92
1566,9/5/2024 20:15,9.53,13.98
1567,9/5/2024 20:30,9.54,14.04
1568,9/5/2024 20:45,9.49,14.08
1569,9/5/2024 21:00,9.52,14.14
1570,9/5/2024 21:15,9.46,14.14
1571,9/5/2024 21:30,9.45,14.16
1572,9/5/2024 21:45,9.45,14.2
1573,9/5/2024 22:00,9.43,14.24
1574,9/5/2024 22:15,9.24,14.24
1575,9/5/2024 22:30,8.43,14.12
1576,9/5/2024 22:45,8.01,13.94
1577,9/5/2024 23:00,7.83,13.88
1578,9/5/2024 23:15,8.34,14.08
1579,9/5/2024 23:30,7.86,14.14
1580,9/5/2024 23:45,7.19,14.06
1581,9/6/2024 0:00,6.95,14.08
1582,9/6/2024 0:15,6.94,14.16
1583,9/6/2024 0:30,6.87,14.2
1584,9/6/2024 0:45,6.56,14.16
1585,9/6/2024 1:00,6.24,14.16
1586,9/6/2024 1:15,6.05,14.18
1587,9/6/2024 1:30,5.85,14.16
1588,9/6/2024 1:45,5.81,14.08
1589,9/6/2024 2:00,5.87,14.06
1590,9/6/2024 2:15,6.06,14.02
1591,9/6/2024 2:30,6.62,13.94
1592,9/6/2024 2:45,7.39,13.9
1593,9/6/2024 3:00,7.62,13.88
1594,9/6/2024 3:15,7.48,13.86
1595,9/6/2024 3:30,7.39,13.84
1596,9/6/2024 3:45,7.32,13.8
1597,9/6/2024 4:00,7.51,13.74
1598,9/6/2024 4:15,7.35,13.74
1599,9/6/2024 4:30,7.17,13.76
1600,9/6/2024 4:45,6.43,13.8
1601,9/6/2024 5:00,6.95,13.68
1602,9/6/2024 5:15,7.83,13.54
1603,9/6/2024 5:30,7.89,13.4
1604,9/6/2024 5:45,8.08,13.32
1605,9/6/2024 6:00,8.24,13.34
1606,9/6/2024 6:15,8.31,13.38
1607,9/6/2024 6:30,8.29,13.38
1608,9/6/2024 6:45,8.22,13.38
1609,9/6/2024 7:00,8.24,13.36
1610,9/6/2024 7:15,8.4,13.38
1611,9/6/2024 7:30,8.53,13.42
1612,9/6/2024 7:45,8.57,13.44
1613,9/6/2024 8:00,8.63,13.46
1614,9/6/2024 8:15,8.66,13.48
1615,9/6/2024 8:30,8.74,13.5
1616,9/6/2024 8:45,8.82,13.52
1617,9/6/2024 9:00,8.89,13.54
1618,9/6/2024 9:15,8.99,13.56
1619,9/6/2024 9:30,9.06,13.58
1620,9/6/2024 9:45,9.16,13.58
1621,9/6/2024 10:00,9.23,13.6
1622,9/6/2024 10:15,9.33,13.64
1623,9/6/2024 10:30,9.43,13.68
1624,9/6/2024 10:45,9.66,13.74
1625,9/6/2024 11:00,9.46,13.82
1626,9/6/2024 11:15,10.3,13.9
1627,9/6/2024 11:30,10.98,13.98
1628,9/6/2024 11:45,11.4,14.14
1629,9/6/2024 12:00,12.13,14.28
1630,9/6/2024 12:15,12.99,14.38
1631,9/6/2024 12:30,13.62,14.56
1632,9/6/2024 12:45,16.27,14.72
1633,9/6/2024 13:00,15.98,15.16
1634,9/6/2024 13:15,12.79,15.32
1635,9/6/2024 13:30,14.56,15.52
1636,9/6/2024 13:45,16.29,15.6
1637,9/6/2024 14:00,17.26,15.68
1638,9/6/2024 14:15,17.53,15.68
1639,9/6/2024 14:30,16.44,15.44
1640,9/6/2024 14:45,16.05,15.26
1641,9/6/2024 15:00,15.96,15.26
1642,9/6/2024 15:15,16.01,15.2
1643,9/6/2024 15:30,15.89,15.16
1644,9/6/2024 15:45,16.26,15.16
1645,9/6/2024 16:00,15.77,15.02
1646,9/6/2024 16:15,15.84,14.96
1647,9/6/2024 16:30,16.13,15
1648,9/6/2024 16:45,16.57,15.04
1649,9/6/2024 17:00,14.84,14.84
1650,9/6/2024 17:15,11.09,14.3
1651,9/6/2024 17:30,10.58,14.2
1652,9/6/2024 17:45,10.44,14.18
1653,9/6/2024 18:00,10.39,14.16
1654,9/6/2024 18:15,10.32,14.16
1655,9/6/2024 18:30,10.3,14.16
1656,9/6/2024 18:45,10.27,14.16
1657,9/6/2024 19:00,10.25,14.18
1658,9/6/2024 19:15,10.21,14.18
1659,9/6/2024 19:30,10.16,14.18
1660,9/6/2024 19:45,10.11,14.16
1661,9/6/2024 20:00,10.07,14.14
1662,9/6/2024 20:15,9.98,14.12
1663,9/6/2024 20:30,9.96,14.1
1664,9/6/2024 20:45,9.93,14.1
1665,9/6/2024 21:00,9.81,14.1
1666,9/6/2024 21:15,9.77,14.12
1667,9/6/2024 21:30,9.69,14.14
1668,9/6/2024 21:45,9.6,14.14
1669,9/6/2024 22:00,9.52,14.14
1670,9/6/2024 22:15,9.45,14.18
1671,9/6/2024 22:30,9.36,14.18
1672,9/6/2024 22:45,9.23,14.14
1673,9/6/2024 23:00,9.06,14.08
1674,9/6/2024 23:15,8.79,14.06
1675,9/6/2024 23:30,8.51,14.14
1676,9/6/2024 23:45,8.34,14.1
1677,9/7/2024 0:00,7.72,14.18
1678,9/7/2024 0:15,7.51,14.3
1679,9/7/2024 0:30,7.09,14.28
1680,9/7/2024 0:45,6.6,14.3
1681,9/7/2024 1:00,6.5,14.32
1682,9/7/2024 1:15,6.48,14.36
1683,9/7/2024 1:30,5.88,14.34
1684,9/7/2024 1:45,5.42,14.28
1685,9/7/2024 2:00,4.8,14.18
1686,9/7/2024 2:15,4.82,14.08
1687,9/7/2024 2:30,4.92,14.04
1688,9/7/2024 2:45,5.18,14.04
1689,9/7/2024 3:00,6.12,14.06
1690,9/7/2024 3:15,6.87,14.02
1691,9/7/2024 3:30,7.15,13.94
1692,9/7/2024 3:45,7.18,13.92
1693,9/7/2024 4:00,7.27,13.88
1694,9/7/2024 4:15,7.12,13.88
1695,9/7/2024 4:30,6.78,13.88
1696,9/7/2024 4:45,6.7,13.86
1697,9/7/2024 5:00,6.47,13.86
1698,9/7/2024 5:15,6.19,13.84
1699,9/7/2024 5:30,6.79,13.72
1700,9/7/2024 5:45,7.32,13.46
1701,9/7/2024 6:00,7.65,13.34
1702,9/7/2024 6:15,7.71,13.28
1703,9/7/2024 6:30,7.83,13.24
1704,9/7/2024 6:45,8.04,13.22
1705,9/7/2024 7:00,8.02,13.22
1706,9/7/2024 7:15,8,13.24
1707,9/7/2024 7:30,8.11,13.24
1708,9/7/2024 7:45,8.2,13.28
1709,9/7/2024 8:00,8.34,13.3
1710,9/7/2024 8:15,8.58,13.34
1711,9/7/2024 8:30,8.7,13.34
1712,9/7/2024 8:45,8.86,13.36
1713,9/7/2024 9:00,8.95,13.4
1714,9/7/2024 9:15,9.04,13.42
1715,9/7/2024 9:30,9.1,13.44
1716,9/7/2024 9:45,9.14,13.44
1717,9/7/2024 10:00,9.22,13.46
1718,9/7/2024 10:15,9.31,13.48
1719,9/7/2024 10:30,9.43,13.5
1720,9/7/2024 10:45,9.5,13.54
1721,9/7/2024 11:00,9.9,13.56
1722,9/7/2024 11:15,9.76,13.6
1723,9/7/2024 11:30,9.96,13.66
1724,9/7/2024 11:45,10.61,13.7
1725,9/7/2024 12:00,10.21,13.76
1726,9/7/2024 12:15,10.41,13.8
1727,9/7/2024 12:30,11.21,13.86
1728,9/7/2024 12:45,11.28,13.92
1729,9/7/2024 13:00,12.33,13.98
1730,9/7/2024 13:15,12.91,14.06
1731,9/7/2024 13:30,14.02,14.16
1732,9/7/2024 13:45,15.47,14.24
1733,9/7/2024 14:00,16.18,14.26
1734,9/7/2024 14:15,17.09,14.26
1735,9/7/2024 14:30,17.62,14.3
1736,9/7/2024 14:45,17.63,14.34
1737,9/7/2024 15:00,16.99,14.42
1738,9/7/2024 15:15,15.77,14.58
1739,9/7/2024 15:30,14.57,14.64
1740,9/7/2024 15:45,13.82,14.62
1741,9/7/2024 16:00,13.79,14.58
1742,9/7/2024 16:15,14.61,14.46
1743,9/7/2024 16:30,14.49,14.3
1744,9/7/2024 16:45,14.51,14.24
1745,9/7/2024 17:00,14.03,14.16
1746,9/7/2024 17:15,13.26,14.04
1747,9/7/2024 17:30,13.06,14
1748,9/7/2024 17:45,13.5,14.04
1749,9/7/2024 18:00,14.15,14.12
1750,9/7/2024 18:15,12.07,14.04
1751,9/7/2024 18:30,10.77,13.84
1752,9/7/2024 18:45,10.24,13.68
1753,9/7/2024 19:00,9.88,13.64
1754,9/7/2024 19:15,9.77,13.64
1755,9/7/2024 19:30,9.72,13.68
1756,9/7/2024 19:45,9.6,13.7
1757,9/7/2024 20:00,9.51,13.72
1758,9/7/2024 20:15,9.33,13.72
1759,9/7/2024 20:30,9.19,13.72
1760,9/7/2024 20:45,9.16,13.74
1761,9/7/2024 21:00,9.14,13.74
1762,9/7/2024 21:15,9.17,13.74
1763,9/7/2024 21:30,9.23,13.72
1764,9/7/2024 21:45,8.99,13.68
1765,9/7/2024 22:00,8.9,13.64
1766,9/7/2024 22:15,8.79,13.62
1767,9/7/2024 22:30,8.71,13.58
1768,9/7/2024 22:45,8.62,13.56
1769,9/7/2024 23:00,8.43,13.52
1770,9/7/2024 23:15,8.28,13.5
1771,9/7/2024 23:30,8.2,13.48
1772,9/7/2024 23:45,7.89,13.48
1773,9/8/2024 0:00,7.62,13.52
1774,9/8/2024 0:15,7.35,13.58
1775,9/8/2024 0:30,6.92,13.76
1776,9/8/2024 0:45,6.65,13.82
1777,9/8/2024 1:00,6.41,13.9
1778,9/8/2024 1:15,6.43,14
1779,9/8/2024 1:30,6.23,14
1780,9/8/2024 1:45,5.71,13.98
1781,9/8/2024 2:00,4.88,13.96
1782,9/8/2024 2:15,4.07,13.84
1783,9/8/2024 2:30,3.43,13.76
1784,9/8/2024 2:45,3.64,13.76
1785,9/8/2024 3:00,3.86,13.76
1786,9/8/2024 3:15,4.16,13.72
1787,9/8/2024 3:30,5.17,13.74
1788,9/8/2024 3:45,6.31,13.7
1789,9/8/2024 4:00,6.3,13.66
1790,9/8/2024 4:15,6.5,13.62
1791,9/8/2024 4:30,6.52,13.56
1792,9/8/2024 4:45,6.6,13.54
1793,9/8/2024 5:00,6.46,13.52
1794,9/8/2024 5:15,6.35,13.52
1795,9/8/2024 5:30,6.31,13.52
1796,9/8/2024 5:45,5.98,13.52
1797,9/8/2024 6:00,5.86,13.5
1798,9/8/2024 6:15,6.76,13.36
1799,9/8/2024 6:30,7.13,13.26
1800,9/8/2024 6:45,7.4,13.22
1801,9/8/2024 7:00,7.64,13.2
1802,9/8/2024 7:15,7.83,13.22
1803,9/8/2024 7:30,7.97,13.22
1804,9/8/2024 7:45,7.99,13.22
1805,9/8/2024 8:00,8.02,13.2
1806,9/8/2024 8:15,8.08,13.2
1807,9/8/2024 8:30,8.17,13.18
1808,9/8/2024 8:45,8.26,13.18
1809,9/8/2024 9:00,8.36,13.18
1810,9/8/2024 9:15,8.37,13.18
1811,9/8/2024 9:30,8.39,13.2
1812,9/8/2024 9:45,8.39,13.2
1813,9/8/2024 10:00,8.37,13.2
1814,9/8/2024 10:15,8.37,13.2
1815,9/8/2024 10:30,8.39,13.22
1816,9/8/2024 10:45,8.42,13.22
1817,9/8/2024 11:00,8.46,13.24
1818,9/8/2024 11:15,8.51,13.26
1819,9/8/2024 11:30,8.57,13.28
1820,9/8/2024 11:45,8.72,13.3
1821,9/8/2024 12:00,8.91,13.32
1822,9/8/2024 12:15,9.15,13.34
1823,9/8/2024 12:30,9.22,13.38
1824,9/8/2024 12:45,9.63,13.42
1825,9/8/2024 13:00,10.34,13.46
1826,9/8/2024 13:15,10.42,13.52
1827,9/8/2024 13:30,11.18,13.58
1828,9/8/2024 13:45,11.75,13.62
1829,9/8/2024 14:00,13.94,13.64
1830,9/8/2024 14:15,14.93,13.66
1831,9/8/2024 14:30,15.67,13.72
1832,9/8/2024 14:45,16.29,13.78
1833,9/8/2024 15:00,13.35,13.96
1834,9/8/2024 15:15,12.49,14.22
1835,9/8/2024 15:30,12.92,14.2
1836,9/8/2024 15:45,13.37,14.22
1837,9/8/2024 16:00,13.24,14.28
1838,9/8/2024 16:15,12.84,14.36
1839,9/8/2024 16:30,12.47,14.44
1840,9/8/2024 16:45,12.29,14.5
1841,9/8/2024 17:00,12.57,14.54
1842,9/8/2024 17:15,13.32,14.52
1843,9/8/2024 17:30,13.46,14.54
1844,9/8/2024 17:45,12.75,14.56
1845,9/8/2024 18:00,12.72,14.56
1846,9/8/2024 18:15,12.44,14.52
1847,9/8/2024 18:30,12.27,14.5
1848,9/8/2024 18:45,12.1,14.5
1849,9/8/2024 19:00,11.82,14.52
1850,9/8/2024 19:15,11.59,14.52
1851,9/8/2024 19:30,11.28,14.52
1852,9/8/2024 19:45,10.79,14.52
1853,9/8/2024 20:00,10.64,14.52
1854,9/8/2024 20:15,10.23,14.52
1855,9/8/2024 20:30,10.36,14.54
1856,9/8/2024 20:45,10.17,14.52
1857,9/8/2024 21:00,9.8,14.54
1858,9/8/2024 21:15,9.37,14.54
1859,9/8/2024 21:30,9.04,14.52
1860,9/8/2024 21:45,8.81,14.52
1861,9/8/2024 22:00,8.91,14.48
1862,9/8/2024 22:15,8.81,14.44
1863,9/8/2024 22:30,9.11,14.32
1864,9/8/2024 22:45,9.25,14.14
1865,9/8/2024 23:00,9.2,14
1866,9/8/2024 23:15,9.17,13.8
1867,9/8/2024 23:30,9.15,13.66
1868,9/8/2024 23:45,8.91,13.64
1869,9/9/2024 0:00,8.57,13.64
1870,9/9/2024 0:15,8.34,13.72
1871,9/9/2024 0:30,8.11,13.74
1872,9/9/2024 0:45,7.9,13.82
1873,9/9/2024 1:00,7.73,14.2
1874,9/9/2024 1:15,7.47,14.44
1875,9/9/2024 1:30,7.15,14.46
1876,9/9/2024 1:45,6.85,14.6
1877,9/9/2024 2:00,5.8,14.56
1878,9/9/2024 2:15,5.16,14.6
1879,9/9/2024 2:30,8.68,14.54
1880,9/9/2024 2:45,10.25,14.48
1881,9/9/2024 3:00,10.25,14.46
1882,9/9/2024 3:15,10.25,14.44
1883,9/9/2024 3:30,10.26,14.42
1884,9/9/2024 3:45,3.3,14.48
1885,9/9/2024 4:00,4.28,14.42
1886,9/9/2024 4:15,5.18,14.38
1887,9/9/2024 4:30,5.7,14.14
1888,9/9/2024 4:45,6.03,13.92
1889,9/9/2024 5:00,6.44,13.78
1890,9/9/2024 5:15,6.77,13.74
1891,9/9/2024 5:30,7.55,13.78
1892,9/9/2024 5:45,8.49,14.16
1893,9/9/2024 6:00,7.08,14.2
1894,9/9/2024 6:15,6.22,13.96
1895,9/9/2024 6:30,6.02,13.92
1896,9/9/2024 6:45,5.79,13.98
1897,9/9/2024 7:00,6.58,14.08
1898,9/9/2024 7:15,7.15,14.18
1899,9/9/2024 7:30,7.39,14.22
1900,9/9/2024 7:45,7.84,14.26
1901,9/9/2024 8:00,8.25,14.34
1902,9/9/2024 8:15,8.16,14.3
1903,9/9/2024 8:30,8.29,14.28
1904,9/9/2024 8:45,8.51,14.24
1905,9/9/2024 9:00,8.49,14.22
1906,9/9/2024 9:15,8.47,14.22
1907,9/9/2024 9:30,8.56,14.24
1908,9/9/2024 9:45,8.83,14.26
1909,9/9/2024 10:00,9.08,14.28
1910,9/9/2024 10:15,9.28,14.3
1911,9/9/2024 10:30,9.46,14.34
1912,9/9/2024 10:45,9.58,14.34
1913,9/9/2024 11:00,9.53,14.28
1914,9/9/2024 11:15,9.42,14.2
1915,9/9/2024 11:30,9.16,14.06
1916,9/9/2024 11:45,9.26,14.02
1917,9/9/2024 12:00,9.98,13.88
1918,9/9/2024 12:15,10.13,13.7
1919,9/9/2024 12:30,10.74,13.74
1920,9/9/2024 12:45,10.66,13.92
1921,9/9/2024 13:00,11.73,13.94
1922,9/9/2024 13:15,12.49,14.12
1923,9/9/2024 13:30,13.07,14.3
1924,9/9/2024 13:45,13.72,14.54
1925,9/9/2024 14:00,14.11,14.72
1926,9/9/2024 14:15,14.95,14.9
1927,9/9/2024 14:30,15.68,15.02
1928,9/9/2024 14:45,15.83,15.18
1929,9/9/2024 15:00,16.84,15.32
1930,9/9/2024 15:15,18.16,15.48
1931,9/9/2024 15:30,18.48,15.6
1932,9/9/2024 15:45,17.72,15.7
1933,9/9/2024 16:00,16.99,15.76
1934,9/9/2024 16:15,16.72,16.04
1935,9/9/2024 16:30,15.05,16.32
1936,9/9/2024 16:45,14.62,16.44
1937,9/9/2024 17:00,18.33,16.26
1938,9/9/2024 17:15,19.31,16.06
1939,9/9/2024 17:30,19.06,16.12
1940,9/9/2024 17:45,18.98,16.2
1941,9/9/2024 18:00,18.56,16.24
1942,9/9/2024 18:15,18.22,16.26
1943,9/9/2024 18:30,16.97,16.12
1944,9/9/2024 18:45,15.18,16.3
1945,9/9/2024 19:00,14.43,16.54
1946,9/9/2024 19:15,16.12,16.28
1947,9/9/2024 19:30,15.92,16.28
1948,9/9/2024 19:45,15.29,16.32
1949,9/9/2024 20:00,14.44,16.54
1950,9/9/2024 20:15,13.73,16.58
1951,9/9/2024 20:30,13.19,16.58
1952,9/9/2024 20:45,12.66,16.48
1953,9/9/2024 21:00,12.44,16.22
1954,9/9/2024 21:15,12.05,15.92
1955,9/9/2024 21:30,11.59,15.76
1956,9/9/2024 21:45,11.32,15.7
1957,9/9/2024 22:00,10.92,15.62
1958,9/9/2024 22:15,11.09,15.48
1959,9/9/2024 22:30,10.88,15.44
1960,9/9/2024 22:45,10.77,15.54
1961,9/9/2024 23:00,10.71,15.62
1962,9/9/2024 23:15,11.16,15.72
1963,9/9/2024 23:30,11.85,16.08
1964,9/9/2024 23:45,12.19,16.36
1965,9/10/2024 0:00,11.99,16.56
1966,9/10/2024 0:15,11.83,16.68
1967,9/10/2024 0:30,10.26,16.46
1968,9/10/2024 0:45,9.51,16.1
1969,9/10/2024 1:00,8.9,16.06
1970,9/10/2024 1:15,8.47,16.44
1971,9/10/2024 1:30,7.94,16.48
1972,9/10/2024 1:45,6.62,16.28
1973,9/10/2024 2:00,5.91,16.08
1974,9/10/2024 2:15,5.37,16.08
1975,9/10/2024 2:30,4.46,16.06
1976,9/10/2024 2:45,3.1,15.3
1977,9/10/2024 3:00,10.34,14.08
1978,9/10/2024 3:15,10.43,13.7
1979,9/10/2024 3:30,10.47,13.52
1980,9/10/2024 3:45,10.48,13.46
1981,9/10/2024 4:00,10.49,13.44
1982,9/10/2024 4:15,10.5,13.42
1983,9/10/2024 4:30,10.46,13.54
1984,9/10/2024 4:45,4.23,13.74
1985,9/10/2024 5:00,3.35,14.98
1986,9/10/2024 5:15,4.16,15.5
1987,9/10/2024 5:30,5.15,15.54
1988,9/10/2024 5:45,5.62,15.44
1989,9/10/2024 6:00,5.73,15.44
1990,9/10/2024 6:15,5.8,15.48
1991,9/10/2024 6:30,5.89,15.4
1992,9/10/2024 6:45,5.64,15.32
1993,9/10/2024 7:00,5.81,15.28
1994,9/10/2024 7:15,6.88,15.32
1995,9/10/2024 7:30,5.36,15.34
1996,9/10/2024 7:45,5.43,15.34
1997,9/10/2024 8:00,4.99,15.34
1998,9/10/2024 8:15,4.3,15.38
1999,9/10/2024 8:30,4.57,15.42
2000,9/10/2024 8:45,5.27,15.46
2001,9/10/2024 9:00,4.88,15.54
2002,9/10/2024 9:15,6.99,15.54
2003,9/10/2024 9:30,10.35,15.64
2004,9/10/2024 9:45,10.88,15.7
2005,9/10/2024 10:00,10.96,15.6
2006,9/10/2024 10:15,10.96,15.54
2007,9/10/2024 10:30,10.97,15.46
2008,9/10/2024 10:45,11.15,15.46
2009,9/10/2024 11:00,11.3,15.5
2010,9/10/2024 11:15,11.48,15.54
2011,9/10/2024 11:30,11.67,15.58
2012,9/10/2024 11:45,11.83,15.64
2013,9/10/2024 12:00,11.94,15.72
2014,9/10/2024 12:15,11.96,15.64
2015,9/10/2024 12:30,11.98,15.52
2016,9/10/2024 12:45,12.02,15.48
2017,9/10/2024 13:00,12.52,15.48
2018,9/10/2024 13:15,12.94,15.5
2019,9/10/2024 13:30,12.91,15.5
2020,9/10/2024 13:45,13.42,15.52
2021,9/10/2024 14:00,13.59,15.46
2022,9/10/2024 14:15,13.19,15.42
2023,9/10/2024 14:30,13.32,15.76
2024,9/10/2024 14:45,13.5,15.8
2025,9/10/2024 15:00,13.41,16.02
2026,9/10/2024 15:15,13.81,16.1
2027,9/10/2024 15:30,14.13,16.12
2028,9/10/2024 15:45,14.79,16.28
2029,9/10/2024 16:00,14.63,16.2
2030,9/10/2024 16:15,16.1,16.22
2031,9/10/2024 16:30,16.45,16.2
2032,9/10/2024 16:45,18.3,16.12
2033,9/10/2024 17:00,18.93,16.02
2034,9/10/2024 17:15,18.71,16.08
2035,9/10/2024 17:30,17.34,16.02
2036,9/10/2024 17:45,16.62,16.08
2037,9/10/2024 18:00,15.98,16
2038,9/10/2024 18:15,16.46,15.78
2039,9/10/2024 18:30,15.9,15.96
2040,9/10/2024 18:45,15.02,16.08
2041,9/10/2024 19:00,14.44,16.3
2042,9/10/2024 19:15,13.67,16.52
2043,9/10/2024 19:30,13.07,16.4
2044,9/10/2024 19:45,14.02,16.5
2045,9/10/2024 20:00,13.31,16.56
2046,9/10/2024 20:15,13.05,16.66
2047,9/10/2024 20:30,12.81,16.68
2048,9/10/2024 20:45,12.38,16.7
2049,9/10/2024 21:00,12.4,16.7
2050,9/10/2024 21:15,12.01,16.68
2051,9/10/2024 21:30,12.28,16.6
2052,9/10/2024 21:45,12.17,16.56
2053,9/10/2024 22:00,12.22,16.56
2054,9/10/2024 22:15,12.39,16.58
2055,9/10/2024 22:30,12.12,16.6
2056,9/10/2024 22:45,11.59,16.62
2057,9/10/2024 23:00,11.27,16.66
2058,9/10/2024 23:15,11.58,16.68
2059,9/10/2024 23:30,11.53,16.68
2060,9/10/2024 23:45,11.31,16.66
2061,9/11/2024 0:00,11.13,16.64
2062,9/11/2024 0:15,10.92,16.6
2063,9/11/2024 0:30,10.75,16.6
2064,9/11/2024 0:45,10.49,16.6
2065,9/11/2024 1:00,10.13,16.6
2066,9/11/2024 1:15,9.84,16.6
2067,9/11/2024 1:30,9.81,16.6
2068,9/11/2024 1:45,9.27,16.58
2069,9/11/2024 2:00,8.81,16.6
2070,9/11/2024 2:15,7.35,16.72
2071,9/11/2024 2:30,5.39,16.68
2072,9/11/2024 2:45,4.3,16.66
2073,9/11/2024 3:00,2.47,16.58
2074,9/11/2024 3:15,3.23,16.08
2075,9/11/2024 3:30,5.09,15.52
2076,9/11/2024 3:45,4.51,14.6
2077,9/11/2024 4:00,10.26,14.08
2078,9/11/2024 4:15,10.26,14.12
2079,9/11/2024 4:30,10.27,14.14
2080,9/11/2024 4:45,10.33,13.9
2081,9/11/2024 5:00,10.32,13.94
2082,9/11/2024 5:15,10.32,13.98
2083,9/11/2024 5:30,10.29,14.08
2084,9/11/2024 5:45,5.48,14.44
2085,9/11/2024 6:00,4.64,14.96
2086,9/11/2024 6:15,3.91,15.2
2087,9/11/2024 6:30,3.19,15.44
2088,9/11/2024 6:45,3.28,15.76
2089,9/11/2024 7:00,3.25,15.88
2090,9/11/2024 7:15,3.47,15.92
2091,9/11/2024 7:30,3.64,15.86
2092,9/11/2024 7:45,3.89,15.78
2093,9/11/2024 8:00,6.64,15.88
2094,9/11/2024 8:15,8.56,16.02
2095,9/11/2024 8:30,9.15,16.08
2096,9/11/2024 8:45,9.61,16.12
2097,9/11/2024 9:00,9.95,16.14
2098,9/11/2024 9:15,10.2,16.16
2099,9/11/2024 9:30,10.3,16.16
2100,9/11/2024 9:45,9.95,16.16
2101,9/11/2024 10:00,10.07,16.16
2102,9/11/2024 10:15,10.41,16.18
2103,9/11/2024 10:30,10.91,16.2
2104,9/11/2024 10:45,10.98,16.2
2105,9/11/2024 11:00,11.39,16.2
2106,9/11/2024 11:15,11.39,16.2
2107,9/11/2024 11:30,11.15,15.94
2108,9/11/2024 11:45,11.16,15.78
2109,9/11/2024 12:00,11.12,15.76
2110,9/11/2024 12:15,10.11,15.08
2111,9/11/2024 12:30,9.94,14.8
2112,9/11/2024 12:45,9.87,14.68
2113,9/11/2024 13:00,9.73,14.54
2114,9/11/2024 13:15,9.7,14.46
2115,9/11/2024 13:30,9.59,14.38
2116,9/11/2024 13:45,9.55,14.32
2117,9/11/2024 14:00,9.47,14.26
2118,9/11/2024 14:15,9.44,14.26
2119,9/11/2024 14:30,9.4,14.28
2120,9/11/2024 14:45,9.58,14.28
2121,9/11/2024 15:00,9.75,14.36
2122,9/11/2024 15:15,9.89,14.5
2123,9/11/2024 15:30,9.71,14.7
2124,9/11/2024 15:45,9.95,14.88
2125,9/11/2024 16:00,10.14,15.02
2126,9/11/2024 16:15,10.16,15.1
2127,9/11/2024 16:30,10.16,15.18
2128,9/11/2024 16:45,10.17,15.24
2129,9/11/2024 17:00,10.17,15.3
2130,9/11/2024 17:15,10.46,15.38
2131,9/11/2024 17:30,11.31,15.4
2132,9/11/2024 17:45,11.81,15.4
2133,9/11/2024 18:00,11.85,15.5
2134,9/11/2024 18:15,11.91,15.6
2135,9/11/2024 18:30,11.91,15.62
2136,9/11/2024 18:45,11.85,15.66
2137,9/11/2024 19:00,11.76,15.72
2138,9/11/2024 19:15,11.64,15.74
2139,9/11/2024 19:30,11.45,15.76
2140,9/11/2024 19:45,11.13,15.78
2141,9/11/2024 20:00,10.91,15.8
2142,9/11/2024 20:15,10.57,15.84
2143,9/11/2024 20:30,10.46,15.84
2144,9/11/2024 20:45,10.4,15.88
2145,9/11/2024 21:00,9.73,15.88
2146,9/11/2024 21:15,9.77,15.88
2147,9/11/2024 21:30,9.87,15.88
2148,9/11/2024 21:45,10.73,15.84
2149,9/11/2024 22:00,10.71,15.84
2150,9/11/2024 22:15,10.57,15.82
2151,9/11/2024 22:30,9.51,15.84
2152,9/11/2024 22:45,9.51,15.84
2153,9/11/2024 23:00,9.6,15.84
2154,9/11/2024 23:15,10.43,15.86
2155,9/11/2024 23:30,10.26,15.88
2156,9/11/2024 23:45,9.71,15.88
2157,9/12/2024 0:00,9.44,15.88
2158,9/12/2024 0:15,8.27,15.9
2159,9/12/2024 0:30,8.21,15.9
2160,9/12/2024 0:45,8.3,15.9
2161,9/12/2024 1:00,8.63,15.92
2162,9/12/2024 1:15,7.53,15.9
2163,9/12/2024 1:30,7.37,15.9
2164,9/12/2024 1:45,6.93,15.92
2165,9/12/2024 2:00,6.85,15.92
2166,9/12/2024 2:15,9.04,15.84
2167,9/12/2024 2:30,7.97,15.84
2168,9/12/2024 2:45,7.68,15.82
2169,9/12/2024 3:00,7.28,15.74
2170,9/12/2024 3:15,6.41,15.62
2171,9/12/2024 3:30,6.17,15.4
2172,9/12/2024 3:45,6.26,15.22
2173,9/12/2024 4:00,5.54,15.06
2174,9/12/2024 4:15,3.95,14.56
2175,9/12/2024 4:30,10.64,12.84
2176,9/12/2024 4:45,10.84,12.04
2177,9/12/2024 5:00,10.88,11.7
2178,9/12/2024 5:15,10.95,11.56
2179,9/12/2024 5:30,10.89,11.68
2180,9/12/2024 5:45,10.91,11.68
2181,9/12/2024 6:00,10.93,11.56
2182,9/12/2024 6:15,11,11.32
2183,9/12/2024 6:30,11.02,11.24
2184,9/12/2024 6:45,11.09,10.98
2185,9/12/2024 7:00,11.11,11.02
2186,9/12/2024 7:15,3.81,11.84
2187,9/12/2024 7:30,3.73,13.9
2188,9/12/2024 7:45,4.41,14.48
2189,9/12/2024 8:00,5.17,14.94
2190,9/12/2024 8:15,5.72,15.16
2191,9/12/2024 8:30,7,15.28
2192,9/12/2024 8:45,6.67,15.18
2193,9/12/2024 9:00,7.14,15.12
2194,9/12/2024 9:15,6.99,15.12
2195,9/12/2024 9:30,8.51,15.14
2196,9/12/2024 9:45,10.88,15.54
2197,9/12/2024 10:00,11.32,15.7
2198,9/12/2024 10:15,11.21,15.74
2199,9/12/2024 10:30,11.3,15.78
2200,9/12/2024 10:45,11.33,15.84
2201,9/12/2024 11:00,11.32,15.88
2202,9/12/2024 11:15,11.07,15.86
2203,9/12/2024 11:30,11.33,15.82
2204,9/12/2024 11:45,11.53,15.88
2205,9/12/2024 12:00,11.67,15.92
2206,9/12/2024 12:15,11.77,15.94
2207,9/12/2024 12:30,11.82,15.92
2208,9/12/2024 12:45,11.89,15.94
2209,9/12/2024 13:00,11.76,15.88
2210,9/12/2024 13:15,11.64,15.86
2211,9/12/2024 13:30,11.02,15.46
2212,9/12/2024 13:45,10.96,15.28
2213,9/12/2024 14:00,10.93,15.24
2214,9/12/2024 14:15,10.89,15.26
2215,9/12/2024 14:30,10.94,15.28
2216,9/12/2024 14:45,11.07,15.3
2217,9/12/2024 15:00,10.86,15.38
2218,9/12/2024 15:15,10.96,15.52
2219,9/12/2024 15:30,11.42,15.54
2220,9/12/2024 15:45,11.6,15.6
2221,9/12/2024 16:00,11.73,15.56
2222,9/12/2024 16:15,11.84,15.54
2223,9/12/2024 16:30,12.29,15.56
2224,9/12/2024 16:45,12.11,15.56
2225,9/12/2024 17:00,11.73,15.52
2226,9/12/2024 17:15,11.9,15.5
2227,9/12/2024 17:30,11.83,15.4
2228,9/12/2024 17:45,11.47,15.2
2229,9/12/2024 18:00,11.21,15.12
2230,9/12/2024 18:15,11.15,15.06
2231,9/12/2024 18:30,11.02,14.96
2232,9/12/2024 18:45,10.44,14.82
2233,9/12/2024 19:00,10.13,14.72
2234,9/12/2024 19:15,9.95,14.66
2235,9/12/2024 19:30,9.73,14.64
2236,9/12/2024 19:45,9.43,14.64
2237,9/12/2024 20:00,9,14.62
2238,9/12/2024 20:15,8.89,14.64
2239,9/12/2024 20:30,8.55,14.68
2240,9/12/2024 20:45,8.6,14.7
2241,9/12/2024 21:00,7.99,14.72
2242,9/12/2024 21:15,7.9,14.84
2243,9/12/2024 21:30,8,14.86
2244,9/12/2024 21:45,7.63,14.92
2245,9/12/2024 22:00,8.71,15.02
2246,9/12/2024 22:15,8.74,15.06
2247,9/12/2024 22:30,7.47,15.14
2248,9/12/2024 22:45,7.74,15.2
2249,9/12/2024 23:00,6.77,15.2
2250,9/12/2024 23:15,7.18,15.12
2251,9/12/2024 23:30,6.4,15.08
2252,9/12/2024 23:45,7.26,15.12
2253,9/13/2024 0:00,7.15,15.12
2254,9/13/2024 0:15,8.42,15.1
2255,9/13/2024 0:30,8.78,15.1
2256,9/13/2024 0:45,8.49,15.1
2257,9/13/2024 1:00,8.71,15.12
2258,9/13/2024 1:15,8.28,15.08
2259,9/13/2024 1:30,8.18,15.1
2260,9/13/2024 1:45,7.86,15.06
2261,9/13/2024 2:00,7.66,15.06
2262,9/13/2024 2:15,7.66,15.06
2263,9/13/2024 2:30,7.49,15.06
2264,9/13/2024 2:45,7.6,15.14
2265,9/13/2024 3:00,8.08,15.26
2266,9/13/2024 3:15,7.64,15.28
2267,9/13/2024 3:30,7.05,15.26
2268,9/13/2024 3:45,6.82,15.26
2269,9/13/2024 4:00,6.88,15.26
2270,9/13/2024 4:15,6.52,15.24
2271,9/13/2024 4:30,6.5,15.22
2272,9/13/2024 4:45,6.12,15.18
2273,9/13/2024 5:00,5,15.12
2274,9/13/2024 5:15,2.55,14.7
2275,9/13/2024 5:30,10.42,13.72
2276,9/13/2024 5:45,10.57,13.16
2277,9/13/2024 6:00,10.59,13.06
2278,9/13/2024 6:15,10.62,13.02
2279,9/13/2024 6:30,10.58,13.14
2280,9/13/2024 6:45,10.59,13.12
2281,9/13/2024 7:00,10.59,13.06
2282,9/13/2024 7:15,10.61,13.04
2283,9/13/2024 7:30,10.62,13
2284,9/13/2024 7:45,10.64,12.94
2285,9/13/2024 8:00,10.64,12.92
2286,9/13/2024 8:15,10.62,12.98
2287,9/13/2024 8:30,10.6,13.02
2288,9/13/2024 8:45,7.75,13.18
2289,9/13/2024 9:00,4.35,14.22
2290,9/13/2024 9:15,4.63,14.66
2291,9/13/2024 9:30,5.44,14.76
2292,9/13/2024 9:45,6.4,14.76
2293,9/13/2024 10:00,7.41,14.74
2294,9/13/2024 10:15,8.45,14.78
2295,9/13/2024 10:30,9.06,14.84
2296,9/13/2024 10:45,9.07,14.86
2297,9/13/2024 11:00,9.47,14.9
2298,9/13/2024 11:15,9.67,14.94
2299,9/13/2024 11:30,10.66,15.02
2300,9/13/2024 11:45,10.71,15.08
2301,9/13/2024 12:00,10.76,15.1
2302,9/13/2024 12:15,10.76,15.12
2303,9/13/2024 12:30,10.76,15.14
2304,9/13/2024 12:45,10.66,15.14
2305,9/13/2024 13:00,10.61,15.14
2306,9/13/2024 13:15,10.55,15.12
2307,9/13/2024 13:30,10.67,15.12
2308,9/13/2024 13:45,10.62,15.14
2309,9/13/2024 14:00,10.41,15
2310,9/13/2024 14:15,10.27,14.88
2311,9/13/2024 14:30,10.2,14.8
2312,9/13/2024 14:45,10.14,14.78
2313,9/13/2024 15:00,9.91,14.64
2314,9/13/2024 15:15,9.84,14.56
2315,9/13/2024 15:30,9.79,14.48
2316,9/13/2024 15:45,9.78,14.52
2317,9/13/2024 16:00,8.92,14.26
2318,9/13/2024 16:15,8.45,13.88
2319,9/13/2024 16:30,8.63,13.82
2320,9/13/2024 16:45,8.01,13.88
2321,9/13/2024 17:00,8.38,13.9
2322,9/13/2024 17:15,8.51,13.98
2323,9/13/2024 17:30,8.04,13.98
2324,9/13/2024 17:45,7.27,13.88
2325,9/13/2024 18:00,7.35,13.8
2326,9/13/2024 18:15,7.3,13.8
2327,9/13/2024 18:30,7.24,13.8
2328,9/13/2024 18:45,8.03,14
2329,9/13/2024 19:00,6.84,13.98
2330,9/13/2024 19:15,6.86,14.06
2331,9/13/2024 19:30,6.78,14.04
2332,9/13/2024 19:45,6.68,14.06
2333,9/13/2024 20:00,6.49,14.1
2334,9/13/2024 20:15,6.3,14.12
2335,9/13/2024 20:30,6.25,14.12
2336,9/13/2024 20:45,6.02,14.16
2337,9/13/2024 21:00,6.2,14.18
2338,9/13/2024 21:15,6.02,14.22
2339,9/13/2024 21:30,6.11,14.26
2340,9/13/2024 21:45,5.79,14.34
2341,9/13/2024 22:00,5.75,14.38
2342,9/13/2024 22:15,7.29,14.5
2343,9/13/2024 22:30,5.86,14.42
2344,9/13/2024 22:45,7.69,14.52
2345,9/13/2024 23:00,5.66,14.46
2346,9/13/2024 23:15,6.4,14.5
2347,9/13/2024 23:30,7.3,14.54
2348,9/13/2024 23:45,5.81,14.56
2349,9/14/2024 0:00,6.97,14.6
2350,9/14/2024 0:15,7.13,14.6
2351,9/14/2024 0:30,7.56,14.6
2352,9/14/2024 0:45,5.48,14.56
2353,9/14/2024 1:00,5.93,14.6
2354,9/14/2024 1:15,5.8,14.6
2355,9/14/2024 1:30,5.35,14.6
2356,9/14/2024 1:45,5.39,14.6
2357,9/14/2024 2:00,5.4,14.62
2358,9/14/2024 2:15,4.83,14.62
2359,9/14/2024 2:30,5.25,14.62
2360,9/14/2024 2:45,5.04,14.64
2361,9/14/2024 3:00,5.36,14.64
2362,9/14/2024 3:15,5.16,14.66
2363,9/14/2024 3:30,6.19,14.66
2364,9/14/2024 3:45,7.13,14.66
2365,9/14/2024 4:00,7.84,14.68
2366,9/14/2024 4:15,8.63,14.68
2367,9/14/2024 4:30,7.85,14.68
2368,9/14/2024 4:45,7.41,14.7
2369,9/14/2024 5:00,6.66,14.7
2370,9/14/2024 5:15,6.16,14.7
2371,9/14/2024 5:30,5.57,14.72
2372,9/14/2024 5:45,4.63,14.7
2373,9/14/2024 6:00,3.31,14.68
2374,9/14/2024 6:15,9.69,14.46
2375,9/14/2024 6:30,10.3,14.1
2376,9/14/2024 6:45,10.35,13.92
2377,9/14/2024 7:00,10.38,13.84
2378,9/14/2024 7:15,10.39,13.86
2379,9/14/2024 7:30,10.38,13.88
2380,9/14/2024 7:45,10.33,14.06
2381,9/14/2024 8:00,10.26,14.32
2382,9/14/2024 8:15,10.17,14.64
2383,9/14/2024 8:30,10.13,14.84
2384,9/14/2024 8:45,10.04,15.14
2385,9/14/2024 9:00,10.05,15.1
2386,9/14/2024 9:15,10.11,14.9
2387,9/14/2024 9:30,10.05,15.18
2388,9/14/2024 9:45,9.99,15.34
2389,9/14/2024 10:00,13.88,15.48
2390,9/14/2024 10:15,13.79,15.28
2391,9/14/2024 10:30,10.89,15.18
2392,9/14/2024 10:45,11.2,15.16
2393,9/14/2024 11:00,11.33,15.14
2394,9/14/2024 11:15,12.14,15.16
2395,9/14/2024 11:30,13.43,15.3
2396,9/14/2024 11:45,13.17,15.34
2397,9/14/2024 12:00,12.51,15.42
2398,9/14/2024 12:15,11.78,15.3
2399,9/14/2024 12:30,11.32,15.16
2400,9/14/2024 12:45,10.6,14.92
2401,9/14/2024 13:00,10.44,14.78
2402,9/14/2024 13:15,10.13,14.66
2403,9/14/2024 13:30,10.07,14.6
2404,9/14/2024 13:45,10,14.5
2405,9/14/2024 14:00,9.68,14.42
2406,9/14/2024 14:15,9.66,14.42
2407,9/14/2024 14:30,9.7,14.44
2408,9/14/2024 14:45,9.58,14.38
2409,9/14/2024 15:00,9.46,14.3
2410,9/14/2024 15:15,9.28,14.24
2411,9/14/2024 15:30,9.23,14.22
2412,9/14/2024 15:45,9.15,14.16
2413,9/14/2024 16:00,9.16,14.12
2414,9/14/2024 16:15,9.25,14.14
2415,9/14/2024 16:30,9.27,14.16
2416,9/14/2024 16:45,9.22,14.14
2417,9/14/2024 17:00,9.08,14.06
2418,9/14/2024 17:15,9.04,14.04
2419,9/14/2024 17:30,9.05,14.04
2420,9/14/2024 17:45,9.09,14.04
2421,9/14/2024 18:00,9.16,14.06
2422,9/14/2024 18:15,9,14.08
2423,9/14/2024 18:30,8.98,14.02
2424,9/14/2024 18:45,8.78,14.02
2425,9/14/2024 19:00,8.64,14.02
2426,9/14/2024 19:15,8.43,14
2427,9/14/2024 19:30,8.42,14.02
2428,9/14/2024 19:45,8.28,14.04
2429,9/14/2024 20:00,8.46,14.06
2430,9/14/2024 20:15,7.54,14.06
2431,9/14/2024 20:30,7.53,14.1
2432,9/14/2024 20:45,7.67,14.12
2433,9/14/2024 21:00,7.23,14.12
2434,9/14/2024 21:15,7.09,14.12
2435,9/14/2024 21:30,7.44,14.16
2436,9/14/2024 21:45,7.06,14.18
2437,9/14/2024 22:00,7.21,14.2
2438,9/14/2024 22:15,6.79,14.22
2439,9/14/2024 22:30,6.83,14.22
2440,9/14/2024 22:45,6.43,14.24
2441,9/14/2024 23:00,6.7,14.26
2442,9/14/2024 23:15,7.18,14.3
2443,9/14/2024 23:30,7.37,14.36
2444,9/14/2024 23:45,7.55,14.42
2445,9/15/2024 0:00,7.44,14.44
2446,9/15/2024 0:15,7.32,14.46
2447,9/15/2024 0:30,6.76,14.46
2448,9/15/2024 0:45,8.29,14.48
2449,9/15/2024 1:00,6.56,14.48
2450,9/15/2024 1:15,6.1,14.46
2451,9/15/2024 1:30,5.88,14.46
2452,9/15/2024 1:45,5.04,14.46
2453,9/15/2024 2:00,5.4,14.46
2454,9/15/2024 2:15,5.25,14.46
2455,9/15/2024 2:30,5.28,14.46
2456,9/15/2024 2:45,5.82,14.48
2457,9/15/2024 3:00,6.03,14.48
2458,9/15/2024 3:15,7.31,14.46
2459,9/15/2024 3:30,7.28,14.44
2460,9/15/2024 3:45,7.88,14.42
2461,9/15/2024 4:00,7.83,14.42
2462,9/15/2024 4:15,6.96,14.42
2463,9/15/2024 4:30,6.51,14.4
2464,9/15/2024 4:45,6.32,14.4
2465,9/15/2024 5:00,6.26,14.38
2466,9/15/2024 5:15,6.48,14.36
2467,9/15/2024 5:30,6.29,14.4
2468,9/15/2024 5:45,6.07,14.4
2469,9/15/2024 6:00,5.78,14.4
2470,9/15/2024 6:15,5.26,14.4
2471,9/15/2024 6:30,4.69,14.4
2472,9/15/2024 6:45,3.99,14.34
2473,9/15/2024 7:00,5.18,13.94
2474,9/15/2024 7:15,10.57,12.98
2475,9/15/2024 7:30,10.65,12.8
2476,9/15/2024 7:45,10.65,12.78
2477,9/15/2024 8:00,10.61,13
2478,9/15/2024 8:15,10.59,13.08
2479,9/15/2024 8:30,10.6,13.02
2480,9/15/2024 8:45,10.47,13.46
2481,9/15/2024 9:00,10.29,14.28
2482,9/15/2024 9:15,10,15.22
2483,9/15/2024 9:30,9.38,17.5
2484,9/15/2024 9:45,8.7,20.64
2485,9/15/2024 10:00,8.61,21
2486,9/15/2024 10:15,8.57,21.58
2487,9/15/2024 10:30,9.13,18.84
2488,9/15/2024 10:45,9.31,18.3
2489,9/15/2024 11:00,9.44,17.74
2490,9/15/2024 11:15,16.13,16.02
2491,9/15/2024 11:30,13.15,15.28
2492,9/15/2024 11:45,12.1,14.76
2493,9/15/2024 12:00,12.37,14.56
2494,9/15/2024 12:15,13.58,14.68
2495,9/15/2024 12:30,13.07,14.66
2496,9/15/2024 12:45,13.02,14.64
2497,9/15/2024 13:00,13.56,14.76
2498,9/15/2024 13:15,14.09,14.88
2499,9/15/2024 13:30,12.97,14.82
2500,9/15/2024 13:45,12.79,14.7
2501,9/15/2024 14:00,12.48,14.66
2502,9/15/2024 14:15,10.94,14.44
2503,9/15/2024 14:30,10.46,14.36
2504,9/15/2024 14:45,9.69,14.06
2505,9/15/2024 15:00,9.08,13.84
2506,9/15/2024 15:15,8.6,13.54
2507,9/15/2024 15:30,7.92,13.3
2508,9/15/2024 15:45,7.53,13.02
2509,9/15/2024 16:00,7.75,13.08
2510,9/15/2024 16:15,8.13,13.28
2511,9/15/2024 16:30,8.51,13.5
2512,9/15/2024 16:45,8.88,13.7
2513,9/15/2024 17:00,8.97,13.78
2514,9/15/2024 17:15,8.91,13.74
2515,9/15/2024 17:30,8.92,13.72
2516,9/15/2024 17:45,8.93,13.72
2517,9/15/2024 18:00,8.78,13.66
2518,9/15/2024 18:15,8.78,13.68
2519,9/15/2024 18:30,8.72,13.7
2520,9/15/2024 18:45,8.86,13.74
2521,9/15/2024 19:00,8.79,13.8
2522,9/15/2024 19:15,8.46,13.74
2523,9/15/2024 19:30,8.35,13.72
2524,9/15/2024 19:45,8.26,13.7
2525,9/15/2024 20:00,8.16,13.7
2526,9/15/2024 20:15,8.12,13.7
2527,9/15/2024 20:30,8.19,13.72
2528,9/15/2024 20:45,7.66,13.72
2529,9/15/2024 21:00,6.79,13.72
2530,9/15/2024 21:15,6.65,13.72
2531,9/15/2024 21:30,6.39,13.72
2532,9/15/2024 21:45,6.1,13.74
2533,9/15/2024 22:00,5.84,13.74
2534,9/15/2024 22:15,7.17,13.74
2535,9/15/2024 22:30,6.97,13.74
2536,9/15/2024 22:45,7.36,13.74
2537,9/15/2024 23:00,7.55,13.72
2538,9/15/2024 23:15,7.53,13.7
2539,9/15/2024 23:30,7.6,13.68
2540,9/15/2024 23:45,7.46,13.68
2541,9/16/2024 0:00,7.42,13.66
2542,9/16/2024 0:15,7.48,13.64
2543,9/16/2024 0:30,7.66,13.64
2544,9/16/2024 0:45,7.79,13.62
2545,9/16/2024 1:00,7.49,13.6
2546,9/16/2024 1:15,7.38,13.58
2547,9/16/2024 1:30,6.96,13.54
2548,9/16/2024 1:45,7.33,13.52
2549,9/16/2024 2:00,7.81,13.52
2550,9/16/2024 2:15,8.22,13.58
2551,9/16/2024 2:30,8.28,13.62
2552,9/16/2024 2:45,8.16,13.62
2553,9/16/2024 3:00,8.21,13.54
2554,9/16/2024 3:15,8.15,13.5
2555,9/16/2024 3:30,8.03,13.5
2556,9/16/2024 3:45,7.99,13.5
2557,9/16/2024 4:00,7.91,13.5
2558,9/16/2024 4:15,7.88,13.5
2559,9/16/2024 4:30,7.69,13.48
2560,9/16/2024 4:45,7.47,13.48
2561,9/16/2024 5:00,7.64,13.46
2562,9/16/2024 5:15,7.51,13.42
2563,9/16/2024 5:30,7.59,13.4
2564,9/16/2024 5:45,7.47,13.4
2565,9/16/2024 6:00,7.26,13.38
2566,9/16/2024 6:15,6.92,13.38
2567,9/16/2024 6:30,6.64,13.4
2568,9/16/2024 6:45,6.2,13.32
2569,9/16/2024 7:00,5.91,13.16
2570,9/16/2024 7:15,5.68,13.26
2571,9/16/2024 7:30,5.34,13.14
2572,9/16/2024 7:45,5.82,12.62
2573,9/16/2024 8:00,9.14,17.46
2574,9/16/2024 8:15,8.55,20.4
2575,9/16/2024 8:30,8.65,19.58
2576,9/16/2024 8:45,8.2,22
2577,9/16/2024 9:00,8,23.02
2578,9/16/2024 9:15,7.91,23.54
2579,9/16/2024 9:30,8.09,23.22
2580,9/16/2024 9:45,8.21,22.96
2581,9/16/2024 10:00,8.06,24.18
2582,9/16/2024 10:15,7.81,25.76
2583,9/16/2024 10:30,8.03,24.72
2584,9/16/2024 10:45,8.55,22.22
2585,9/16/2024 11:00,8.84,21.04
2586,9/16/2024 11:15,9.31,19.06
2587,9/16/2024 11:30,9.68,17.6
2588,9/16/2024 11:45,9.82,17.02
2589,9/16/2024 12:00,19.94,16.62
2590,9/16/2024 12:15,19.3,16.06
2591,9/16/2024 12:30,17.53,15.38
2592,9/16/2024 12:45,15.96,15.04
2593,9/16/2024 13:00,14.45,14.76
2594,9/16/2024 13:15,12.37,14.38
2595,9/16/2024 13:30,11.77,14.22
2596,9/16/2024 13:45,11.95,14.32
2597,9/16/2024 14:00,12.3,14.46
2598,9/16/2024 14:15,12.24,14.52
2599,9/16/2024 14:30,10.33,14.04
2600,9/16/2024 14:45,10.67,14.08
2601,9/16/2024 15:00,9.85,13.88
2602,9/16/2024 15:15,9.59,13.74
2603,9/16/2024 15:30,9.34,13.66
2604,9/16/2024 15:45,8.79,13.58
2605,9/16/2024 16:00,8.63,13.44
2606,9/16/2024 16:15,8.7,13.5
2607,9/16/2024 16:30,8.84,13.6
2608,9/16/2024 16:45,8.84,13.62
2609,9/16/2024 17:00,8.84,13.62
2610,9/16/2024 17:15,8.82,13.62
2611,9/16/2024 17:30,8.77,13.58
2612,9/16/2024 17:45,8.7,13.52
2613,9/16/2024 18:00,8.6,13.44
2614,9/16/2024 18:15,8.54,13.44
2615,9/16/2024 18:30,8.46,13.44
2616,9/16/2024 18:45,8.42,13.42
2617,9/16/2024 19:00,7.39,13.08
2618,9/16/2024 19:15,6.93,12.7
2619,9/16/2024 19:30,6.7,12.58
2620,9/16/2024 19:45,6.53,12.58
2621,9/16/2024 20:00,7.64,12.86
2622,9/16/2024 20:15,6.95,12.86
2623,9/16/2024 20:30,6.94,12.88
2624,9/16/2024 20:45,6.86,12.94
2625,9/16/2024 21:00,6.76,12.96
2626,9/16/2024 21:15,6.35,12.94
2627,9/16/2024 21:30,6.29,12.94
2628,9/16/2024 21:45,6.35,12.96
2629,9/16/2024 22:00,6.52,12.98
2630,9/16/2024 22:15,6.57,12.98
2631,9/16/2024 22:30,6.5,13
2632,9/16/2024 22:45,6.38,13.02
2633,9/16/2024 23:00,6.51,13.04
2634,9/16/2024 23:15,6.58,13.04
2635,9/16/2024 23:30,6.56,13.02
2636,9/16/2024 23:45,6.6,12.98
2637,9/17/2024 0:00,6.97,12.96
2638,9/17/2024 0:15,7.04,13
2639,9/17/2024 0:30,7.26,12.98
2640,9/17/2024 0:45,7.32,12.96
2641,9/17/2024 1:00,7.27,12.94
2642,9/17/2024 1:15,7.27,12.9
2643,9/17/2024 1:30,7.11,12.9
2644,9/17/2024 1:45,7.01,12.9
2645,9/17/2024 2:00,6.86,12.88
2646,9/17/2024 2:15,6.85,12.88
2647,9/17/2024 2:30,6.9,12.86
2648,9/17/2024 2:45,6.78,12.9
2649,9/17/2024 3:00,7.15,12.78
2650,9/17/2024 3:15,7.21,12.76
2651,9/17/2024 3:30,7.24,12.76
2652,9/17/2024 3:45,7.15,12.76
2653,9/17/2024 4:00,7.1,12.74
2654,9/17/2024 4:15,7.11,12.72
2655,9/17/2024 4:30,7.1,12.7
2656,9/17/2024 4:45,7.06,12.7
2657,9/17/2024 5:00,7,12.68
2658,9/17/2024 5:15,6.92,12.68
2659,9/17/2024 5:30,6.86,12.68
2660,9/17/2024 5:45,6.84,12.68
2661,9/17/2024 6:00,6.92,12.68
2662,9/17/2024 6:15,6.83,12.66
2663,9/17/2024 6:30,6.67,12.66
2664,9/17/2024 6:45,6.43,12.68
2665,9/17/2024 7:00,6.4,12.7
2666,9/17/2024 7:15,6.28,12.7
2667,9/17/2024 7:30,6.1,12.72
2668,9/17/2024 7:45,5.79,12.72
2669,9/17/2024 8:00,5.53,12.74
2670,9/17/2024 8:15,5.24,12.74
2671,9/17/2024 8:30,6.06,12.72
2672,9/17/2024 8:45,6.53,12.74
2673,9/17/2024 9:00,10.58,12.88
2674,9/17/2024 9:15,10.55,12.88
2675,9/17/2024 9:30,10.58,12.92
2676,9/17/2024 9:45,10.42,13.6
2677,9/17/2024 10:00,10.24,14.18
2678,9/17/2024 10:15,10.29,13.92
2679,9/17/2024 10:30,10.26,14.12
2680,9/17/2024 10:45,10.31,13.96
2681,9/17/2024 11:00,10.36,13.82
2682,9/17/2024 11:15,10.26,14.24
2683,9/17/2024 11:30,10.14,14.62
