Plot Title: Thorndyke_DO_july24_deploy,,,
#,"Date Time, GMT-07:00",DO_mgL,Temp_C
1,7/23/2024 14:00,8.54,23.92
2,7/23/2024 14:15,8.71,23.26
3,7/23/2024 14:30,8.7,23.46
4,7/23/2024 14:45,8.7,23.66
5,7/23/2024 15:00,8.7,23.42
6,7/23/2024 15:15,19.24,24.1
7,7/23/2024 15:30,18.8,21.32
8,7/23/2024 15:45,17.27,19.4
9,7/23/2024 16:00,15.89,19
10,7/23/2024 16:15,14.22,18.32
11,7/23/2024 16:30,14.25,18.3
12,7/23/2024 16:45,14.44,18.34
13,7/23/2024 17:00,13.7,17.88
14,7/23/2024 17:15,13.1,17.14
15,7/23/2024 17:30,12.53,16.88
16,7/23/2024 17:45,12.3,17.02
17,7/23/2024 18:00,12.03,16.92
18,7/23/2024 18:15,11.81,16.48
19,7/23/2024 18:30,11.8,16.24
20,7/23/2024 18:45,11.64,16
21,7/23/2024 19:00,11.63,15.8
22,7/23/2024 19:15,11.51,15.5
23,7/23/2024 19:30,11.32,15.32
24,7/23/2024 19:45,11.1,15.22
25,7/23/2024 20:00,10.87,14.94
26,7/23/2024 20:15,10.55,14.52
27,7/23/2024 20:30,10.08,14.14
28,7/23/2024 20:45,9.46,13.58
29,7/23/2024 21:00,9.08,13.24
30,7/23/2024 21:15,8.87,13.1
31,7/23/2024 21:30,8.58,13
32,7/23/2024 21:45,8.46,12.9
33,7/23/2024 22:00,8.3,12.88
34,7/23/2024 22:15,8.09,12.76
35,7/23/2024 22:30,8,12.64
36,7/23/2024 22:45,7.97,12.56
37,7/23/2024 23:00,7.73,12.58
38,7/23/2024 23:15,7.5,12.66
39,7/23/2024 23:30,7.44,12.74
40,7/23/2024 23:45,7.27,12.86
41,7/24/2024 0:00,6.91,12.92
42,7/24/2024 0:15,6.67,13
43,7/24/2024 0:30,6.24,13.08
44,7/24/2024 0:45,6.2,13.1
45,7/24/2024 1:00,5.95,13.12
46,7/24/2024 1:15,5.09,13.14
47,7/24/2024 1:30,5,13.18
48,7/24/2024 1:45,5.14,13.24
49,7/24/2024 2:00,5.33,13.34
50,7/24/2024 2:15,5.78,13.38
51,7/24/2024 2:30,5.84,13.48
52,7/24/2024 2:45,7.31,13.68
53,7/24/2024 3:00,7.82,13.78
54,7/24/2024 3:15,7.93,13.8
55,7/24/2024 3:30,8.25,13.86
56,7/24/2024 3:45,8.54,13.96
57,7/24/2024 4:00,9.16,14
58,7/24/2024 4:15,9.19,13.98
59,7/24/2024 4:30,9.05,13.94
60,7/24/2024 4:45,8.9,13.92
61,7/24/2024 5:00,8.35,13.86
62,7/24/2024 5:15,7.94,13.82
63,7/24/2024 5:30,7.93,13.82
64,7/24/2024 5:45,8.07,13.78
65,7/24/2024 6:00,8.13,13.8
66,7/24/2024 6:15,8.7,13.76
67,7/24/2024 6:30,8.89,13.74
68,7/24/2024 6:45,9.08,13.74
69,7/24/2024 7:00,9.16,13.74
70,7/24/2024 7:15,9.24,13.74
71,7/24/2024 7:30,9.25,13.78
72,7/24/2024 7:45,9.32,13.8
73,7/24/2024 8:00,9.4,13.84
74,7/24/2024 8:15,9.38,13.9
75,7/24/2024 8:30,9.45,13.94
76,7/24/2024 8:45,9.47,14
77,7/24/2024 9:00,9.68,14.04
78,7/24/2024 9:15,9.81,14.08
79,7/24/2024 9:30,9.76,14.1
80,7/24/2024 9:45,9.81,14.18
81,7/24/2024 10:00,9.55,14.28
82,7/24/2024 10:15,9.63,14.44
83,7/24/2024 10:30,9.79,14.66
84,7/24/2024 10:45,9.97,14.94
85,7/24/2024 11:00,11.24,15.6
86,7/24/2024 11:15,14.96,17.48
87,7/24/2024 11:30,8.47,22.36
88,7/24/2024 11:45,8.52,21.64
89,7/24/2024 12:00,8.79,20.76
90,7/24/2024 12:15,8.95,20.38
91,7/24/2024 12:30,9.13,19.9
92,7/24/2024 12:45,8.95,20.76
93,7/24/2024 13:00,8.93,21.2
94,7/24/2024 13:15,8.98,21.78
95,7/24/2024 13:30,8.8,23.2
96,7/24/2024 13:45,8.45,25.04
97,7/24/2024 14:00,8.45,24.58
98,7/24/2024 14:15,8.65,23.7
99,7/24/2024 14:30,8.8,22.62
100,7/24/2024 14:45,8.9,22.4
101,7/24/2024 15:00,8.86,22.4
102,7/24/2024 15:15,8.88,22.8
103,7/24/2024 15:30,8.7,23.92
104,7/24/2024 15:45,18.83,21.12
105,7/24/2024 16:00,19.87,18.9
106,7/24/2024 16:15,19.78,17.38
107,7/24/2024 16:30,18.4,16.9
108,7/24/2024 16:45,16.82,16.62
109,7/24/2024 17:00,16.47,16.58
110,7/24/2024 17:15,16.66,16.78
111,7/24/2024 17:30,12.75,15.68
112,7/24/2024 17:45,12.07,15.62
113,7/24/2024 18:00,11.73,15.7
114,7/24/2024 18:15,11.44,15.6
115,7/24/2024 18:30,11.03,15.1
116,7/24/2024 18:45,10.94,14.74
117,7/24/2024 19:00,10.82,14.52
118,7/24/2024 19:15,10.73,14.28
119,7/24/2024 19:30,10.46,14.02
120,7/24/2024 19:45,10.47,13.86
121,7/24/2024 20:00,10.26,13.74
122,7/24/2024 20:15,10.18,13.64
123,7/24/2024 20:30,10.16,13.64
124,7/24/2024 20:45,10.21,13.74
125,7/24/2024 21:00,9.94,13.72
126,7/24/2024 21:15,9.66,13.54
127,7/24/2024 21:30,9.29,13.34
128,7/24/2024 21:45,9.26,13.26
129,7/24/2024 22:00,9.24,13.3
130,7/24/2024 22:15,9.25,13.42
131,7/24/2024 22:30,9.29,13.38
132,7/24/2024 22:45,9.1,13.34
133,7/24/2024 23:00,8.81,13.4
134,7/24/2024 23:15,8.39,13.44
135,7/24/2024 23:30,8.78,13.84
136,7/24/2024 23:45,8.29,13.8
137,7/25/2024 0:00,7.54,13.6
138,7/25/2024 0:15,7.35,13.6
139,7/25/2024 0:30,7.17,13.6
140,7/25/2024 0:45,7.03,13.64
141,7/25/2024 1:00,7.01,13.74
142,7/25/2024 1:15,6.8,13.84
143,7/25/2024 1:30,6.93,13.9
144,7/25/2024 1:45,6.66,13.94
145,7/25/2024 2:00,6.62,14.02
146,7/25/2024 2:15,6.73,14.08
147,7/25/2024 2:30,6.67,14.14
148,7/25/2024 2:45,6.96,14.16
149,7/25/2024 3:00,7.17,14.16
150,7/25/2024 3:15,7.14,14.18
151,7/25/2024 3:30,7.32,14.22
152,7/25/2024 3:45,7.26,14.24
153,7/25/2024 4:00,8.2,14.26
154,7/25/2024 4:15,8.62,14.2
155,7/25/2024 4:30,8.8,14.16
156,7/25/2024 4:45,9.02,14.14
157,7/25/2024 5:00,9.11,14.14
158,7/25/2024 5:15,8.96,14.14
159,7/25/2024 5:30,8.65,14.12
160,7/25/2024 5:45,8.48,14.12
161,7/25/2024 6:00,8.45,14.1
162,7/25/2024 6:15,8.28,14.1
163,7/25/2024 6:30,8.27,14.12
164,7/25/2024 6:45,8.24,14.14
165,7/25/2024 7:00,8.19,14.16
166,7/25/2024 7:15,8.28,14.08
167,7/25/2024 7:30,8.53,13.88
168,7/25/2024 7:45,8.91,13.82
169,7/25/2024 8:00,9.07,13.8
170,7/25/2024 8:15,9.05,13.82
171,7/25/2024 8:30,9.06,13.84
172,7/25/2024 8:45,9.1,13.9
173,7/25/2024 9:00,9.04,13.96
174,7/25/2024 9:15,9.15,14.02
175,7/25/2024 9:30,9.32,14.08
176,7/25/2024 9:45,9.45,14.14
177,7/25/2024 10:00,9.57,14.18
178,7/25/2024 10:15,9.5,14.26
179,7/25/2024 10:30,9.55,14.36
180,7/25/2024 10:45,9.8,14.46
181,7/25/2024 11:00,10.12,14.58
182,7/25/2024 11:15,10.16,14.7
183,7/25/2024 11:30,10.27,14.86
184,7/25/2024 11:45,10.27,15.42
185,7/25/2024 12:00,11.57,15.8
186,7/25/2024 12:15,14.63,17.24
187,7/25/2024 12:30,9.75,19.04
188,7/25/2024 12:45,9.02,20.46
189,7/25/2024 13:00,8.97,20.28
190,7/25/2024 13:15,9.18,19.72
191,7/25/2024 13:30,9.14,19.96
192,7/25/2024 13:45,9,20.6
193,7/25/2024 14:00,9.09,19.94
194,7/25/2024 14:15,9.11,20.18
195,7/25/2024 14:30,9.09,20.9
196,7/25/2024 14:45,8.93,21.7
197,7/25/2024 15:00,8.92,21.44
198,7/25/2024 15:15,9,21.62
199,7/25/2024 15:30,8.88,22.54
200,7/25/2024 15:45,8.89,22.54
201,7/25/2024 16:00,16.18,21.92
202,7/25/2024 16:15,18.35,19.24
203,7/25/2024 16:30,17.92,18.04
204,7/25/2024 16:45,18.05,17.28
205,7/25/2024 17:00,18.03,16.62
206,7/25/2024 17:15,17.74,16.04
207,7/25/2024 17:30,17.2,15.58
208,7/25/2024 17:45,16.96,15.7
209,7/25/2024 18:00,15.82,15.36
210,7/25/2024 18:15,14.35,15.06
211,7/25/2024 18:30,13.38,14.86
212,7/25/2024 18:45,12.9,15
213,7/25/2024 19:00,12.54,14.94
214,7/25/2024 19:15,12.05,14.56
215,7/25/2024 19:30,11.63,14.22
216,7/25/2024 19:45,11.21,13.98
217,7/25/2024 20:00,10.73,13.74
218,7/25/2024 20:15,10.41,13.58
219,7/25/2024 20:30,10.29,13.52
220,7/25/2024 20:45,10.46,13.56
221,7/25/2024 21:00,10.58,13.62
222,7/25/2024 21:15,10.67,13.7
223,7/25/2024 21:30,10.61,13.76
224,7/25/2024 21:45,10.71,13.8
225,7/25/2024 22:00,10.74,13.8
226,7/25/2024 22:15,10.66,13.76
227,7/25/2024 22:30,10.7,13.78
228,7/25/2024 22:45,10.67,13.76
229,7/25/2024 23:00,10.55,13.74
230,7/25/2024 23:15,10.4,13.7
231,7/25/2024 23:30,10.14,13.68
232,7/25/2024 23:45,9.76,13.68
233,7/26/2024 0:00,9.54,13.54
234,7/26/2024 0:15,9.29,13.4
235,7/26/2024 0:30,9.06,13.3
236,7/26/2024 0:45,8.83,13.26
237,7/26/2024 1:00,8.62,13.26
238,7/26/2024 1:15,8.24,13.28
239,7/26/2024 1:30,8.42,13.3
240,7/26/2024 1:45,8.31,13.3
241,7/26/2024 2:00,7.72,13.32
242,7/26/2024 2:15,7.68,13.36
243,7/26/2024 2:30,7.75,13.44
244,7/26/2024 2:45,7.33,13.5
245,7/26/2024 3:00,7.08,13.52
246,7/26/2024 3:15,6.79,13.5
247,7/26/2024 3:30,6.76,13.48
248,7/26/2024 3:45,6.59,13.46
249,7/26/2024 4:00,6.66,13.4
250,7/26/2024 4:15,6.71,13.38
251,7/26/2024 4:30,7.15,13.36
252,7/26/2024 4:45,7.35,13.38
253,7/26/2024 5:00,8.79,13.58
254,7/26/2024 5:15,8.9,13.66
255,7/26/2024 5:30,8.87,13.64
256,7/26/2024 5:45,8.58,13.62
257,7/26/2024 6:00,8.35,13.58
258,7/26/2024 6:15,8.4,13.58
259,7/26/2024 6:30,8.2,13.62
260,7/26/2024 6:45,7.97,13.62
261,7/26/2024 7:00,7.58,13.48
262,7/26/2024 7:15,7.63,13.38
263,7/26/2024 7:30,8.06,13.4
264,7/26/2024 7:45,8.69,13.48
265,7/26/2024 8:00,9.08,13.56
266,7/26/2024 8:15,9.18,13.62
267,7/26/2024 8:30,9.19,13.66
268,7/26/2024 8:45,9.37,13.7
269,7/26/2024 9:00,9.43,13.74
270,7/26/2024 9:15,9.55,13.78
271,7/26/2024 9:30,9.88,13.84
272,7/26/2024 9:45,10.02,13.86
273,7/26/2024 10:00,9.95,13.94
274,7/26/2024 10:15,9.97,13.96
275,7/26/2024 10:30,9.87,14.02
276,7/26/2024 10:45,10.25,14.14
277,7/26/2024 11:00,9.98,14.22
278,7/26/2024 11:15,10.46,14.3
279,7/26/2024 11:30,10.35,14.42
280,7/26/2024 11:45,10.53,14.54
281,7/26/2024 12:00,10.91,14.68
282,7/26/2024 12:15,10.59,14.78
283,7/26/2024 12:30,10.26,14.86
284,7/26/2024 12:45,11.24,15.1
285,7/26/2024 13:00,12.08,15.34
286,7/26/2024 13:15,12.99,15.66
287,7/26/2024 13:30,13.82,15.94
288,7/26/2024 13:45,14.16,16.18
289,7/26/2024 14:00,15.2,16.8
290,7/26/2024 14:15,16.04,17.36
291,7/26/2024 14:30,16.93,17.92
292,7/26/2024 14:45,17.76,18.28
293,7/26/2024 15:00,18.53,18.5
294,7/26/2024 15:15,18.84,18.72
295,7/26/2024 15:30,18.15,18.66
296,7/26/2024 15:45,15.94,18.78
297,7/26/2024 16:00,15.5,18.28
298,7/26/2024 16:15,15.38,17.46
299,7/26/2024 16:30,14.95,16.72
300,7/26/2024 16:45,15.13,16.52
301,7/26/2024 17:00,15.01,16.34
302,7/26/2024 17:15,14.93,16.06
303,7/26/2024 17:30,15.03,16.14
304,7/26/2024 17:45,15.13,16.18
305,7/26/2024 18:00,15.16,16.32
306,7/26/2024 18:15,15.19,16.62
307,7/26/2024 18:30,12.34,16.3
308,7/26/2024 18:45,11.6,16.06
309,7/26/2024 19:00,11.39,15.98
310,7/26/2024 19:15,11.15,15.88
311,7/26/2024 19:30,10.78,15.7
312,7/26/2024 19:45,10.53,15.56
313,7/26/2024 20:00,10.43,15.52
314,7/26/2024 20:15,10.43,15.5
315,7/26/2024 20:30,10.33,15.46
316,7/26/2024 20:45,10.36,15.42
317,7/26/2024 21:00,10.25,15.2
318,7/26/2024 21:15,10.3,15.06
319,7/26/2024 21:30,10.2,14.88
320,7/26/2024 21:45,10.2,14.68
321,7/26/2024 22:00,10.24,14.62
322,7/26/2024 22:15,10.6,14.74
323,7/26/2024 22:30,10.74,14.8
324,7/26/2024 22:45,10.75,14.86
325,7/26/2024 23:00,10.74,14.9
326,7/26/2024 23:15,10.67,14.92
327,7/26/2024 23:30,10.67,14.9
328,7/26/2024 23:45,10.49,14.92
329,7/27/2024 0:00,10.31,14.98
330,7/27/2024 0:15,10.21,14.98
331,7/27/2024 0:30,9.22,14.16
332,7/27/2024 0:45,9.05,13.64
333,7/27/2024 1:00,8.6,13.62
334,7/27/2024 1:15,8.39,13.72
335,7/27/2024 1:30,8.34,13.82
336,7/27/2024 1:45,8.03,13.92
337,7/27/2024 2:00,8.3,14.14
338,7/27/2024 2:15,8.63,14.52
339,7/27/2024 2:30,8.2,14.7
340,7/27/2024 2:45,7.69,14.86
341,7/27/2024 3:00,7.02,14.84
342,7/27/2024 3:15,6.57,14.86
343,7/27/2024 3:30,6.17,14.8
344,7/27/2024 3:45,5.66,14.72
345,7/27/2024 4:00,5.27,14.62
346,7/27/2024 4:15,4.83,14.52
347,7/27/2024 4:30,4.74,14.32
348,7/27/2024 4:45,4.61,14.2
349,7/27/2024 5:00,4.83,14.2
350,7/27/2024 5:15,5.52,14.28
351,7/27/2024 5:30,7.32,14.28
352,7/27/2024 5:45,8.1,14.3
353,7/27/2024 6:00,8.24,14.3
354,7/27/2024 6:15,8.28,14.28
355,7/27/2024 6:30,8.26,14.24
356,7/27/2024 6:45,8.08,14.22
357,7/27/2024 7:00,8.09,14.2
358,7/27/2024 7:15,8.19,14.22
359,7/27/2024 7:30,8.18,14.28
360,7/27/2024 7:45,8.24,14.32
361,7/27/2024 8:00,8.11,14.36
362,7/27/2024 8:15,8,14.36
363,7/27/2024 8:30,8.98,14.26
364,7/27/2024 8:45,9.61,14.24
365,7/27/2024 9:00,9.88,14.34
366,7/27/2024 9:15,10.08,14.42
367,7/27/2024 9:30,10.27,14.52
368,7/27/2024 9:45,10.4,14.56
369,7/27/2024 10:00,10.43,14.6
370,7/27/2024 10:15,10.46,14.66
371,7/27/2024 10:30,10.59,14.7
372,7/27/2024 10:45,10.69,14.72
373,7/27/2024 11:00,10.78,14.78
374,7/27/2024 11:15,10.88,14.86
375,7/27/2024 11:30,10.94,14.94
376,7/27/2024 11:45,10.95,15
377,7/27/2024 12:00,11.29,15
378,7/27/2024 12:15,11.73,15.06
379,7/27/2024 12:30,11.95,15.08
380,7/27/2024 12:45,12.27,15.18
381,7/27/2024 13:00,12.26,15.32
382,7/27/2024 13:15,12.33,15.46
383,7/27/2024 13:30,12.85,15.52
384,7/27/2024 13:45,12.91,15.6
385,7/27/2024 14:00,13.02,15.78
386,7/27/2024 14:15,13.77,16
387,7/27/2024 14:30,14.77,16.2
388,7/27/2024 14:45,14.16,16.26
389,7/27/2024 15:00,15.37,16.44
390,7/27/2024 15:15,14.44,16.56
391,7/27/2024 15:30,14.65,16.72
392,7/27/2024 15:45,14.78,16.88
393,7/27/2024 16:00,15.13,17
394,7/27/2024 16:15,15.32,17.1
395,7/27/2024 16:30,14.58,17.18
396,7/27/2024 16:45,14.04,17.18
397,7/27/2024 17:00,13.28,17.12
398,7/27/2024 17:15,12.81,16.96
399,7/27/2024 17:30,12.93,16.88
400,7/27/2024 17:45,12.82,16.92
401,7/27/2024 18:00,12.57,16.98
402,7/27/2024 18:15,12.66,16.98
403,7/27/2024 18:30,12.61,17.02
404,7/27/2024 18:45,12.58,17.04
405,7/27/2024 19:00,12.64,17.02
406,7/27/2024 19:15,13.7,17.08
407,7/27/2024 19:30,14.14,17.18
408,7/27/2024 19:45,13.05,16.96
409,7/27/2024 20:00,12.3,16.78
410,7/27/2024 20:15,11.89,16.7
411,7/27/2024 20:30,11.58,16.6
412,7/27/2024 20:45,11.38,16.5
413,7/27/2024 21:00,11.35,16.42
414,7/27/2024 21:15,11.21,16.4
415,7/27/2024 21:30,11.06,16.32
416,7/27/2024 21:45,11.15,16.18
417,7/27/2024 22:00,11.03,16.02
418,7/27/2024 22:15,10.91,15.94
419,7/27/2024 22:30,10.88,15.96
420,7/27/2024 22:45,10.91,15.98
421,7/27/2024 23:00,10.82,15.84
422,7/27/2024 23:15,10.71,15.66
423,7/27/2024 23:30,10.29,15.36
424,7/27/2024 23:45,9.58,14.78
425,7/28/2024 0:00,9.81,14.54
426,7/28/2024 0:15,10.05,14.98
427,7/28/2024 0:30,11.07,15.42
428,7/28/2024 0:45,10.5,15.48
429,7/28/2024 1:00,10.58,15.64
430,7/28/2024 1:15,10.32,16.04
431,7/28/2024 1:30,10.21,16.18
432,7/28/2024 1:45,10.3,16.16
433,7/28/2024 2:00,10.26,16.08
434,7/28/2024 2:15,9.93,15.94
435,7/28/2024 2:30,9.32,15.94
436,7/28/2024 2:45,8.82,15.96
437,7/28/2024 3:00,8.55,15.9
438,7/28/2024 3:15,8.13,15.86
439,7/28/2024 3:30,7.66,15.8
440,7/28/2024 3:45,7.35,15.68
441,7/28/2024 4:00,6.74,15.56
442,7/28/2024 4:15,4.29,14.52
443,7/28/2024 4:30,10.76,12.18
444,7/28/2024 4:45,10.91,11.68
445,7/28/2024 5:00,10.95,11.62
446,7/28/2024 5:15,10.94,11.68
447,7/28/2024 5:30,10.93,11.7
448,7/28/2024 5:45,10.92,11.8
449,7/28/2024 6:00,10.88,11.86
450,7/28/2024 6:15,10.86,12.02
451,7/28/2024 6:30,10.73,12.4
452,7/28/2024 6:45,4.57,14.3
453,7/28/2024 7:00,5.98,14.98
454,7/28/2024 7:15,7,15.02
455,7/28/2024 7:30,6.55,15.06
456,7/28/2024 7:45,6.59,15.1
457,7/28/2024 8:00,7.14,15.1
458,7/28/2024 8:15,6.84,15.14
459,7/28/2024 8:30,7.24,15.22
460,7/28/2024 8:45,6.99,15.22
461,7/28/2024 9:00,6.79,15.28
462,7/28/2024 9:15,6.48,15.28
463,7/28/2024 9:30,7.58,15.3
464,7/28/2024 9:45,9.27,15.26
465,7/28/2024 10:00,9.68,15.22
466,7/28/2024 10:15,10.05,15.24
467,7/28/2024 10:30,10.31,15.26
468,7/28/2024 10:45,10.5,15.3
469,7/28/2024 11:00,10.75,15.38
470,7/28/2024 11:15,10.79,15.42
471,7/28/2024 11:30,10.84,15.44
472,7/28/2024 11:45,10.94,15.48
473,7/28/2024 12:00,11.03,15.48
474,7/28/2024 12:15,11.2,15.5
475,7/28/2024 12:30,11.28,15.52
476,7/28/2024 12:45,11.36,15.46
477,7/28/2024 13:00,11.1,15.4
478,7/28/2024 13:15,11.18,15.4
479,7/28/2024 13:30,11.21,15.42
480,7/28/2024 13:45,11.16,15.42
481,7/28/2024 14:00,11.15,15.42
482,7/28/2024 14:15,11.27,15.46
483,7/28/2024 14:30,11.33,15.52
484,7/28/2024 14:45,11.57,15.6
485,7/28/2024 15:00,11.91,15.7
486,7/28/2024 15:15,11.84,15.76
487,7/28/2024 15:30,11.92,15.76
488,7/28/2024 15:45,12.1,15.8
489,7/28/2024 16:00,12.9,15.84
490,7/28/2024 16:15,13.23,15.92
491,7/28/2024 16:30,13.96,16.04
492,7/28/2024 16:45,13.9,16.12
493,7/28/2024 17:00,13.63,16.12
494,7/28/2024 17:15,14.53,16.14
495,7/28/2024 17:30,14.23,16.12
496,7/28/2024 17:45,14.5,16.16
497,7/28/2024 18:00,13.38,16.26
498,7/28/2024 18:15,13.52,16.28
499,7/28/2024 18:30,12.45,16.18
500,7/28/2024 18:45,11.63,16.1
501,7/28/2024 19:00,11.46,16.1
502,7/28/2024 19:15,11.46,16.1
503,7/28/2024 19:30,11.25,16.14
504,7/28/2024 19:45,11.27,16.14
505,7/28/2024 20:00,12.19,16.2
506,7/28/2024 20:15,12.11,16.22
507,7/28/2024 20:30,11.77,16.18
508,7/28/2024 20:45,11.57,16.16
509,7/28/2024 21:00,11.16,16.1
510,7/28/2024 21:15,10.93,16.06
511,7/28/2024 21:30,10.79,16.06
512,7/28/2024 21:45,10.6,16.04
513,7/28/2024 22:00,10.98,16.02
514,7/28/2024 22:15,10.35,16.04
515,7/28/2024 22:30,10.46,16
516,7/28/2024 22:45,10.23,15.98
517,7/28/2024 23:00,10.52,15.96
518,7/28/2024 23:15,10.48,15.92
519,7/28/2024 23:30,10.65,15.86
520,7/28/2024 23:45,10.74,15.76
521,7/29/2024 0:00,10.61,15.56
522,7/29/2024 0:15,10.53,15.52
523,7/29/2024 0:30,10.44,15.5
524,7/29/2024 0:45,10.4,15.66
525,7/29/2024 1:00,10.3,15.82
526,7/29/2024 1:15,9.94,15.86
527,7/29/2024 1:30,9.57,15.72
528,7/29/2024 1:45,9.62,15.58
529,7/29/2024 2:00,8.47,14.94
530,7/29/2024 2:15,8.3,14.72
531,7/29/2024 2:30,8.3,14.42
532,7/29/2024 2:45,8.35,14.42
533,7/29/2024 3:00,7.77,14.36
534,7/29/2024 3:15,7.38,14.32
535,7/29/2024 3:30,8.45,15.1
536,7/29/2024 3:45,8,15.58
537,7/29/2024 4:00,7.11,15.52
538,7/29/2024 4:15,6.32,15.5
539,7/29/2024 4:30,5.81,15.7
540,7/29/2024 4:45,9.62,15.2
541,7/29/2024 5:00,10.12,14.4
542,7/29/2024 5:15,10.18,14.18
543,7/29/2024 5:30,10.22,14.16
544,7/29/2024 5:45,10.18,14.32
545,7/29/2024 6:00,10.15,14.58
546,7/29/2024 6:15,10.07,14.88
547,7/29/2024 6:30,10.04,15.02
548,7/29/2024 6:45,9.97,15.16
549,7/29/2024 7:00,9.95,15.3
550,7/29/2024 7:15,9.95,15.34
551,7/29/2024 7:30,9.97,15.38
552,7/29/2024 7:45,9.95,15.48
553,7/29/2024 8:00,5.34,15.48
554,7/29/2024 8:15,3.59,15.4
555,7/29/2024 8:30,3.89,15.42
556,7/29/2024 8:45,4.34,15.36
557,7/29/2024 9:00,5.01,15.28
558,7/29/2024 9:15,7.12,15.22
559,7/29/2024 9:30,7.39,15.26
560,7/29/2024 9:45,7.64,15.32
561,7/29/2024 10:00,7.97,15.34
562,7/29/2024 10:15,7.72,15.34
563,7/29/2024 10:30,7.93,15.36
564,7/29/2024 10:45,8.77,15.48
565,7/29/2024 11:00,8.9,15.52
566,7/29/2024 11:15,8.35,15.48
567,7/29/2024 11:30,8.49,15.5
568,7/29/2024 11:45,8.84,15.54
569,7/29/2024 12:00,9.32,15.6
570,7/29/2024 12:15,9.93,15.68
571,7/29/2024 12:30,10.39,15.84
572,7/29/2024 12:45,10.38,15.94
573,7/29/2024 13:00,10.3,15.9
574,7/29/2024 13:15,10.27,15.7
575,7/29/2024 13:30,10.23,15.58
576,7/29/2024 13:45,10.23,15.4
577,7/29/2024 14:00,10.32,15.26
578,7/29/2024 14:15,10.47,15.3
579,7/29/2024 14:30,10.5,15.34
580,7/29/2024 14:45,10.47,15.38
581,7/29/2024 15:00,10.32,15.4
582,7/29/2024 15:15,10.65,15.42
583,7/29/2024 15:30,10.89,15.3
584,7/29/2024 15:45,10.85,14.98
585,7/29/2024 16:00,11.68,15.12
586,7/29/2024 16:15,11.38,15.38
587,7/29/2024 16:30,11.96,15.52
588,7/29/2024 16:45,11.89,15.58
589,7/29/2024 17:00,11.64,15.64
590,7/29/2024 17:15,11.36,15.68
591,7/29/2024 17:30,11.21,15.7
592,7/29/2024 17:45,10.92,15.72
593,7/29/2024 18:00,11.11,15.82
594,7/29/2024 18:15,10.83,15.9
595,7/29/2024 18:30,10.91,15.84
596,7/29/2024 18:45,10.83,15.76
597,7/29/2024 19:00,10.77,15.74
598,7/29/2024 19:15,10.71,15.8
599,7/29/2024 19:30,10.49,15.8
600,7/29/2024 19:45,10.29,15.84
601,7/29/2024 20:00,10.15,15.88
602,7/29/2024 20:15,9.55,15.84
603,7/29/2024 20:30,9.09,15.8
604,7/29/2024 20:45,8.99,15.84
605,7/29/2024 21:00,9.63,15.92
606,7/29/2024 21:15,9.88,15.9
607,7/29/2024 21:30,9.72,15.84
608,7/29/2024 21:45,9.75,15.8
609,7/29/2024 22:00,9.68,15.74
610,7/29/2024 22:15,9.46,15.68
611,7/29/2024 22:30,9.41,15.84
612,7/29/2024 22:45,9.34,15.8
613,7/29/2024 23:00,9.29,15.76
614,7/29/2024 23:15,9.07,15.8
615,7/29/2024 23:30,8.8,15.78
616,7/29/2024 23:45,8.73,15.8
617,7/30/2024 0:00,8.65,15.82
618,7/30/2024 0:15,8.58,15.86
619,7/30/2024 0:30,8.64,15.88
620,7/30/2024 0:45,8.39,15.9
621,7/30/2024 1:00,8.39,15.92
622,7/30/2024 1:15,8.25,15.96
623,7/30/2024 1:30,7.9,15.96
624,7/30/2024 1:45,7.69,15.98
625,7/30/2024 2:00,7.23,15.98
626,7/30/2024 2:15,7.1,15.96
627,7/30/2024 2:30,7.01,15.98
628,7/30/2024 2:45,7.47,16.1
629,7/30/2024 3:00,7.3,16.12
630,7/30/2024 3:15,7.2,16.12
631,7/30/2024 3:30,6.78,16.12
632,7/30/2024 3:45,7.1,16.14
633,7/30/2024 4:00,7.11,16.2
634,7/30/2024 4:15,7.26,16.28
635,7/30/2024 4:30,6.46,16.38
636,7/30/2024 4:45,5.21,16.32
637,7/30/2024 5:00,4.39,16.26
638,7/30/2024 5:15,3.95,16.28
639,7/30/2024 5:30,9.68,16.22
640,7/30/2024 5:45,9.73,16.14
641,7/30/2024 6:00,9.76,16.12
642,7/30/2024 6:15,9.76,16.14
643,7/30/2024 6:30,9.76,16.2
644,7/30/2024 6:45,9.71,16.36
645,7/30/2024 7:00,9.67,16.54
646,7/30/2024 7:15,9.63,16.72
647,7/30/2024 7:30,9.63,16.84
648,7/30/2024 7:45,9.62,16.96
649,7/30/2024 8:00,9.58,17.1
650,7/30/2024 8:15,9.61,17.08
651,7/30/2024 8:30,9.61,17.22
652,7/30/2024 8:45,9.49,17.94
653,7/30/2024 9:00,9.54,17.36
654,7/30/2024 9:15,9.66,17.24
655,7/30/2024 9:30,7.82,16.94
656,7/30/2024 9:45,7.17,16.54
657,7/30/2024 10:00,7.55,16.46
658,7/30/2024 10:15,9.13,16.46
659,7/30/2024 10:30,10.24,16.5
660,7/30/2024 10:45,10.83,16.56
661,7/30/2024 11:00,11.39,16.64
662,7/30/2024 11:15,11.49,16.68
663,7/30/2024 11:30,11.82,16.72
664,7/30/2024 11:45,11.72,16.78
665,7/30/2024 12:00,11.59,16.82
666,7/30/2024 12:15,11.44,16.84
667,7/30/2024 12:30,11.06,16.68
668,7/30/2024 12:45,10.58,16.36
669,7/30/2024 13:00,10.73,16.26
670,7/30/2024 13:15,10.43,16.22
671,7/30/2024 13:30,10.23,16.06
672,7/30/2024 13:45,10.58,16.04
673,7/30/2024 14:00,10.58,16.14
674,7/30/2024 14:15,10.59,16.16
675,7/30/2024 14:30,10.61,16.22
676,7/30/2024 14:45,10.7,16.3
677,7/30/2024 15:00,10.78,16.3
678,7/30/2024 15:15,10.76,16.28
679,7/30/2024 15:30,10.75,16.26
680,7/30/2024 15:45,9.84,15.62
681,7/30/2024 16:00,10.02,15.6
682,7/30/2024 16:15,9.91,15.46
683,7/30/2024 16:30,9.94,15.32
684,7/30/2024 16:45,10.06,15.32
685,7/30/2024 17:00,10.26,15.36
686,7/30/2024 17:15,10.4,15.52
687,7/30/2024 17:30,10.57,15.74
688,7/30/2024 17:45,10.91,15.86
689,7/30/2024 18:00,10.98,15.98
690,7/30/2024 18:15,10.87,16.18
691,7/30/2024 18:30,11.09,16.26
692,7/30/2024 18:45,10.83,16.28
693,7/30/2024 19:00,10.88,16.32
694,7/30/2024 19:15,10.68,16.38
695,7/30/2024 19:30,10.53,16.44
696,7/30/2024 19:45,10.53,16.52
697,7/30/2024 20:00,10.56,16.58
698,7/30/2024 20:15,10.39,16.58
699,7/30/2024 20:30,9.97,16.56
700,7/30/2024 20:45,10.06,16.6
701,7/30/2024 21:00,9.84,16.66
702,7/30/2024 21:15,9.59,16.68
703,7/30/2024 21:30,9.25,16.72
704,7/30/2024 21:45,8.91,16.7
705,7/30/2024 22:00,9.01,16.52
706,7/30/2024 22:15,9.23,16.44
707,7/30/2024 22:30,9.4,16.44
708,7/30/2024 22:45,9.46,16.56
709,7/30/2024 23:00,9.81,16.52
710,7/30/2024 23:15,9.35,16.52
711,7/30/2024 23:30,9.34,16.54
712,7/30/2024 23:45,9.23,16.58
713,7/31/2024 0:00,9.08,16.6
714,7/31/2024 0:15,8.15,16.56
715,7/31/2024 0:30,8.7,16.48
716,7/31/2024 0:45,8.57,16.5
717,7/31/2024 1:00,9.02,16.54
718,7/31/2024 1:15,8.75,16.56
719,7/31/2024 1:30,8.69,16.58
720,7/31/2024 1:45,8.56,16.6
721,7/31/2024 2:00,7.89,16.6
722,7/31/2024 2:15,7.67,16.6
723,7/31/2024 2:30,8.87,16.72
724,7/31/2024 2:45,7.47,16.64
725,7/31/2024 3:00,7.02,16.62
726,7/31/2024 3:15,7.32,16.64
727,7/31/2024 3:30,7.59,16.7
728,7/31/2024 3:45,6.92,16.7
729,7/31/2024 4:00,6.78,16.66
730,7/31/2024 4:15,7.56,16.68
731,7/31/2024 4:30,7.65,16.72
732,7/31/2024 4:45,7.72,16.76
733,7/31/2024 5:00,7.89,16.82
734,7/31/2024 5:15,6.57,16.76
735,7/31/2024 5:30,6.01,16.74
736,7/31/2024 5:45,5.19,16.72
737,7/31/2024 6:00,3.94,16.7
738,7/31/2024 6:15,9.78,16.18
739,7/31/2024 6:30,9.91,15.94
740,7/31/2024 6:45,9.87,15.94
741,7/31/2024 7:00,9.88,16.04
742,7/31/2024 7:15,9.85,16.16
743,7/31/2024 7:30,9.84,16.24
744,7/31/2024 7:45,9.81,16.32
745,7/31/2024 8:00,9.8,16.48
746,7/31/2024 8:15,9.78,16.68
747,7/31/2024 8:30,9.71,16.9
748,7/31/2024 8:45,9.66,17.18
749,7/31/2024 9:00,9.59,17.62
750,7/31/2024 9:15,9.49,18.2
751,7/31/2024 9:30,9.44,18.48
752,7/31/2024 9:45,9.23,19.58
753,7/31/2024 10:00,8.86,20.64
754,7/31/2024 10:15,8.72,21.5
755,7/31/2024 10:30,8.46,23.34
756,7/31/2024 10:45,13.91,19.84
757,7/31/2024 11:00,12.62,18.52
758,7/31/2024 11:15,12.62,18.2
759,7/31/2024 11:30,13.51,18.12
760,7/31/2024 11:45,13.91,18.22
761,7/31/2024 12:00,14.21,18.24
762,7/31/2024 12:15,15.43,18.34
763,7/31/2024 12:30,15.49,18.4
764,7/31/2024 12:45,16.18,18.5
765,7/31/2024 13:00,15.7,18.58
766,7/31/2024 13:15,14.61,18.16
767,7/31/2024 13:30,13.53,17.66
768,7/31/2024 13:45,12.58,17.18
769,7/31/2024 14:00,12.69,17.14
770,7/31/2024 14:15,12.88,17.24
771,7/31/2024 14:30,12.51,17.32
772,7/31/2024 14:45,12.11,17.26
773,7/31/2024 15:00,11.78,17.04
774,7/31/2024 15:15,11.58,17.04
775,7/31/2024 15:30,11.68,16.96
776,7/31/2024 15:45,11.8,16.84
777,7/31/2024 16:00,11.91,16.84
778,7/31/2024 16:15,11.96,16.8
779,7/31/2024 16:30,11.93,16.78
780,7/31/2024 16:45,11.85,16.84
781,7/31/2024 17:00,11.85,16.94
782,7/31/2024 17:15,11.8,17.02
783,7/31/2024 17:30,11.76,17.06
784,7/31/2024 17:45,11.72,17.1
785,7/31/2024 18:00,11.67,17.12
786,7/31/2024 18:15,11.6,17.14
787,7/31/2024 18:30,11.57,17.16
788,7/31/2024 18:45,11.6,17.1
789,7/31/2024 19:00,11.59,17.14
790,7/31/2024 19:15,11.49,17.18
791,7/31/2024 19:30,11.42,17.18
792,7/31/2024 19:45,11.23,17.18
793,7/31/2024 20:00,11.1,17.18
794,7/31/2024 20:15,10.98,17.16
795,7/31/2024 20:30,10.83,17.16
796,7/31/2024 20:45,10.66,17.18
797,7/31/2024 21:00,10.73,17.2
798,7/31/2024 21:15,10.66,17.2
799,7/31/2024 21:30,10.38,17.22
800,7/31/2024 21:45,9.79,17.2
801,7/31/2024 22:00,9.14,17.2
802,7/31/2024 22:15,9.02,17.18
803,7/31/2024 22:30,9.43,17.18
804,7/31/2024 22:45,8.65,17.18
805,7/31/2024 23:00,8.66,17.18
806,7/31/2024 23:15,8.29,17.2
807,7/31/2024 23:30,8.39,17.18
808,7/31/2024 23:45,8.45,17.2
809,8/1/2024 0:00,9.68,17.2
810,8/1/2024 0:15,9.73,17.18
811,8/1/2024 0:30,9.61,17.18
812,8/1/2024 0:45,9.7,17.18
813,8/1/2024 1:00,9.42,17.2
814,8/1/2024 1:15,9.14,17.2
815,8/1/2024 1:30,8.97,17.18
816,8/1/2024 1:45,9.15,17.18
817,8/1/2024 2:00,9.61,17.18
818,8/1/2024 2:15,9.64,17.14
819,8/1/2024 2:30,10.06,17.1
820,8/1/2024 2:45,9.8,17.04
821,8/1/2024 3:00,9.72,17
822,8/1/2024 3:15,9.63,16.96
823,8/1/2024 3:30,9.35,16.94
824,8/1/2024 3:45,9.8,16.88
825,8/1/2024 4:00,9.99,16.82
826,8/1/2024 4:15,9.98,16.78
827,8/1/2024 4:30,9.96,16.74
828,8/1/2024 4:45,9.82,16.72
829,8/1/2024 5:00,9.51,16.7
830,8/1/2024 5:15,9.16,16.7
831,8/1/2024 5:30,8.72,16.72
832,8/1/2024 5:45,8.25,16.72
833,8/1/2024 6:00,7.5,16.74
834,8/1/2024 6:15,7.11,16.72
835,8/1/2024 6:30,6.04,16.78
836,8/1/2024 6:45,4.54,16.66
837,8/1/2024 7:00,8.54,18.84
838,8/1/2024 7:15,8.97,19.06
839,8/1/2024 7:30,8.96,19.42
840,8/1/2024 7:45,8.81,20.12
841,8/1/2024 8:00,8.77,20.46
842,8/1/2024 8:15,8.65,20.96
843,8/1/2024 8:30,8.34,22.94
844,8/1/2024 8:45,8.15,24.08
845,8/1/2024 9:00,7.97,25.3
846,8/1/2024 9:15,7.85,26.28
847,8/1/2024 9:30,7.82,27.22
848,8/1/2024 9:45,7.74,28.3
849,8/1/2024 10:00,7.6,29.26
850,8/1/2024 10:15,7.5,29.3
851,8/1/2024 10:30,7.69,28.96
852,8/1/2024 10:45,7.48,29.74
853,8/1/2024 11:00,7.47,30.12
854,8/1/2024 11:15,7.55,29.74
855,8/1/2024 11:30,7.6,29.24
856,8/1/2024 11:45,17.08,22.94
857,8/1/2024 12:00,16.35,20.4
858,8/1/2024 12:15,16.28,19.18
859,8/1/2024 12:30,17.3,18.9
860,8/1/2024 12:45,14.4,18.38
861,8/1/2024 13:00,14.29,18.1
862,8/1/2024 13:15,14.11,18.06
863,8/1/2024 13:30,13.92,17.96
864,8/1/2024 13:45,13.86,17.82
865,8/1/2024 14:00,13.86,17.7
866,8/1/2024 14:15,14.31,17.76
867,8/1/2024 14:30,13.33,17.72
868,8/1/2024 14:45,12.79,17.56
869,8/1/2024 15:00,12.19,17.22
870,8/1/2024 15:15,11.19,16.58
871,8/1/2024 15:30,11.14,16.38
872,8/1/2024 15:45,11.06,16.28
873,8/1/2024 16:00,11.13,16.14
874,8/1/2024 16:15,11.01,16.1
875,8/1/2024 16:30,11.04,16.08
876,8/1/2024 16:45,11,16.06
877,8/1/2024 17:00,11.02,16.06
878,8/1/2024 17:15,10.96,16.06
879,8/1/2024 17:30,11.01,16.1
880,8/1/2024 17:45,10.98,16.14
881,8/1/2024 18:00,11.07,16.22
882,8/1/2024 18:15,11.11,16.24
883,8/1/2024 18:30,11.14,16.24
884,8/1/2024 18:45,11.22,16.42
885,8/1/2024 19:00,11.33,16.58
886,8/1/2024 19:15,11.21,16.54
887,8/1/2024 19:30,10.89,16.14
888,8/1/2024 19:45,10.67,16.06
889,8/1/2024 20:00,10.6,15.78
890,8/1/2024 20:15,10.43,15.72
891,8/1/2024 20:30,10.21,15.68
892,8/1/2024 20:45,10.18,15.6
893,8/1/2024 21:00,9.93,15.56
894,8/1/2024 21:15,9.68,15.4
895,8/1/2024 21:30,9.59,15.18
896,8/1/2024 21:45,9.4,15.16
897,8/1/2024 22:00,9.42,15.22
898,8/1/2024 22:15,9.15,15.24
899,8/1/2024 22:30,9.26,15.26
900,8/1/2024 22:45,9.35,15.24
901,8/1/2024 23:00,9.25,15.22
902,8/1/2024 23:15,9.07,15.22
903,8/1/2024 23:30,8.89,15.22
904,8/1/2024 23:45,8.63,15.22
905,8/2/2024 0:00,8.6,15.26
906,8/2/2024 0:15,8.78,15.28
907,8/2/2024 0:30,8.79,15.28
908,8/2/2024 0:45,8.68,15.28
909,8/2/2024 1:00,8.78,15.28
910,8/2/2024 1:15,8.71,15.28
911,8/2/2024 1:30,8.7,15.28
912,8/2/2024 1:45,8.39,15.32
913,8/2/2024 2:00,8.53,15.34
914,8/2/2024 2:15,8.35,15.36
915,8/2/2024 2:30,7.88,15.36
916,8/2/2024 2:45,7.92,15.34
917,8/2/2024 3:00,8.13,15.32
918,8/2/2024 3:15,8.33,15.32
919,8/2/2024 3:30,8.43,15.34
920,8/2/2024 3:45,8.43,15.3
921,8/2/2024 4:00,8.7,15.34
922,8/2/2024 4:15,8.7,15.32
923,8/2/2024 4:30,8.62,15.3
924,8/2/2024 4:45,8.4,15.24
925,8/2/2024 5:00,8.65,15.2
926,8/2/2024 5:15,8.68,15.18
927,8/2/2024 5:30,8.52,15.16
928,8/2/2024 5:45,8.31,15.16
929,8/2/2024 6:00,7.88,15.18
930,8/2/2024 6:15,7.59,15.18
931,8/2/2024 6:30,7.28,15.2
932,8/2/2024 6:45,6.73,15.3
933,8/2/2024 7:00,6.49,15.28
934,8/2/2024 7:15,6.4,15.32
935,8/2/2024 7:30,6.21,15.54
936,8/2/2024 7:45,9.4,17.66
937,8/2/2024 8:00,9.24,18.86
938,8/2/2024 8:15,8.96,20.12
939,8/2/2024 8:30,8.66,21.82
940,8/2/2024 8:45,8.48,22.32
941,8/2/2024 9:00,7.97,24.64
942,8/2/2024 9:15,8.06,24.86
943,8/2/2024 9:30,7.93,25.62
944,8/2/2024 9:45,8.39,23.2
945,8/2/2024 10:00,8.18,24.78
946,8/2/2024 10:15,7.62,28.32
947,8/2/2024 10:30,7.48,29.24
948,8/2/2024 10:45,7.41,29.44
949,8/2/2024 11:00,7.5,30.82
950,8/2/2024 11:15,7.39,31.1
951,8/2/2024 11:30,7.45,30.28
952,8/2/2024 11:45,7.55,29.92
953,8/2/2024 12:00,7.83,27.02
954,8/2/2024 12:15,8.03,26.48
955,8/2/2024 12:30,15.78,23.8
956,8/2/2024 12:45,18.92,20.2
957,8/2/2024 13:00,18.71,18.72
958,8/2/2024 13:15,17.24,18.52
959,8/2/2024 13:30,15.74,18.28
960,8/2/2024 13:45,14.47,17.8
961,8/2/2024 14:00,14.04,17.48
962,8/2/2024 14:15,14.26,17.56
963,8/2/2024 14:30,13.33,17.1
964,8/2/2024 14:45,12.28,16.54
965,8/2/2024 15:00,11.93,16.42
966,8/2/2024 15:15,11.63,16.3
967,8/2/2024 15:30,11.07,16.1
968,8/2/2024 15:45,10.74,15.76
969,8/2/2024 16:00,10.73,15.8
970,8/2/2024 16:15,10.5,15.6
971,8/2/2024 16:30,10.33,15.34
972,8/2/2024 16:45,10.07,15.06
973,8/2/2024 17:00,9.97,14.9
974,8/2/2024 17:15,9.93,14.84
975,8/2/2024 17:30,9.86,14.76
976,8/2/2024 17:45,9.76,14.7
977,8/2/2024 18:00,9.43,14.48
978,8/2/2024 18:15,8.99,14.08
979,8/2/2024 18:30,8.66,13.66
980,8/2/2024 18:45,8.46,13.46
981,8/2/2024 19:00,8.37,13.34
982,8/2/2024 19:15,8.26,13.22
983,8/2/2024 19:30,8.04,13.1
984,8/2/2024 19:45,7.82,12.86
985,8/2/2024 20:00,7.74,12.76
986,8/2/2024 20:15,7.64,12.78
987,8/2/2024 20:30,7.6,12.84
988,8/2/2024 20:45,7.39,12.92
989,8/2/2024 21:00,7.32,13
990,8/2/2024 21:15,7.19,13.1
991,8/2/2024 21:30,6.94,13.18
992,8/2/2024 21:45,6.75,13.26
993,8/2/2024 22:00,6.61,13.3
994,8/2/2024 22:15,6.43,13.36
995,8/2/2024 22:30,6.2,13.44
996,8/2/2024 22:45,5.91,13.52
997,8/2/2024 23:00,5.75,13.6
998,8/2/2024 23:15,5.46,13.68
999,8/2/2024 23:30,5.08,13.74
1000,8/2/2024 23:45,5.02,13.78
1001,8/3/2024 0:00,4.86,13.88
1002,8/3/2024 0:15,4.73,14
1003,8/3/2024 0:30,4.84,14.14
1004,8/3/2024 0:45,4.57,14.22
1005,8/3/2024 1:00,4.43,14.3
1006,8/3/2024 1:15,5.13,14.38
1007,8/3/2024 1:30,5.55,14.52
1008,8/3/2024 1:45,6.42,14.6
1009,8/3/2024 2:00,6.28,14.66
1010,8/3/2024 2:15,6.8,14.78
1011,8/3/2024 2:30,7.44,14.84
1012,8/3/2024 2:45,8.38,14.88
1013,8/3/2024 3:00,7.8,14.9
1014,8/3/2024 3:15,6.48,14.82
1015,8/3/2024 3:30,7.48,14.82
1016,8/3/2024 3:45,6.95,14.76
1017,8/3/2024 4:00,7.05,14.74
1018,8/3/2024 4:15,7.32,14.74
1019,8/3/2024 4:30,7.29,14.76
1020,8/3/2024 4:45,7.99,14.78
1021,8/3/2024 5:00,8.29,14.78
1022,8/3/2024 5:15,8.61,14.76
1023,8/3/2024 5:30,8.84,14.76
1024,8/3/2024 5:45,8.88,14.76
1025,8/3/2024 6:00,8.93,14.76
1026,8/3/2024 6:15,8.84,14.76
1027,8/3/2024 6:30,8.87,14.76
1028,8/3/2024 6:45,8.63,14.76
1029,8/3/2024 7:00,8.24,14.8
1030,8/3/2024 7:15,7.86,14.86
1031,8/3/2024 7:30,7.29,14.9
1032,8/3/2024 7:45,7.13,14.94
1033,8/3/2024 8:00,7.13,15
1034,8/3/2024 8:15,7.79,15.04
1035,8/3/2024 8:30,8.31,15.24
1036,8/3/2024 8:45,10.03,15.44
1037,8/3/2024 9:00,9.98,15.84
1038,8/3/2024 9:15,9.84,16.72
1039,8/3/2024 9:30,9.67,17.14
1040,8/3/2024 9:45,9.82,16.42
1041,8/3/2024 10:00,9.87,16.5
1042,8/3/2024 10:15,9.69,17.18
1043,8/3/2024 10:30,9.55,18
1044,8/3/2024 10:45,9.18,19.86
1045,8/3/2024 11:00,8.93,21.06
1046,8/3/2024 11:15,8.61,22.72
1047,8/3/2024 11:30,8.04,25.04
1048,8/3/2024 11:45,7.94,26
1049,8/3/2024 12:00,7.88,26.9
1050,8/3/2024 12:15,7.88,26.58
1051,8/3/2024 12:30,8.25,25.2
1052,8/3/2024 12:45,8.4,25.84
1053,8/3/2024 13:00,8.24,26.92
1054,8/3/2024 13:15,17.51,22.04
1055,8/3/2024 13:30,18.31,19.02
1056,8/3/2024 13:45,17.62,18.08
1057,8/3/2024 14:00,16.08,17.84
1058,8/3/2024 14:15,15.77,17.62
1059,8/3/2024 14:30,15.95,17.46
1060,8/3/2024 14:45,16.54,17.58
1061,8/3/2024 15:00,13.86,17.04
1062,8/3/2024 15:15,12.91,16.52
1063,8/3/2024 15:30,12.49,16.52
1064,8/3/2024 15:45,11.19,16.06
1065,8/3/2024 16:00,11.03,15.74
1066,8/3/2024 16:15,10.82,15.36
1067,8/3/2024 16:30,10.41,15.14
1068,8/3/2024 16:45,10.07,14.86
1069,8/3/2024 17:00,9.84,14.6
1070,8/3/2024 17:15,10.04,14.74
1071,8/3/2024 17:30,10.21,14.9
1072,8/3/2024 17:45,10.27,14.98
1073,8/3/2024 18:00,10.32,14.98
1074,8/3/2024 18:15,10.23,14.98
1075,8/3/2024 18:30,10.09,14.9
1076,8/3/2024 18:45,9.94,14.76
1077,8/3/2024 19:00,9.81,14.56
1078,8/3/2024 19:15,9.69,14.52
1079,8/3/2024 19:30,9.55,14.5
1080,8/3/2024 19:45,9.22,14.32
1081,8/3/2024 20:00,9.19,14.16
1082,8/3/2024 20:15,9.02,14.08
1083,8/3/2024 20:30,8.91,14.12
1084,8/3/2024 20:45,8.54,14.16
1085,8/3/2024 21:00,8.22,14.28
1086,8/3/2024 21:15,8.47,14.38
1087,8/3/2024 21:30,8.49,14.52
1088,8/3/2024 21:45,8.77,14.62
1089,8/3/2024 22:00,9.15,14.76
1090,8/3/2024 22:15,8.69,14.84
1091,8/3/2024 22:30,9.36,14.86
1092,8/3/2024 22:45,7.89,14.78
1093,8/3/2024 23:00,8.08,14.76
1094,8/3/2024 23:15,7.75,14.76
1095,8/3/2024 23:30,7.3,14.78
1096,8/3/2024 23:45,7.39,14.8
1097,8/4/2024 0:00,6.91,14.82
1098,8/4/2024 0:15,6.93,14.86
1099,8/4/2024 0:30,6.69,14.88
1100,8/4/2024 0:45,8.21,14.98
1101,8/4/2024 1:00,8.44,15.02
1102,8/4/2024 1:15,8.68,15.04
1103,8/4/2024 1:30,8.25,15.04
1104,8/4/2024 1:45,7.64,15.02
1105,8/4/2024 2:00,7.05,15
1106,8/4/2024 2:15,7.41,15.02
1107,8/4/2024 2:30,7.86,15.06
1108,8/4/2024 2:45,9.02,15.16
1109,8/4/2024 3:00,9.2,15.16
1110,8/4/2024 3:15,8.89,15.12
1111,8/4/2024 3:30,8.61,15.04
1112,8/4/2024 3:45,8.66,15
1113,8/4/2024 4:00,8.64,14.96
1114,8/4/2024 4:15,8.7,14.9
1115,8/4/2024 4:30,8.78,14.88
1116,8/4/2024 4:45,8.62,14.86
1117,8/4/2024 5:00,8.63,14.88
1118,8/4/2024 5:15,8.48,14.92
1119,8/4/2024 5:30,8.22,14.98
1120,8/4/2024 5:45,8.39,15.06
1121,8/4/2024 6:00,8.46,15.16
1122,8/4/2024 6:15,8.99,15.3
1123,8/4/2024 6:30,9.54,15.46
1124,8/4/2024 6:45,9.96,15.66
1125,8/4/2024 7:00,9.87,15.8
1126,8/4/2024 7:15,9.76,15.9
1127,8/4/2024 7:30,9.25,15.76
1128,8/4/2024 7:45,9.14,15.72
1129,8/4/2024 8:00,8.92,15.66
1130,8/4/2024 8:15,8.81,15.64
1131,8/4/2024 8:30,7.49,15.46
1132,8/4/2024 8:45,6.9,15.32
1133,8/4/2024 9:00,8.2,15.38
1134,8/4/2024 9:15,10.55,16.58
1135,8/4/2024 9:30,8.35,22.56
1136,8/4/2024 9:45,7.91,24.74
1137,8/4/2024 10:00,8.15,23.86
1138,8/4/2024 10:15,7.94,25.28
1139,8/4/2024 10:30,8.15,24.64
1140,8/4/2024 10:45,8,25.62
1141,8/4/2024 11:00,7.77,26.76
1142,8/4/2024 11:15,7.63,27.3
1143,8/4/2024 11:30,7.68,27.18
1144,8/4/2024 11:45,7.89,27.4
1145,8/4/2024 12:00,7.98,27.6
1146,8/4/2024 12:15,8.08,27.14
1147,8/4/2024 12:30,8.18,26.56
1148,8/4/2024 12:45,8.18,27.2
1149,8/4/2024 13:00,8.11,27.84
1150,8/4/2024 13:15,8.22,27.04
1151,8/4/2024 13:30,8.2,26.98
1152,8/4/2024 13:45,19.08,25.16
1153,8/4/2024 14:00,22.55,21.54
1154,8/4/2024 14:15,20.18,20.12
1155,8/4/2024 14:30,19.16,19.1
1156,8/4/2024 14:45,17.92,18.7
1157,8/4/2024 15:00,17.71,18.6
1158,8/4/2024 15:15,18.07,18.66
1159,8/4/2024 15:30,16.62,18.7
1160,8/4/2024 15:45,14.88,18.36
1161,8/4/2024 16:00,13.23,17.94
1162,8/4/2024 16:15,12.46,17.48
1163,8/4/2024 16:30,12.13,17.08
1164,8/4/2024 16:45,11.59,16.66
1165,8/4/2024 17:00,11.31,16.02
1166,8/4/2024 17:15,11.14,15.76
1167,8/4/2024 17:30,10.71,15.48
1168,8/4/2024 17:45,10.29,15.12
1169,8/4/2024 18:00,9.66,14.76
1170,8/4/2024 18:15,9.51,14.48
1171,8/4/2024 18:30,9.41,14.36
1172,8/4/2024 18:45,9.42,14.38
1173,8/4/2024 19:00,9.43,14.38
1174,8/4/2024 19:15,9.47,14.4
1175,8/4/2024 19:30,9.46,14.38
1176,8/4/2024 19:45,9.38,14.36
1177,8/4/2024 20:00,9.31,14.34
1178,8/4/2024 20:15,9.31,14.4
1179,8/4/2024 20:30,9.2,14.5
1180,8/4/2024 20:45,9.25,14.6
1181,8/4/2024 21:00,9.34,14.7
1182,8/4/2024 21:15,9.46,14.9
1183,8/4/2024 21:30,9.4,14.82
1184,8/4/2024 21:45,9.18,14.88
1185,8/4/2024 22:00,9.11,14.9
1186,8/4/2024 22:15,8.78,14.92
1187,8/4/2024 22:30,8.82,14.98
1188,8/4/2024 22:45,9.06,15.04
1189,8/4/2024 23:00,8.73,15.08
1190,8/4/2024 23:15,9,15.2
1191,8/4/2024 23:30,8.78,15.22
1192,8/4/2024 23:45,8.53,15.18
1193,8/5/2024 0:00,8.7,15.18
1194,8/5/2024 0:15,8.44,15.18
1195,8/5/2024 0:30,8.11,15.2
1196,8/5/2024 0:45,8.15,15.22
1197,8/5/2024 1:00,7.38,15.22
1198,8/5/2024 1:15,7.12,15.22
1199,8/5/2024 1:30,6.53,15.24
1200,8/5/2024 1:45,8.13,15.36
1201,8/5/2024 2:00,8.6,15.46
1202,8/5/2024 2:15,8.39,15.46
1203,8/5/2024 2:30,8.48,15.46
1204,8/5/2024 2:45,8.33,15.46
1205,8/5/2024 3:00,8.87,15.44
1206,8/5/2024 3:15,8.63,15.44
1207,8/5/2024 3:30,8.31,15.44
1208,8/5/2024 3:45,8.78,15.44
1209,8/5/2024 4:00,8.56,15.44
1210,8/5/2024 4:15,8.38,15.46
1211,8/5/2024 4:30,8.12,15.44
1212,8/5/2024 4:45,8.58,15.44
1213,8/5/2024 5:00,8.26,15.42
1214,8/5/2024 5:15,8.39,15.42
1215,8/5/2024 5:30,8.26,15.4
1216,8/5/2024 5:45,7.8,15.38
1217,8/5/2024 6:00,7.68,15.38
1218,8/5/2024 6:15,7.81,15.34
1219,8/5/2024 6:30,8.02,15.34
1220,8/5/2024 6:45,8.08,15.34
1221,8/5/2024 7:00,7.82,15.34
1222,8/5/2024 7:15,8.04,15.34
1223,8/5/2024 7:30,7.66,15.32
1224,8/5/2024 7:45,7.22,15.3
1225,8/5/2024 8:00,7.19,15.32
1226,8/5/2024 8:15,7.21,15.32
1227,8/5/2024 8:30,7.3,15.32
1228,8/5/2024 8:45,7.23,15.34
1229,8/5/2024 9:00,7.1,15.34
1230,8/5/2024 9:15,7,15.38
1231,8/5/2024 9:30,6.77,15.4
1232,8/5/2024 9:45,6.62,15.46
1233,8/5/2024 10:00,7.9,15.68
1234,8/5/2024 10:15,9.8,16.06
1235,8/5/2024 10:30,9.7,16.78
1236,8/5/2024 10:45,9.63,16.98
1237,8/5/2024 11:00,9.61,17.22
1238,8/5/2024 11:15,9.38,18.1
1239,8/5/2024 11:30,9.24,18.34
1240,8/5/2024 11:45,9.18,18.9
1241,8/5/2024 12:00,8.74,21.6
1242,8/5/2024 12:15,8.38,23.32
1243,8/5/2024 12:30,8.53,23.3
1244,8/5/2024 12:45,8.47,24.04
1245,8/5/2024 13:00,8.45,24.52
1246,8/5/2024 13:15,8.61,23.88
1247,8/5/2024 13:30,8.63,23.9
1248,8/5/2024 13:45,8.65,25.42
1249,8/5/2024 14:00,8.51,26.14
1250,8/5/2024 14:15,17.8,23.28
1251,8/5/2024 14:30,19.59,19.96
1252,8/5/2024 14:45,16.93,18.9
1253,8/5/2024 15:00,16.44,18.38
1254,8/5/2024 15:15,16.13,18.12
1255,8/5/2024 15:30,16.3,18.1
1256,8/5/2024 15:45,17.37,18.18
1257,8/5/2024 16:00,15.98,18.12
1258,8/5/2024 16:15,14.05,17.32
1259,8/5/2024 16:30,13.35,17.1
1260,8/5/2024 16:45,12.84,16.76
1261,8/5/2024 17:00,11.93,16.32
1262,8/5/2024 17:15,11.59,16.14
1263,8/5/2024 17:30,11.21,16
1264,8/5/2024 17:45,10.87,15.74
1265,8/5/2024 18:00,10.61,15.44
1266,8/5/2024 18:15,10.26,15.22
1267,8/5/2024 18:30,10.25,15.26
1268,8/5/2024 18:45,10.35,15.32
1269,8/5/2024 19:00,10.36,15.3
1270,8/5/2024 19:15,10.39,15.26
1271,8/5/2024 19:30,10.4,15.3
1272,8/5/2024 19:45,10.42,15.32
1273,8/5/2024 20:00,10.39,15.3
1274,8/5/2024 20:15,10.35,15.3
1275,8/5/2024 20:30,10.23,15.26
1276,8/5/2024 20:45,10.2,15.22
1277,8/5/2024 21:00,10.06,15.28
1278,8/5/2024 21:15,9.96,15.3
1279,8/5/2024 21:30,9.89,15.3
1280,8/5/2024 21:45,9.68,15.3
1281,8/5/2024 22:00,9.7,15.28
1282,8/5/2024 22:15,9.53,15.28
1283,8/5/2024 22:30,9.52,15.28
1284,8/5/2024 22:45,9.66,15.32
1285,8/5/2024 23:00,9.15,15.36
1286,8/5/2024 23:15,8.95,15.4
1287,8/5/2024 23:30,8.46,15.4
1288,8/5/2024 23:45,8.35,15.46
1289,8/6/2024 0:00,8.01,15.52
1290,8/6/2024 0:15,7.48,15.56
1291,8/6/2024 0:30,7.66,15.56
1292,8/6/2024 0:45,7.81,15.54
1293,8/6/2024 1:00,7.74,15.56
1294,8/6/2024 1:15,7.41,15.58
1295,8/6/2024 1:30,5.99,15.58
1296,8/6/2024 1:45,6.66,15.6
1297,8/6/2024 2:00,7.24,15.68
1298,8/6/2024 2:15,8.75,15.86
1299,8/6/2024 2:30,8.95,15.94
1300,8/6/2024 2:45,8.75,15.94
1301,8/6/2024 3:00,9.42,15.9
1302,8/6/2024 3:15,9.11,15.78
1303,8/6/2024 3:30,9.14,15.7
1304,8/6/2024 3:45,8.99,15.64
1305,8/6/2024 4:00,9.04,15.6
1306,8/6/2024 4:15,8.98,15.58
1307,8/6/2024 4:30,8.97,15.58
1308,8/6/2024 4:45,8.97,15.56
1309,8/6/2024 5:00,9.37,15.56
1310,8/6/2024 5:15,9.32,15.56
1311,8/6/2024 5:30,9.44,15.6
1312,8/6/2024 5:45,9.46,15.62
1313,8/6/2024 6:00,9.42,15.64
1314,8/6/2024 6:15,9.37,15.64
1315,8/6/2024 6:30,9.06,15.66
1316,8/6/2024 6:45,8.8,15.64
1317,8/6/2024 7:00,8.66,15.62
1318,8/6/2024 7:15,8.55,15.62
1319,8/6/2024 7:30,8.64,15.66
1320,8/6/2024 7:45,8.61,15.66
1321,8/6/2024 8:00,8.49,15.64
1322,8/6/2024 8:15,8.44,15.64
1323,8/6/2024 8:30,8.53,15.62
1324,8/6/2024 8:45,8.52,15.62
1325,8/6/2024 9:00,8.36,15.64
1326,8/6/2024 9:15,7.97,15.7
1327,8/6/2024 9:30,7.6,15.8
1328,8/6/2024 9:45,7.08,15.88
1329,8/6/2024 10:00,6.96,15.96
1330,8/6/2024 10:15,6.92,16.06
1331,8/6/2024 10:30,9.09,16.14
1332,8/6/2024 10:45,12.12,16.5
1333,8/6/2024 11:00,9.85,16.44
1334,8/6/2024 11:15,9.88,16.18
1335,8/6/2024 11:30,9.96,16.16
1336,8/6/2024 11:45,9.77,16.92
1337,8/6/2024 12:00,9.64,17.68
1338,8/6/2024 12:15,9.49,18.42
1339,8/6/2024 12:30,9.36,18.96
1340,8/6/2024 12:45,9.23,19.98
1341,8/6/2024 13:00,9.01,20.84
1342,8/6/2024 13:15,8.87,21.8
1343,8/6/2024 13:30,8.7,23.08
1344,8/6/2024 13:45,8.66,24.24
1345,8/6/2024 14:00,8.54,25.08
1346,8/6/2024 14:15,8.38,25.82
1347,8/6/2024 14:30,18.03,25.74
1348,8/6/2024 14:45,19.3,20.04
1349,8/6/2024 15:00,19.95,18.34
1350,8/6/2024 15:15,18.09,17.94
1351,8/6/2024 15:30,17.44,17.52
1352,8/6/2024 15:45,16.76,17.26
1353,8/6/2024 16:00,16.71,17.26
1354,8/6/2024 16:15,17.38,17.32
1355,8/6/2024 16:30,15.23,17.22
1356,8/6/2024 16:45,14.45,17.02
1357,8/6/2024 17:00,13.65,16.88
1358,8/6/2024 17:15,13.56,16.74
1359,8/6/2024 17:30,13.2,16.66
1360,8/6/2024 17:45,12.78,16.58
1361,8/6/2024 18:00,11.99,16.24
1362,8/6/2024 18:15,11.22,15.82
1363,8/6/2024 18:30,10.73,15.58
1364,8/6/2024 18:45,10.46,15.24
1365,8/6/2024 19:00,10.29,15.04
1366,8/6/2024 19:15,10.07,14.92
1367,8/6/2024 19:30,10,14.88
1368,8/6/2024 19:45,9.94,14.84
1369,8/6/2024 20:00,9.86,14.8
1370,8/6/2024 20:15,9.77,14.76
1371,8/6/2024 20:30,9.64,14.72
1372,8/6/2024 20:45,9.52,14.68
1373,8/6/2024 21:00,9.42,14.64
1374,8/6/2024 21:15,9.41,14.6
1375,8/6/2024 21:30,9.28,14.6
1376,8/6/2024 21:45,9.16,14.6
1377,8/6/2024 22:00,9.04,14.56
1378,8/6/2024 22:15,8.75,14.32
1379,8/6/2024 22:30,8.7,14.32
1380,8/6/2024 22:45,8.55,14.36
1381,8/6/2024 23:00,8.8,14.44
1382,8/6/2024 23:15,9.06,14.54
1383,8/6/2024 23:30,8.87,14.66
1384,8/6/2024 23:45,8.28,14.62
1385,8/7/2024 0:00,8.11,14.66
1386,8/7/2024 0:15,7.84,14.7
1387,8/7/2024 0:30,7.35,14.72
1388,8/7/2024 0:45,7.53,14.72
1389,8/7/2024 1:00,7.26,14.72
1390,8/7/2024 1:15,6.94,14.74
1391,8/7/2024 1:30,6.77,14.76
1392,8/7/2024 1:45,7.01,14.84
1393,8/7/2024 2:00,8.55,15
1394,8/7/2024 2:15,8.45,15.1
1395,8/7/2024 2:30,8.29,15.2
1396,8/7/2024 2:45,8.86,15.26
1397,8/7/2024 3:00,8.47,15.34
1398,8/7/2024 3:15,8.97,15.46
1399,8/7/2024 3:30,9.07,15.52
1400,8/7/2024 3:45,9.32,15.52
1401,8/7/2024 4:00,9.46,15.5
1402,8/7/2024 4:15,9.49,15.48
1403,8/7/2024 4:30,9.47,15.44
1404,8/7/2024 4:45,9.28,15.42
1405,8/7/2024 5:00,9.17,15.4
1406,8/7/2024 5:15,8.97,15.38
1407,8/7/2024 5:30,8.98,15.36
1408,8/7/2024 5:45,8.8,15.34
1409,8/7/2024 6:00,9.01,15.32
1410,8/7/2024 6:15,8.89,15.3
1411,8/7/2024 6:30,8.98,15.28
1412,8/7/2024 6:45,8.84,15.24
1413,8/7/2024 7:00,8.53,15.24
1414,8/7/2024 7:15,7.88,15.16
1415,8/7/2024 7:30,8.09,15.12
1416,8/7/2024 7:45,8.89,15.08
1417,8/7/2024 8:00,9.16,15.06
1418,8/7/2024 8:15,9.15,15.08
1419,8/7/2024 8:30,9.16,15.1
1420,8/7/2024 8:45,9.27,15.12
1421,8/7/2024 9:00,9.43,15.14
1422,8/7/2024 9:15,9.54,15.16
1423,8/7/2024 9:30,9.67,15.2
1424,8/7/2024 9:45,9.64,15.24
1425,8/7/2024 10:00,9.77,15.28
1426,8/7/2024 10:15,9.96,15.32
1427,8/7/2024 10:30,10.07,15.38
1428,8/7/2024 10:45,8.81,15.5
1429,8/7/2024 11:00,10.08,15.8
1430,8/7/2024 11:15,12.07,16.12
1431,8/7/2024 11:30,15.92,16.68
1432,8/7/2024 11:45,10.05,17.08
1433,8/7/2024 12:00,9.62,17.28
1434,8/7/2024 12:15,9.61,17.56
1435,8/7/2024 12:30,9.62,17.68
1436,8/7/2024 12:45,9.51,18.56
1437,8/7/2024 13:00,9.41,19.14
1438,8/7/2024 13:15,9.32,19.76
1439,8/7/2024 13:30,9.16,20.76
1440,8/7/2024 13:45,9.1,21.4
1441,8/7/2024 14:00,9.13,21.86
1442,8/7/2024 14:15,9.08,21.98
1443,8/7/2024 14:30,9.09,21.28
1444,8/7/2024 14:45,20.82,21.82
1445,8/7/2024 15:00,20.41,20.72
1446,8/7/2024 15:15,18.84,19.42
1447,8/7/2024 15:30,19.51,19.1
1448,8/7/2024 15:45,19.07,18.72
1449,8/7/2024 16:00,18.75,18.52
1450,8/7/2024 16:15,17.21,18.06
1451,8/7/2024 16:30,18.34,18.16
1452,8/7/2024 16:45,16.9,18.16
1453,8/7/2024 17:00,15.75,17.94
1454,8/7/2024 17:15,14.56,17.72
1455,8/7/2024 17:30,13.79,17.56
1456,8/7/2024 17:45,13.05,17.36
1457,8/7/2024 18:00,12.6,17.02
1458,8/7/2024 18:15,12.37,16.76
1459,8/7/2024 18:30,12.04,16.7
1460,8/7/2024 18:45,11.63,16.22
1461,8/7/2024 19:00,11.24,15.92
1462,8/7/2024 19:15,11.22,15.96
1463,8/7/2024 19:30,11.06,15.94
1464,8/7/2024 19:45,10.97,15.84
1465,8/7/2024 20:00,10.74,15.7
1466,8/7/2024 20:15,10.66,15.66
1467,8/7/2024 20:30,10.61,15.66
1468,8/7/2024 20:45,10.59,15.64
1469,8/7/2024 21:00,10.52,15.62
1470,8/7/2024 21:15,10.52,15.6
1471,8/7/2024 21:30,10.44,15.6
1472,8/7/2024 21:45,10.41,15.6
1473,8/7/2024 22:00,10.29,15.58
1474,8/7/2024 22:15,10.16,15.6
1475,8/7/2024 22:30,10.13,15.6
1476,8/7/2024 22:45,9.96,15.58
1477,8/7/2024 23:00,9.94,15.58
1478,8/7/2024 23:15,9.81,15.58
1479,8/7/2024 23:30,9.73,15.56
1480,8/7/2024 23:45,9.6,15.54
1481,8/8/2024 0:00,9.41,15.52
1482,8/8/2024 0:15,9.47,15.52
1483,8/8/2024 0:30,9.26,15.56
1484,8/8/2024 0:45,9,15.56
1485,8/8/2024 1:00,8.73,15.58
1486,8/8/2024 1:15,8.39,15.58
1487,8/8/2024 1:30,8.43,15.56
1488,8/8/2024 1:45,8.43,15.56
1489,8/8/2024 2:00,8.35,15.54
1490,8/8/2024 2:15,8.39,15.52
1491,8/8/2024 2:30,8.31,15.5
1492,8/8/2024 2:45,8.16,15.48
1493,8/8/2024 3:00,8.17,15.46
1494,8/8/2024 3:15,8.48,15.42
1495,8/8/2024 3:30,8.74,15.34
1496,8/8/2024 3:45,8.99,15.28
1497,8/8/2024 4:00,9.16,15.2
1498,8/8/2024 4:15,9.37,15.18
1499,8/8/2024 4:30,9.27,15.14
1500,8/8/2024 4:45,8.95,15.16
1501,8/8/2024 5:00,8.69,15.14
1502,8/8/2024 5:15,8.54,15.14
1503,8/8/2024 5:30,8.35,15.16
1504,8/8/2024 5:45,8.01,15.18
1505,8/8/2024 6:00,7.92,15.22
1506,8/8/2024 6:15,8.4,15.2
1507,8/8/2024 6:30,8.96,15
1508,8/8/2024 6:45,9.2,14.92
1509,8/8/2024 7:00,9.37,14.88
1510,8/8/2024 7:15,9.42,14.9
1511,8/8/2024 7:30,9.5,14.92
1512,8/8/2024 7:45,9.66,14.92
1513,8/8/2024 8:00,9.79,14.94
1514,8/8/2024 8:15,9.89,14.98
1515,8/8/2024 8:30,9.95,15
1516,8/8/2024 8:45,10.06,15.04
1517,8/8/2024 9:00,10.12,15.06
1518,8/8/2024 9:15,10.12,15.08
1519,8/8/2024 9:30,10.14,15.08
1520,8/8/2024 9:45,10.18,15.02
1521,8/8/2024 10:00,10.25,15
1522,8/8/2024 10:15,10.35,15.02
1523,8/8/2024 10:30,10.47,15.12
1524,8/8/2024 10:45,10.48,15.24
1525,8/8/2024 11:00,10.75,15.42
1526,8/8/2024 11:15,11.23,15.6
1527,8/8/2024 11:30,11.6,15.84
1528,8/8/2024 11:45,13.27,16.42
1529,8/8/2024 12:00,14.69,16.98
1530,8/8/2024 12:15,16.9,17.56
1531,8/8/2024 12:30,16.37,17.84
1532,8/8/2024 12:45,17.18,18.24
1533,8/8/2024 13:00,21.64,19.14
1534,8/8/2024 13:15,25.97,19
1535,8/8/2024 13:30,9.47,18.94
1536,8/8/2024 13:45,9.32,19.1
1537,8/8/2024 14:00,9.27,19.64
1538,8/8/2024 14:15,25.91,20.14
1539,8/8/2024 14:30,22.01,20.88
1540,8/8/2024 14:45,17.9,19.64
1541,8/8/2024 15:00,16.25,18.76
1542,8/8/2024 15:15,16.17,18.06
1543,8/8/2024 15:30,16.2,17.88
1544,8/8/2024 15:45,16.12,17.76
1545,8/8/2024 16:00,15.96,17.52
1546,8/8/2024 16:15,16.59,17.56
1547,8/8/2024 16:30,17.18,17.76
1548,8/8/2024 16:45,17.76,17.9
1549,8/8/2024 17:00,18.36,18.16
1550,8/8/2024 17:15,16.76,17.94
1551,8/8/2024 17:30,14.5,17.1
1552,8/8/2024 17:45,13.49,16.78
1553,8/8/2024 18:00,12.69,16.44
1554,8/8/2024 18:15,12.35,16.26
1555,8/8/2024 18:30,12.24,16.18
1556,8/8/2024 18:45,12.21,16.12
1557,8/8/2024 19:00,12.16,16.1
1558,8/8/2024 19:15,12.03,16.08
1559,8/8/2024 19:30,11.84,15.92
1560,8/8/2024 19:45,11.02,15.42
1561,8/8/2024 20:00,10.74,15.18
1562,8/8/2024 20:15,10.66,15.12
1563,8/8/2024 20:30,10.56,15.06
1564,8/8/2024 20:45,10.24,14.88
1565,8/8/2024 21:00,10.33,14.78
1566,8/8/2024 21:15,10.51,14.94
1567,8/8/2024 21:30,10.55,15.06
1568,8/8/2024 21:45,10.48,15.08
1569,8/8/2024 22:00,10.36,15.06
1570,8/8/2024 22:15,10.26,15.02
1571,8/8/2024 22:30,10.24,15
1572,8/8/2024 22:45,10.24,15.04
1573,8/8/2024 23:00,10.21,15.08
1574,8/8/2024 23:15,9.86,15.12
1575,8/8/2024 23:30,9.25,15.1
1576,8/8/2024 23:45,9.42,15.08
1577,8/9/2024 0:00,9.01,15.06
1578,8/9/2024 0:15,9.19,15.04
1579,8/9/2024 0:30,9.1,15.02
1580,8/9/2024 0:45,8.69,15.04
1581,8/9/2024 1:00,8.48,15.04
1582,8/9/2024 1:15,9.19,15.04
1583,8/9/2024 1:30,8.44,15.1
1584,8/9/2024 1:45,8.38,15.1
1585,8/9/2024 2:00,8.17,15.1
1586,8/9/2024 2:15,7.95,15.06
1587,8/9/2024 2:30,7.9,15.02
1588,8/9/2024 2:45,7.76,14.98
1589,8/9/2024 3:00,7.57,14.98
1590,8/9/2024 3:15,7.28,14.98
1591,8/9/2024 3:30,7.17,15
1592,8/9/2024 3:45,7.44,15
1593,8/9/2024 4:00,8.13,14.94
1594,8/9/2024 4:15,8.43,14.9
1595,8/9/2024 4:30,8.56,14.74
1596,8/9/2024 4:45,8.46,14.68
1597,8/9/2024 5:00,8.44,14.72
1598,8/9/2024 5:15,8.07,14.76
1599,8/9/2024 5:30,7.95,14.72
1600,8/9/2024 5:45,7.79,14.72
1601,8/9/2024 6:00,7.71,14.8
1602,8/9/2024 6:15,7.49,14.84
1603,8/9/2024 6:30,7.9,14.84
1604,8/9/2024 6:45,8.73,14.62
1605,8/9/2024 7:00,8.97,14.48
1606,8/9/2024 7:15,9.13,14.42
1607,8/9/2024 7:30,9.14,14.44
1608,8/9/2024 7:45,9.25,14.46
1609,8/9/2024 8:00,9.36,14.48
1610,8/9/2024 8:15,9.47,14.5
1611,8/9/2024 8:30,9.54,14.52
1612,8/9/2024 8:45,9.63,14.56
1613,8/9/2024 9:00,9.85,14.58
1614,8/9/2024 9:15,10,14.6
1615,8/9/2024 9:30,9.95,14.64
1616,8/9/2024 9:45,9.95,14.72
1617,8/9/2024 10:00,10.11,14.78
1618,8/9/2024 10:15,10.36,14.78
1619,8/9/2024 10:30,10.5,14.74
1620,8/9/2024 10:45,10.48,14.64
1621,8/9/2024 11:00,10.64,14.7
1622,8/9/2024 11:15,11,14.82
1623,8/9/2024 11:30,10.93,14.96
1624,8/9/2024 11:45,10.95,15.18
1625,8/9/2024 12:00,11.11,15.42
1626,8/9/2024 12:15,11.12,15.76
1627,8/9/2024 12:30,11.86,15.86
1628,8/9/2024 12:45,11.54,15.82
1629,8/9/2024 13:00,13.2,15.86
1630,8/9/2024 13:15,14.2,16.28
1631,8/9/2024 13:30,16.31,16.3
1632,8/9/2024 13:45,15.59,17.5
1633,8/9/2024 14:00,15.01,18.42
1634,8/9/2024 14:15,15.12,19.6
1635,8/9/2024 14:30,22.73,17.84
1636,8/9/2024 14:45,22.19,17.32
1637,8/9/2024 15:00,19.12,17.16
1638,8/9/2024 15:15,19.45,17.22
1639,8/9/2024 15:30,16.28,17.08
1640,8/9/2024 15:45,15.69,16.96
1641,8/9/2024 16:00,15.34,16.98
1642,8/9/2024 16:15,15.67,16.98
1643,8/9/2024 16:30,16.68,17.02
1644,8/9/2024 16:45,16.13,17
1645,8/9/2024 17:00,16,16.92
1646,8/9/2024 17:15,15.95,16.94
1647,8/9/2024 17:30,17.07,17.08
1648,8/9/2024 17:45,17.33,17.2
1649,8/9/2024 18:00,17.78,17.4
1650,8/9/2024 18:15,13.63,16.92
1651,8/9/2024 18:30,13.14,16.56
1652,8/9/2024 18:45,12.89,16.42
1653,8/9/2024 19:00,12.79,16.42
1654,8/9/2024 19:15,12.64,16.26
1655,8/9/2024 19:30,12.34,16.16
1656,8/9/2024 19:45,12.17,16.02
1657,8/9/2024 20:00,12.02,15.96
1658,8/9/2024 20:15,11.98,15.9
1659,8/9/2024 20:30,11.89,15.78
1660,8/9/2024 20:45,11.57,15.6
1661,8/9/2024 21:00,11.2,15.2
1662,8/9/2024 21:15,11.04,15.08
1663,8/9/2024 21:30,11.02,15.16
1664,8/9/2024 21:45,10.87,15.14
1665,8/9/2024 22:00,10.74,15.06
1666,8/9/2024 22:15,10.77,15.02
1667,8/9/2024 22:30,10.74,15.02
1668,8/9/2024 22:45,10.75,15
1669,8/9/2024 23:00,10.74,14.98
1670,8/9/2024 23:15,10.59,15
1671,8/9/2024 23:30,10.46,15.04
1672,8/9/2024 23:45,10.36,15.08
1673,8/10/2024 0:00,10.26,15.12
1674,8/10/2024 0:15,10.2,15.08
1675,8/10/2024 0:30,10.17,15.02
1676,8/10/2024 0:45,10.02,14.96
1677,8/10/2024 1:00,9.81,14.96
1678,8/10/2024 1:15,9.55,14.98
1679,8/10/2024 1:30,9.38,14.98
1680,8/10/2024 1:45,9.2,14.98
1681,8/10/2024 2:00,8.81,15.16
1682,8/10/2024 2:15,8.34,15.12
1683,8/10/2024 2:30,7.92,15.2
1684,8/10/2024 2:45,7.28,15.2
1685,8/10/2024 3:00,7.31,15.18
1686,8/10/2024 3:15,7.32,15.16
1687,8/10/2024 3:30,7.44,15.14
1688,8/10/2024 3:45,7.37,15.12
1689,8/10/2024 4:00,6.87,15.14
1690,8/10/2024 4:15,7.05,15.1
1691,8/10/2024 4:30,7.46,15.06
1692,8/10/2024 4:45,8.19,15
1693,8/10/2024 5:00,8.43,14.96
1694,8/10/2024 5:15,8.92,14.92
1695,8/10/2024 5:30,8.66,14.9
1696,8/10/2024 5:45,8.1,14.9
1697,8/10/2024 6:00,7.91,14.9
1698,8/10/2024 6:15,7.79,14.9
1699,8/10/2024 6:30,7.51,14.92
1700,8/10/2024 6:45,7.35,14.92
1701,8/10/2024 7:00,7.36,14.92
1702,8/10/2024 7:15,7.51,14.94
1703,8/10/2024 7:30,7.59,14.92
1704,8/10/2024 7:45,8.63,14.88
1705,8/10/2024 8:00,9.04,14.8
1706,8/10/2024 8:15,9.34,14.74
1707,8/10/2024 8:30,9.47,14.72
1708,8/10/2024 8:45,9.67,14.74
1709,8/10/2024 9:00,9.93,14.74
1710,8/10/2024 9:15,10.09,14.76
1711,8/10/2024 9:30,10.26,14.78
1712,8/10/2024 9:45,10.4,14.8
1713,8/10/2024 10:00,10.74,14.82
1714,8/10/2024 10:15,10.98,14.84
1715,8/10/2024 10:30,11.12,14.86
1716,8/10/2024 10:45,11.1,14.86
1717,8/10/2024 11:00,10.95,14.84
1718,8/10/2024 11:15,10.78,14.74
1719,8/10/2024 11:30,10.83,14.7
1720,8/10/2024 11:45,11.1,14.8
1721,8/10/2024 12:00,11.21,14.94
1722,8/10/2024 12:15,11.37,15.06
1723,8/10/2024 12:30,11.57,15.18
1724,8/10/2024 12:45,12.02,15.3
1725,8/10/2024 13:00,12.51,15.42
1726,8/10/2024 13:15,12.88,15.56
1727,8/10/2024 13:30,13.41,15.68
1728,8/10/2024 13:45,14.38,15.78
1729,8/10/2024 14:00,14.9,15.88
1730,8/10/2024 14:15,15.9,16.02
1731,8/10/2024 14:30,16.54,16.14
1732,8/10/2024 14:45,16.4,16.18
1733,8/10/2024 15:00,16.88,16.24
1734,8/10/2024 15:15,17.57,16.28
1735,8/10/2024 15:30,17.36,16.34
1736,8/10/2024 15:45,17.9,16.36
1737,8/10/2024 16:00,17.56,16.42
1738,8/10/2024 16:15,16.91,16.5
1739,8/10/2024 16:30,16.38,16.56
1740,8/10/2024 16:45,15.99,16.54
1741,8/10/2024 17:00,15.9,16.54
1742,8/10/2024 17:15,16.29,16.6
1743,8/10/2024 17:30,16.07,16.64
1744,8/10/2024 17:45,16.27,16.66
1745,8/10/2024 18:00,15.19,16.92
1746,8/10/2024 18:15,14.54,17.04
1747,8/10/2024 18:30,14.27,17.08
1748,8/10/2024 18:45,14.36,17.06
1749,8/10/2024 19:00,14.49,16.86
1750,8/10/2024 19:15,14.62,16.7
1751,8/10/2024 19:30,14.69,16.58
1752,8/10/2024 19:45,14.54,16.46
1753,8/10/2024 20:00,14.7,16.38
1754,8/10/2024 20:15,14.85,16.32
1755,8/10/2024 20:30,14.84,16.24
1756,8/10/2024 20:45,14.57,16.18
1757,8/10/2024 21:00,14.17,16.16
1758,8/10/2024 21:15,14.26,16.14
1759,8/10/2024 21:30,13.68,16.06
1760,8/10/2024 21:45,13.72,15.98
1761,8/10/2024 22:00,13.68,15.76
1762,8/10/2024 22:15,13.77,15.58
1763,8/10/2024 22:30,13.53,15.5
1764,8/10/2024 22:45,13.17,15.48
1765,8/10/2024 23:00,12.84,15.44
1766,8/10/2024 23:15,11.54,15.32
1767,8/10/2024 23:30,11.44,15.12
1768,8/10/2024 23:45,9.91,14.58
1769,8/11/2024 0:00,9.61,14.38
1770,8/11/2024 0:15,9.53,14.42
1771,8/11/2024 0:30,9.07,14.52
1772,8/11/2024 0:45,8.81,14.52
1773,8/11/2024 1:00,8.66,14.7
1774,8/11/2024 1:15,8.65,14.8
1775,8/11/2024 1:30,7.97,14.68
1776,8/11/2024 1:45,7.33,14.6
1777,8/11/2024 2:00,7.22,14.82
1778,8/11/2024 2:15,6.7,14.82
1779,8/11/2024 2:30,6.01,14.96
1780,8/11/2024 2:45,6.85,15.08
1781,8/11/2024 3:00,7.01,15.12
1782,8/11/2024 3:15,7.37,15.26
1783,8/11/2024 3:30,7.83,15.34
1784,8/11/2024 3:45,7.42,15.34
1785,8/11/2024 4:00,7.13,15.34
1786,8/11/2024 4:15,7.19,15.36
1787,8/11/2024 4:30,7.08,15.36
1788,8/11/2024 4:45,7.38,15.4
1789,8/11/2024 5:00,8.82,15.82
1790,8/11/2024 5:15,9.2,16.28
1791,8/11/2024 5:30,9.41,16.64
1792,8/11/2024 5:45,9.43,16.9
1793,8/11/2024 6:00,9.77,17.08
1794,8/11/2024 6:15,8.96,17.1
1795,8/11/2024 6:30,6.6,16.62
1796,8/11/2024 6:45,5.24,16.38
1797,8/11/2024 7:00,4.91,16.26
1798,8/11/2024 7:15,5.62,16.32
1799,8/11/2024 7:30,6.76,16.5
1800,8/11/2024 7:45,5.91,16.08
1801,8/11/2024 8:00,7.66,16.06
1802,8/11/2024 8:15,8.02,16.08
1803,8/11/2024 8:30,8.16,16.12
1804,8/11/2024 8:45,8.68,16.18
1805,8/11/2024 9:00,9.06,16.22
1806,8/11/2024 9:15,8.89,16.22
1807,8/11/2024 9:30,8.66,16.22
1808,8/11/2024 9:45,9.05,16.28
1809,8/11/2024 10:00,9.35,16.36
1810,8/11/2024 10:15,9.8,16.46
1811,8/11/2024 10:30,10.03,16.52
1812,8/11/2024 10:45,10.21,16.56
1813,8/11/2024 11:00,10.62,16.58
1814,8/11/2024 11:15,10.36,16.66
1815,8/11/2024 11:30,9.84,16.62
1816,8/11/2024 11:45,10.06,16.68
1817,8/11/2024 12:00,10.05,16.74
1818,8/11/2024 12:15,10.08,16.78
1819,8/11/2024 12:30,10.46,16.86
1820,8/11/2024 12:45,10.8,16.94
1821,8/11/2024 13:00,11.47,17.06
1822,8/11/2024 13:15,11.67,17.16
1823,8/11/2024 13:30,11.87,17.22
1824,8/11/2024 13:45,12.1,17.22
1825,8/11/2024 14:00,12.53,17.26
1826,8/11/2024 14:15,12.8,17.32
1827,8/11/2024 14:30,12.83,17.36
1828,8/11/2024 14:45,12.93,17.4
1829,8/11/2024 15:00,12.98,17.4
1830,8/11/2024 15:15,12.92,17.44
1831,8/11/2024 15:30,13.19,17.44
1832,8/11/2024 15:45,13.36,17.44
1833,8/11/2024 16:00,13.19,17.44
1834,8/11/2024 16:15,17.35,16.9
1835,8/11/2024 16:30,16.82,16.64
1836,8/11/2024 16:45,16.58,16.64
1837,8/11/2024 17:00,15.74,16.62
1838,8/11/2024 17:15,14.75,16.68
1839,8/11/2024 17:30,14.03,16.84
1840,8/11/2024 17:45,13.51,17.04
1841,8/11/2024 18:00,13.4,17.02
1842,8/11/2024 18:15,13.13,17.06
1843,8/11/2024 18:30,13.01,17.02
1844,8/11/2024 18:45,13.1,17.04
1845,8/11/2024 19:00,12.8,17
1846,8/11/2024 19:15,12.79,17.16
1847,8/11/2024 19:30,12.18,17.14
1848,8/11/2024 19:45,12.52,17.2
1849,8/11/2024 20:00,12.42,17.04
1850,8/11/2024 20:15,12.27,16.88
1851,8/11/2024 20:30,12.21,16.8
1852,8/11/2024 20:45,12.12,16.78
1853,8/11/2024 21:00,11.94,16.76
1854,8/11/2024 21:15,11.63,16.76
1855,8/11/2024 21:30,11.63,16.76
1856,8/11/2024 21:45,11.72,16.76
1857,8/11/2024 22:00,11.8,16.74
1858,8/11/2024 22:15,11.73,16.74
1859,8/11/2024 22:30,11.58,16.74
1860,8/11/2024 22:45,11.54,16.7
1861,8/11/2024 23:00,11.5,16.7
1862,8/11/2024 23:15,11.63,16.7
1863,8/11/2024 23:30,11.74,16.7
1864,8/11/2024 23:45,11.84,16.72
1865,8/12/2024 0:00,11.67,16.74
1866,8/12/2024 0:15,11.58,16.74
1867,8/12/2024 0:30,11.54,16.76
1868,8/12/2024 0:45,11.46,16.76
1869,8/12/2024 1:00,11.39,16.76
1870,8/12/2024 1:15,11.33,16.8
1871,8/12/2024 1:30,11.04,16.8
1872,8/12/2024 1:45,10.74,16.86
1873,8/12/2024 2:00,10.4,16.88
1874,8/12/2024 2:15,10.06,16.9
1875,8/12/2024 2:30,9.57,16.9
1876,8/12/2024 2:45,8.97,16.86
1877,8/12/2024 3:00,8.03,16.82
1878,8/12/2024 3:15,7.68,16.8
1879,8/12/2024 3:30,7.47,16.8
1880,8/12/2024 3:45,7.1,16.76
1881,8/12/2024 4:00,6.68,16.68
1882,8/12/2024 4:15,5.82,16.5
1883,8/12/2024 4:30,5.21,16.22
1884,8/12/2024 4:45,4.78,15.84
1885,8/12/2024 5:00,4.71,15.74
1886,8/12/2024 5:15,4.56,15.92
1887,8/12/2024 5:30,4.9,16.1
1888,8/12/2024 5:45,4.92,16.26
1889,8/12/2024 6:00,5.97,16.36
1890,8/12/2024 6:15,7.14,16.18
1891,8/12/2024 6:30,8.91,16.1
1892,8/12/2024 6:45,9.19,16.2
1893,8/12/2024 7:00,9.72,16.24
1894,8/12/2024 7:15,9.42,16.22
1895,8/12/2024 7:30,9.26,16.18
1896,8/12/2024 7:45,9.32,16.16
1897,8/12/2024 8:00,9.1,16.14
1898,8/12/2024 8:15,8.91,16.16
1899,8/12/2024 8:30,8.97,16.16
1900,8/12/2024 8:45,9.06,16.18
1901,8/12/2024 9:00,9.27,16.18
1902,8/12/2024 9:15,9.38,16.2
1903,8/12/2024 9:30,9.76,16.22
1904,8/12/2024 9:45,10.2,16.24
1905,8/12/2024 10:00,10.73,16.28
1906,8/12/2024 10:15,10.71,16.34
1907,8/12/2024 10:30,10.93,16.34
1908,8/12/2024 10:45,11.22,16.36
1909,8/12/2024 11:00,11.66,16.4
1910,8/12/2024 11:15,12.17,16.42
1911,8/12/2024 11:30,12.25,16.44
1912,8/12/2024 11:45,12.34,16.46
1913,8/12/2024 12:00,12.13,16.46
1914,8/12/2024 12:15,11.99,16.4
1915,8/12/2024 12:30,11.96,16.4
1916,8/12/2024 12:45,12.09,16.42
1917,8/12/2024 13:00,12.29,16.46
1918,8/12/2024 13:15,12.35,16.54
1919,8/12/2024 13:30,12.48,16.62
1920,8/12/2024 13:45,12.49,16.7
1921,8/12/2024 14:00,12,16.68
1922,8/12/2024 14:15,12.24,16.7
1923,8/12/2024 14:30,12.46,16.74
1924,8/12/2024 14:45,12.6,16.72
1925,8/12/2024 15:00,13.19,16.76
1926,8/12/2024 15:15,13.49,16.82
1927,8/12/2024 15:30,13.58,16.82
1928,8/12/2024 15:45,13.78,16.88
1929,8/12/2024 16:00,13.7,16.86
1930,8/12/2024 16:15,13.91,16.88
1931,8/12/2024 16:30,13.73,16.9
1932,8/12/2024 16:45,13.64,16.9
1933,8/12/2024 17:00,14.13,16.98
1934,8/12/2024 17:15,13.68,17
1935,8/12/2024 17:30,13.64,17
1936,8/12/2024 17:45,14.42,17
1937,8/12/2024 18:00,14.92,17.04
1938,8/12/2024 18:15,15.59,17
1939,8/12/2024 18:30,16.49,16.94
1940,8/12/2024 18:45,13.78,17.16
1941,8/12/2024 19:00,13.62,17.26
1942,8/12/2024 19:15,13.64,17.2
1943,8/12/2024 19:30,13.34,17.18
1944,8/12/2024 19:45,12.74,17.16
1945,8/12/2024 20:00,12.11,17.24
1946,8/12/2024 20:15,11.6,17.36
1947,8/12/2024 20:30,11.82,17.38
1948,8/12/2024 20:45,12.18,17.38
1949,8/12/2024 21:00,12.1,17.34
1950,8/12/2024 21:15,12.04,17.3
1951,8/12/2024 21:30,11.53,17.2
1952,8/12/2024 21:45,11.46,17.14
1953,8/12/2024 22:00,11.42,17.16
1954,8/12/2024 22:15,11.12,17.26
1955,8/12/2024 22:30,11.07,17.22
1956,8/12/2024 22:45,11.12,17.22
1957,8/12/2024 23:00,10.84,17.22
1958,8/12/2024 23:15,10.73,17.22
1959,8/12/2024 23:30,10.53,17.22
1960,8/12/2024 23:45,10.57,17.2
1961,8/13/2024 0:00,10.65,17.2
1962,8/13/2024 0:15,10.93,17.26
1963,8/13/2024 0:30,11.05,17.28
1964,8/13/2024 0:45,11.01,17.26
1965,8/13/2024 1:00,10.94,17.24
1966,8/13/2024 1:15,10.77,17.2
1967,8/13/2024 1:30,10.59,17.16
1968,8/13/2024 1:45,10.43,17.14
1969,8/13/2024 2:00,10.13,17.14
1970,8/13/2024 2:15,9.77,17.14
1971,8/13/2024 2:30,9.24,17.16
1972,8/13/2024 2:45,9.23,17.16
1973,8/13/2024 3:00,8.99,17.18
1974,8/13/2024 3:15,8.64,17.24
1975,8/13/2024 3:30,8.15,17.2
1976,8/13/2024 3:45,7.2,17.24
1977,8/13/2024 4:00,6.91,17.28
1978,8/13/2024 4:15,6.42,17.26
1979,8/13/2024 4:30,4.92,17.1
1980,8/13/2024 4:45,3.03,16.38
1981,8/13/2024 5:00,10.04,15.54
1982,8/13/2024 5:15,10.15,15.04
1983,8/13/2024 5:30,10.21,14.82
1984,8/13/2024 5:45,10.24,14.68
1985,8/13/2024 6:00,10.26,14.62
1986,8/13/2024 6:15,10.26,14.62
1987,8/13/2024 6:30,10.25,14.68
1988,8/13/2024 6:45,3.14,15.02
1989,8/13/2024 7:00,4.66,16.3
1990,8/13/2024 7:15,5.31,16.78
1991,8/13/2024 7:30,5.24,16.92
1992,8/13/2024 7:45,5.39,16.98
1993,8/13/2024 8:00,5.54,17
1994,8/13/2024 8:15,5.32,17.02
1995,8/13/2024 8:30,5.18,17.04
1996,8/13/2024 8:45,5.22,17.04
1997,8/13/2024 9:00,7.01,16.98
1998,8/13/2024 9:15,7.85,16.96
1999,8/13/2024 9:30,8.48,16.96
2000,8/13/2024 9:45,8.91,17
2001,8/13/2024 10:00,8.45,17.02
2002,8/13/2024 10:15,8.87,17.06
2003,8/13/2024 10:30,9.59,17.06
2004,8/13/2024 10:45,9.78,17.08
2005,8/13/2024 11:00,10.43,17.12
2006,8/13/2024 11:15,11.51,17.18
2007,8/13/2024 11:30,11.57,17.22
2008,8/13/2024 11:45,11.48,17.18
2009,8/13/2024 12:00,11.62,17.16
2010,8/13/2024 12:15,11.51,17.02
2011,8/13/2024 12:30,11.48,16.9
2012,8/13/2024 12:45,11.48,16.76
2013,8/13/2024 13:00,11.48,16.74
2014,8/13/2024 13:15,11.44,16.74
2015,8/13/2024 13:30,11.37,16.68
2016,8/13/2024 13:45,11.42,16.66
2017,8/13/2024 14:00,11.48,16.68
2018,8/13/2024 14:15,11.25,16.24
2019,8/13/2024 14:30,11.28,15.8
2020,8/13/2024 14:45,11.31,16.06
2021,8/13/2024 15:00,11.3,16.02
2022,8/13/2024 15:15,11.29,16.12
2023,8/13/2024 15:30,11.13,16.16
2024,8/13/2024 15:45,10.67,15.98
2025,8/13/2024 16:00,10.57,16.06
2026,8/13/2024 16:15,10.55,16.24
2027,8/13/2024 16:30,10.74,16.6
2028,8/13/2024 16:45,10.74,16.78
2029,8/13/2024 17:00,11.09,16.86
2030,8/13/2024 17:15,11.28,16.98
2031,8/13/2024 17:30,11.33,17.04
2032,8/13/2024 17:45,11.24,16.88
2033,8/13/2024 18:00,11.37,16.96
2034,8/13/2024 18:15,11.54,16.88
2035,8/13/2024 18:30,11.54,17.04
2036,8/13/2024 18:45,11.22,16.88
2037,8/13/2024 19:00,11.69,16.36
2038,8/13/2024 19:15,11.62,16.14
2039,8/13/2024 19:30,11.75,16
2040,8/13/2024 19:45,11.37,16.12
2041,8/13/2024 20:00,11.41,16.28
2042,8/13/2024 20:15,11.73,16.66
2043,8/13/2024 20:30,11.51,16.74
2044,8/13/2024 20:45,11.03,16.7
2045,8/13/2024 21:00,10.51,16.54
2046,8/13/2024 21:15,10.7,16.64
2047,8/13/2024 21:30,10.66,16.66
2048,8/13/2024 21:45,10.51,16.66
2049,8/13/2024 22:00,10.56,16.68
2050,8/13/2024 22:15,10.44,16.7
2051,8/13/2024 22:30,10.73,16.7
2052,8/13/2024 22:45,10.98,16.7
2053,8/13/2024 23:00,10.62,16.72
2054,8/13/2024 23:15,10.47,16.72
2055,8/13/2024 23:30,10.24,16.72
2056,8/13/2024 23:45,9.31,16.7
2057,8/14/2024 0:00,9.52,16.7
2058,8/14/2024 0:15,9.72,16.66
2059,8/14/2024 0:30,10.07,16.64
2060,8/14/2024 0:45,10.33,16.66
2061,8/14/2024 1:00,10.29,16.68
2062,8/14/2024 1:15,9.73,16.68
2063,8/14/2024 1:30,9.71,16.66
2064,8/14/2024 1:45,9.84,16.66
2065,8/14/2024 2:00,10.18,16.66
2066,8/14/2024 2:15,10.08,16.66
2067,8/14/2024 2:30,9.94,16.66
2068,8/14/2024 2:45,9.7,16.66
2069,8/14/2024 3:00,9.49,16.66
2070,8/14/2024 3:15,9.24,16.68
2071,8/14/2024 3:30,8.91,16.7
2072,8/14/2024 3:45,8.51,16.72
2073,8/14/2024 4:00,8.1,16.74
2074,8/14/2024 4:15,7.46,16.72
2075,8/14/2024 4:30,6.75,16.8
2076,8/14/2024 4:45,5.91,16.9
2077,8/14/2024 5:00,4.56,16.78
2078,8/14/2024 5:15,10.04,15.64
2079,8/14/2024 5:30,10.17,15.06
2080,8/14/2024 5:45,10.23,14.86
2081,8/14/2024 6:00,10.26,14.76
2082,8/14/2024 6:15,10.26,14.74
2083,8/14/2024 6:30,10.26,14.72
2084,8/14/2024 6:45,10.26,14.78
2085,8/14/2024 7:00,10.24,14.86
2086,8/14/2024 7:15,10.2,15.02
2087,8/14/2024 7:30,10.16,15.24
2088,8/14/2024 7:45,9.93,15.98
2089,8/14/2024 8:00,9.81,16.64
2090,8/14/2024 8:15,9.78,16.7
2091,8/14/2024 8:30,4.78,17.02
2092,8/14/2024 8:45,6.2,17
2093,8/14/2024 9:00,6.96,17.02
2094,8/14/2024 9:15,7.49,17.06
2095,8/14/2024 9:30,8.25,17.12
2096,8/14/2024 9:45,10.47,17.16
2097,8/14/2024 10:00,12.01,17.28
2098,8/14/2024 10:15,12.54,17.4
2099,8/14/2024 10:30,13.13,17.48
2100,8/14/2024 10:45,13.38,17.58
2101,8/14/2024 11:00,13.81,17.66
2102,8/14/2024 11:15,13.33,17.66
2103,8/14/2024 11:30,13.41,17.6
2104,8/14/2024 11:45,13.34,17.56
2105,8/14/2024 12:00,12.8,17.42
2106,8/14/2024 12:15,12.55,17.32
2107,8/14/2024 12:30,12.44,17.3
2108,8/14/2024 12:45,12.43,17.44
2109,8/14/2024 13:00,12.46,17.46
2110,8/14/2024 13:15,12.49,17.4
2111,8/14/2024 13:30,12.36,17.32
2112,8/14/2024 13:45,12.44,17.42
2113,8/14/2024 14:00,12.55,17.48
2114,8/14/2024 14:15,12.55,17.46
2115,8/14/2024 14:30,12.7,17.32
2116,8/14/2024 14:45,12.56,17.08
2117,8/14/2024 15:00,12.43,16.92
2118,8/14/2024 15:15,12.11,16.96
2119,8/14/2024 15:30,12,16.72
2120,8/14/2024 15:45,12,16.46
2121,8/14/2024 16:00,12.12,16.44
2122,8/14/2024 16:15,12.13,16.54
2123,8/14/2024 16:30,12.07,16.66
2124,8/14/2024 16:45,12.07,16.74
2125,8/14/2024 17:00,12.17,16.8
2126,8/14/2024 17:15,12.07,16.82
2127,8/14/2024 17:30,12.26,16.82
2128,8/14/2024 17:45,12.19,16.84
2129,8/14/2024 18:00,12.17,16.9
2130,8/14/2024 18:15,12.17,16.92
2131,8/14/2024 18:30,12.19,17.02
2132,8/14/2024 18:45,12.31,16.96
2133,8/14/2024 19:00,12.1,17
2134,8/14/2024 19:15,12.09,16.98
2135,8/14/2024 19:30,11.91,16.96
2136,8/14/2024 19:45,11.68,17.08
2137,8/14/2024 20:00,11.48,16.98
2138,8/14/2024 20:15,11.35,16.94
2139,8/14/2024 20:30,11.12,16.92
2140,8/14/2024 20:45,11.13,16.92
2141,8/14/2024 21:00,10.66,16.92
2142,8/14/2024 21:15,9.72,16.92
2143,8/14/2024 21:30,10,16.92
2144,8/14/2024 21:45,10.79,16.98
2145,8/14/2024 22:00,9.91,16.98
2146,8/14/2024 22:15,9.37,17
2147,8/14/2024 22:30,9.19,17
2148,8/14/2024 22:45,10.17,17.08
2149,8/14/2024 23:00,9.87,17.1
2150,8/14/2024 23:15,10.08,17.1
2151,8/14/2024 23:30,9.52,17.08
2152,8/14/2024 23:45,9.06,17.06
2153,8/15/2024 0:00,9.2,17.02
2154,8/15/2024 0:15,9.7,16.98
2155,8/15/2024 0:30,10.03,16.96
2156,8/15/2024 0:45,10.21,16.94
2157,8/15/2024 1:00,10.33,16.94
2158,8/15/2024 1:15,10.34,16.92
2159,8/15/2024 1:30,10.55,16.9
2160,8/15/2024 1:45,10.48,16.84
2161,8/15/2024 2:00,10.36,16.76
2162,8/15/2024 2:15,10.29,16.74
2163,8/15/2024 2:30,10.17,16.72
2164,8/15/2024 2:45,10.08,16.68
2165,8/15/2024 3:00,9.97,16.66
2166,8/15/2024 3:15,9.71,16.66
2167,8/15/2024 3:30,9.49,16.66
2168,8/15/2024 3:45,9.27,16.68
2169,8/15/2024 4:00,8.92,16.68
2170,8/15/2024 4:15,8.58,16.7
2171,8/15/2024 4:30,8.16,16.72
2172,8/15/2024 4:45,7.84,16.72
2173,8/15/2024 5:00,7.26,16.74
2174,8/15/2024 5:15,6.55,16.74
2175,8/15/2024 5:30,5.4,16.62
2176,8/15/2024 5:45,10.08,15.4
2177,8/15/2024 6:00,10.35,14.24
2178,8/15/2024 6:15,10.47,13.9
2179,8/15/2024 6:30,10.47,13.9
2180,8/15/2024 6:45,10.46,13.84
2181,8/15/2024 7:00,10.47,13.88
2182,8/15/2024 7:15,10.36,14.18
2183,8/15/2024 7:30,10.15,14.94
2184,8/15/2024 7:45,9.82,16.08
2185,8/15/2024 8:00,9.59,17.06
2186,8/15/2024 8:15,9.04,19.56
2187,8/15/2024 8:30,9.61,17.16
2188,8/15/2024 8:45,9.82,16.36
2189,8/15/2024 9:00,9.62,17.6
2190,8/15/2024 9:15,8.31,23.4
2191,8/15/2024 9:30,7.76,25.38
2192,8/15/2024 9:45,7.73,26.6
2193,8/15/2024 10:00,10.36,19.48
2194,8/15/2024 10:15,11.07,17.9
2195,8/15/2024 10:30,11.83,17.62
2196,8/15/2024 10:45,12.6,17.44
2197,8/15/2024 11:00,12.56,17.36
2198,8/15/2024 11:15,12.01,17.4
2199,8/15/2024 11:30,12.46,17.46
2200,8/15/2024 11:45,13.36,17.52
2201,8/15/2024 12:00,13.87,17.54
2202,8/15/2024 12:15,13.76,17.52
2203,8/15/2024 12:30,13.36,17.32
2204,8/15/2024 12:45,12.66,17.14
2205,8/15/2024 13:00,12.42,17.16
2206,8/15/2024 13:15,12.21,17.02
2207,8/15/2024 13:30,11.95,16.9
2208,8/15/2024 13:45,11.65,16.66
2209,8/15/2024 14:00,11.53,16.6
2210,8/15/2024 14:15,11.65,16.54
2211,8/15/2024 14:30,11.2,16.42
2212,8/15/2024 14:45,10.71,16.04
2213,8/15/2024 15:00,10.68,15.82
2214,8/15/2024 15:15,10.58,15.58
2215,8/15/2024 15:30,10.08,15.18
2216,8/15/2024 15:45,9.63,14.94
2217,8/15/2024 16:00,9.52,14.82
2218,8/15/2024 16:15,9.5,14.78
2219,8/15/2024 16:30,9.37,14.72
2220,8/15/2024 16:45,9.4,14.68
2221,8/15/2024 17:00,9.49,14.64
2222,8/15/2024 17:15,9.37,14.56
2223,8/15/2024 17:30,9.44,14.68
2224,8/15/2024 17:45,9.32,14.74
2225,8/15/2024 18:00,9.29,14.78
2226,8/15/2024 18:15,9.05,14.86
2227,8/15/2024 18:30,8.9,14.94
2228,8/15/2024 18:45,8.8,15.06
2229,8/15/2024 19:00,8.75,15.28
2230,8/15/2024 19:15,8.71,15.24
2231,8/15/2024 19:30,8.13,15.2
2232,8/15/2024 19:45,7.85,15.18
2233,8/15/2024 20:00,7.81,15.2
2234,8/15/2024 20:15,7.4,15.22
2235,8/15/2024 20:30,7.17,15.24
2236,8/15/2024 20:45,7.06,15.24
2237,8/15/2024 21:00,6.69,15.28
2238,8/15/2024 21:15,6.5,15.34
2239,8/15/2024 21:30,6.79,15.4
2240,8/15/2024 21:45,6.79,15.48
2241,8/15/2024 22:00,6.19,15.54
2242,8/15/2024 22:15,6.31,15.56
2243,8/15/2024 22:30,6.74,15.66
2244,8/15/2024 22:45,7.8,15.84
2245,8/15/2024 23:00,8.29,15.98
2246,8/15/2024 23:15,8.68,16.08
2247,8/15/2024 23:30,8.64,16.12
2248,8/15/2024 23:45,8.77,16.14
2249,8/16/2024 0:00,8.79,16.12
2250,8/16/2024 0:15,8.52,16.1
2251,8/16/2024 0:30,7.86,16.08
2252,8/16/2024 0:45,7.45,16.06
2253,8/16/2024 1:00,7.26,16.06
2254,8/16/2024 1:15,7.3,16.08
2255,8/16/2024 1:30,7.71,16.12
2256,8/16/2024 1:45,8.52,16.16
2257,8/16/2024 2:00,8.86,16.2
2258,8/16/2024 2:15,9.28,16.24
2259,8/16/2024 2:30,9.16,16.24
2260,8/16/2024 2:45,9.11,16.22
2261,8/16/2024 3:00,9.41,16.2
2262,8/16/2024 3:15,9.49,16.16
2263,8/16/2024 3:30,9.57,16.12
2264,8/16/2024 3:45,9.55,16.08
2265,8/16/2024 4:00,9.33,16.08
2266,8/16/2024 4:15,9.11,16.1
2267,8/16/2024 4:30,8.9,16.14
2268,8/16/2024 4:45,8.6,16.18
2269,8/16/2024 5:00,8.29,16.18
2270,8/16/2024 5:15,7.73,16.22
2271,8/16/2024 5:30,7.42,16.22
2272,8/16/2024 5:45,7.06,16.22
2273,8/16/2024 6:00,6.16,16.22
2274,8/16/2024 6:15,4.08,16
2275,8/16/2024 6:30,10.17,14.7
2276,8/16/2024 6:45,10.34,14.04
2277,8/16/2024 7:00,10.11,14.92
2278,8/16/2024 7:15,9.78,16.28
2279,8/16/2024 7:30,9.93,15.78
2280,8/16/2024 7:45,9.97,15.6
2281,8/16/2024 8:00,9.99,15.46
2282,8/16/2024 8:15,10.04,15.58
2283,8/16/2024 8:30,9.87,16.28
2284,8/16/2024 8:45,9.54,17.5
2285,8/16/2024 9:00,9.8,16.42
2286,8/16/2024 9:15,9.94,16.16
2287,8/16/2024 9:30,9.71,17.22
2288,8/16/2024 9:45,9.55,17.86
2289,8/16/2024 10:00,9.49,17.88
2290,8/16/2024 10:15,9.14,19.88
2291,8/16/2024 10:30,8.88,20.9
2292,8/16/2024 10:45,8.78,21.24
2293,8/16/2024 11:00,13.37,18.96
2294,8/16/2024 11:15,13.01,17.62
2295,8/16/2024 11:30,13.4,17.3
2296,8/16/2024 11:45,14.16,17.26
2297,8/16/2024 12:00,13.38,17.08
2298,8/16/2024 12:15,13.81,16.94
2299,8/16/2024 12:30,14.16,16.96
2300,8/16/2024 12:45,14.86,17.04
2301,8/16/2024 13:00,12.76,16.6
2302,8/16/2024 13:15,11.53,16.22
2303,8/16/2024 13:30,11.41,16
2304,8/16/2024 13:45,11.22,15.92
2305,8/16/2024 14:00,11.16,15.88
2306,8/16/2024 14:15,10.91,15.84
2307,8/16/2024 14:30,10.58,15.7
2308,8/16/2024 14:45,10.15,15.46
2309,8/16/2024 15:00,10.12,15.34
2310,8/16/2024 15:15,10.15,15.3
2311,8/16/2024 15:30,10.03,15.3
2312,8/16/2024 15:45,9.96,15.22
2313,8/16/2024 16:00,9.52,15.04
2314,8/16/2024 16:15,9.24,14.68
2315,8/16/2024 16:30,9.14,14.46
2316,8/16/2024 16:45,9.02,14.38
2317,8/16/2024 17:00,8.95,14.28
2318,8/16/2024 17:15,8.93,14.24
2319,8/16/2024 17:30,9,14.22
2320,8/16/2024 17:45,9.06,14.18
2321,8/16/2024 18:00,9.16,14.12
2322,8/16/2024 18:15,9.22,14.08
2323,8/16/2024 18:30,8.98,13.9
2324,8/16/2024 18:45,8.99,13.88
2325,8/16/2024 19:00,8.91,14.06
2326,8/16/2024 19:15,8.82,14.18
2327,8/16/2024 19:30,8.64,14.36
2328,8/16/2024 19:45,8.47,14.44
2329,8/16/2024 20:00,8.58,14.28
2330,8/16/2024 20:15,8.51,14.08
2331,8/16/2024 20:30,8.38,14.08
2332,8/16/2024 20:45,8.22,14.08
2333,8/16/2024 21:00,7.97,14.08
2334,8/16/2024 21:15,7.77,14.1
2335,8/16/2024 21:30,7.62,14.12
2336,8/16/2024 21:45,7.37,14.14
2337,8/16/2024 22:00,6.92,14.18
2338,8/16/2024 22:15,6.55,14.22
2339,8/16/2024 22:30,6.4,14.28
2340,8/16/2024 22:45,6.21,14.28
2341,8/16/2024 23:00,6.02,14.32
2342,8/16/2024 23:15,5.93,14.36
2343,8/16/2024 23:30,5.79,14.36
2344,8/16/2024 23:45,6.38,14.46
2345,8/17/2024 0:00,6.32,14.5
2346,8/17/2024 0:15,6.34,14.52
2347,8/17/2024 0:30,6.07,14.56
2348,8/17/2024 0:45,6.26,14.62
2349,8/17/2024 1:00,5.84,14.62
2350,8/17/2024 1:15,5.16,14.6
2351,8/17/2024 1:30,5.82,14.64
2352,8/17/2024 1:45,6.28,14.72
2353,8/17/2024 2:00,7.12,14.78
2354,8/17/2024 2:15,6.33,14.78
2355,8/17/2024 2:30,7.06,14.8
2356,8/17/2024 2:45,7.56,14.8
2357,8/17/2024 3:00,7.35,14.78
2358,8/17/2024 3:15,7.88,14.8
2359,8/17/2024 3:30,8.16,14.82
2360,8/17/2024 3:45,8.13,14.84
2361,8/17/2024 4:00,8.65,14.86
2362,8/17/2024 4:15,8.72,14.9
2363,8/17/2024 4:30,8.64,14.88
2364,8/17/2024 4:45,8.62,14.84
2365,8/17/2024 5:00,8.54,14.86
2366,8/17/2024 5:15,8.35,14.86
2367,8/17/2024 5:30,8.16,14.86
2368,8/17/2024 5:45,7.74,14.86
2369,8/17/2024 6:00,7.57,14.78
2370,8/17/2024 6:15,7.38,14.74
2371,8/17/2024 6:30,6.83,14.74
2372,8/17/2024 6:45,6.13,14.68
2373,8/17/2024 7:00,6.02,14.26
2374,8/17/2024 7:15,9.72,14.74
2375,8/17/2024 7:30,9.77,15.14
2376,8/17/2024 7:45,9.27,17.2
2377,8/17/2024 8:00,8.64,19.88
2378,8/17/2024 8:15,8.35,21.56
2379,8/17/2024 8:30,8.24,22.78
2380,8/17/2024 8:45,8.47,21.98
2381,8/17/2024 9:00,8.28,22.68
2382,8/17/2024 9:15,8.21,23.1
2383,8/17/2024 9:30,8.06,24.44
2384,8/17/2024 9:45,7.9,25.36
2385,8/17/2024 10:00,7.74,26.5
2386,8/17/2024 10:15,8,25.4
2387,8/17/2024 10:30,7.99,25.96
2388,8/17/2024 10:45,7.79,27.58
2389,8/17/2024 11:00,7.79,27.24
2390,8/17/2024 11:15,7.94,26.62
2391,8/17/2024 11:30,7.95,26.4
2392,8/17/2024 11:45,14.47,26.68
2393,8/17/2024 12:00,15.27,18.82
2394,8/17/2024 12:15,15.77,17.2
2395,8/17/2024 12:30,15.85,16.7
2396,8/17/2024 12:45,16.2,16.42
2397,8/17/2024 13:00,16.61,16.42
2398,8/17/2024 13:15,16.92,16.46
2399,8/17/2024 13:30,16.14,16.52
2400,8/17/2024 13:45,16.5,16.6
2401,8/17/2024 14:00,12.81,16.48
2402,8/17/2024 14:15,11.18,15.8
2403,8/17/2024 14:30,10.91,15.74
2404,8/17/2024 14:45,10.77,15.66
2405,8/17/2024 15:00,10.73,15.64
2406,8/17/2024 15:15,10.24,15.52
2407,8/17/2024 15:30,9.95,15.32
2408,8/17/2024 15:45,9.85,15.24
2409,8/17/2024 16:00,9.61,15.1
2410,8/17/2024 16:15,9.44,14.92
2411,8/17/2024 16:30,9.43,14.88
2412,8/17/2024 16:45,9.47,14.86
2413,8/17/2024 17:00,9.51,14.86
2414,8/17/2024 17:15,9.47,14.84
2415,8/17/2024 17:30,9.49,14.82
2416,8/17/2024 17:45,9.5,14.82
2417,8/17/2024 18:00,9.49,14.84
2418,8/17/2024 18:15,9.5,14.84
2419,8/17/2024 18:30,9.37,14.76
2420,8/17/2024 18:45,9.19,14.62
2421,8/17/2024 19:00,9.18,14.64
2422,8/17/2024 19:15,9.07,14.68
2423,8/17/2024 19:30,9.02,14.7
2424,8/17/2024 19:45,8.97,14.68
2425,8/17/2024 20:00,8.86,14.68
2426,8/17/2024 20:15,8.8,14.66
2427,8/17/2024 20:30,8.9,14.64
2428,8/17/2024 20:45,8.74,14.6
2429,8/17/2024 21:00,8.55,14.6
2430,8/17/2024 21:15,8.65,14.74
2431,8/17/2024 21:30,8.71,14.94
2432,8/17/2024 21:45,8.69,14.98
2433,8/17/2024 22:00,8.47,15
2434,8/17/2024 22:15,8.47,15
2435,8/17/2024 22:30,8.22,15
2436,8/17/2024 22:45,7.55,14.88
2437,8/17/2024 23:00,7.62,14.82
2438,8/17/2024 23:15,7.69,14.8
2439,8/17/2024 23:30,7.83,14.74
2440,8/17/2024 23:45,7.85,14.68
2441,8/18/2024 0:00,7.89,14.62
2442,8/18/2024 0:15,7.97,14.64
2443,8/18/2024 0:30,7.88,14.62
2444,8/18/2024 0:45,7.85,14.58
2445,8/18/2024 1:00,8,14.56
2446,8/18/2024 1:15,8.06,14.46
2447,8/18/2024 1:30,8.02,14.44
2448,8/18/2024 1:45,8.07,14.44
2449,8/18/2024 2:00,8.07,14.42
2450,8/18/2024 2:15,7.89,14.42
2451,8/18/2024 2:30,7.77,14.42
2452,8/18/2024 2:45,7.72,14.42
2453,8/18/2024 3:00,7.57,14.44
2454,8/18/2024 3:15,7.75,14.42
2455,8/18/2024 3:30,7.66,14.4
2456,8/18/2024 3:45,7.64,14.42
2457,8/18/2024 4:00,7.5,14.42
2458,8/18/2024 4:15,7.31,14.42
2459,8/18/2024 4:30,7.37,14.42
2460,8/18/2024 4:45,7.33,14.4
2461,8/18/2024 5:00,7.27,14.34
2462,8/18/2024 5:15,7.59,14.18
2463,8/18/2024 5:30,7.56,14.08
2464,8/18/2024 5:45,7.46,14.02
2465,8/18/2024 6:00,7.35,13.98
2466,8/18/2024 6:15,7.17,13.98
2467,8/18/2024 6:30,6.88,14.04
2468,8/18/2024 6:45,6.68,14.08
2469,8/18/2024 7:00,6.56,14.1
2470,8/18/2024 7:15,6.3,14.18
2471,8/18/2024 7:30,5.93,14.26
2472,8/18/2024 7:45,5.86,14.94
2473,8/18/2024 8:00,8.86,19.84
2474,8/18/2024 8:15,8.24,22.4
2475,8/18/2024 8:30,7.98,24.08
2476,8/18/2024 8:45,8.15,23.24
2477,8/18/2024 9:00,8.24,23.5
2478,8/18/2024 9:15,7.76,24.92
2479,8/18/2024 9:30,8.16,22.96
2480,8/18/2024 9:45,8.3,22.86
2481,8/18/2024 10:00,8.06,24.86
2482,8/18/2024 10:15,7.82,26.58
2483,8/18/2024 10:30,7.56,27.88
2484,8/18/2024 10:45,7.57,27.5
2485,8/18/2024 11:00,7.81,25.9
2486,8/18/2024 11:15,7.92,25.7
2487,8/18/2024 11:30,8.02,25.02
2488,8/18/2024 11:45,8.17,24.28
2489,8/18/2024 12:00,8.26,25.48
2490,8/18/2024 12:15,8.13,25.62
2491,8/18/2024 12:30,8.2,25.22
2492,8/18/2024 12:45,17,22.58
2493,8/18/2024 13:00,19.32,19.38
2494,8/18/2024 13:15,17.08,18.18
2495,8/18/2024 13:30,15.24,17.44
2496,8/18/2024 13:45,13.42,16.92
2497,8/18/2024 14:00,12.37,16.3
2498,8/18/2024 14:15,11.14,16.12
2499,8/18/2024 14:30,10.15,15.26
2500,8/18/2024 14:45,9.78,14.88
2501,8/18/2024 15:00,9.2,14.58
2502,8/18/2024 15:15,9.06,14.42
2503,8/18/2024 15:30,8.72,14.4
2504,8/18/2024 15:45,8.93,14.38
2505,8/18/2024 16:00,8.83,14.28
2506,8/18/2024 16:15,8.42,14.1
2507,8/18/2024 16:30,8.35,14.04
2508,8/18/2024 16:45,8.4,14.12
2509,8/18/2024 17:00,8.39,14.16
2510,8/18/2024 17:15,8.4,14.18
2511,8/18/2024 17:30,8.44,14.16
2512,8/18/2024 17:45,8.44,14.1
2513,8/18/2024 18:00,8.35,13.98
2514,8/18/2024 18:15,8.17,13.8
2515,8/18/2024 18:30,8.2,13.74
2516,8/18/2024 18:45,8.04,13.66
2517,8/18/2024 19:00,7.98,13.58
2518,8/18/2024 19:15,7.92,13.58
2519,8/18/2024 19:30,7.86,13.58
2520,8/18/2024 19:45,7.51,13.34
2521,8/18/2024 20:00,7.45,13.2
2522,8/18/2024 20:15,7.31,13.08
2523,8/18/2024 20:30,7.12,12.98
2524,8/18/2024 20:45,7.02,13
2525,8/18/2024 21:00,7.01,13.02
2526,8/18/2024 21:15,6.79,13.02
2527,8/18/2024 21:30,6.8,13.02
2528,8/18/2024 21:45,7.06,13.06
2529,8/18/2024 22:00,7.02,13.02
2530,8/18/2024 22:15,6.91,13.08
2531,8/18/2024 22:30,7.06,13.12
2532,8/18/2024 22:45,6.97,13.14
2533,8/18/2024 23:00,6.91,13.14
2534,8/18/2024 23:15,6.84,13.1
2535,8/18/2024 23:30,6.74,13.06
2536,8/18/2024 23:45,6.67,13.04
2537,8/19/2024 0:00,6.68,13.02
2538,8/19/2024 0:15,6.8,13.04
2539,8/19/2024 0:30,7.09,13.16
2540,8/19/2024 0:45,7.04,13.24
2541,8/19/2024 1:00,6.66,13.26
2542,8/19/2024 1:15,6.24,13.26
2543,8/19/2024 1:30,6.06,13.16
2544,8/19/2024 1:45,5.82,13.14
2545,8/19/2024 2:00,5.93,13.16
2546,8/19/2024 2:15,6.15,13.22
2547,8/19/2024 2:30,5.49,13.3
2548,8/19/2024 2:45,5.35,13.32
2549,8/19/2024 3:00,5.8,13.32
2550,8/19/2024 3:15,5.9,13.34
2551,8/19/2024 3:30,6.55,13.34
2552,8/19/2024 3:45,6.55,13.38
2553,8/19/2024 4:00,6.19,13.36
2554,8/19/2024 4:15,6.07,13.34
2555,8/19/2024 4:30,6.05,13.3
2556,8/19/2024 4:45,6.23,13.3
2557,8/19/2024 5:00,6.23,13.3
2558,8/19/2024 5:15,6.33,13.28
2559,8/19/2024 5:30,6.32,13.28
2560,8/19/2024 5:45,6.25,13.28
2561,8/19/2024 6:00,6.25,13.28
2562,8/19/2024 6:15,6.31,13.28
2563,8/19/2024 6:30,6.3,13.28
2564,8/19/2024 6:45,6.3,13.26
2565,8/19/2024 7:00,6.34,13.24
2566,8/19/2024 7:15,6.25,13.24
2567,8/19/2024 7:30,6.28,13.22
2568,8/19/2024 7:45,6.26,13.3
2569,8/19/2024 8:00,6.06,13.28
2570,8/19/2024 8:15,6.17,13.42
2571,8/19/2024 8:30,8.09,13.48
2572,8/19/2024 8:45,9.55,17
2573,8/19/2024 9:00,8.28,22.84
2574,8/19/2024 9:15,8.08,23.92
2575,8/19/2024 9:30,7.84,25.36
2576,8/19/2024 9:45,7.65,26.5
2577,8/19/2024 10:00,7.47,27.22
2578,8/19/2024 10:15,7.18,28.56
2579,8/19/2024 10:30,7.19,29.72
2580,8/19/2024 10:45,7.03,31.2
2581,8/19/2024 11:00,7.17,30.9
2582,8/19/2024 11:15,7.32,29.9
2583,8/19/2024 11:30,7.49,29.02
2584,8/19/2024 11:45,7.97,25.72
2585,8/19/2024 12:00,8.11,26.98
2586,8/19/2024 12:15,7.99,27.16
2587,8/19/2024 12:30,8.13,25.62
2588,8/19/2024 12:45,8.17,25.62
2589,8/19/2024 13:00,8.18,25.16
2590,8/19/2024 13:15,17.44,24.14
2591,8/19/2024 13:30,22.16,20.04
2592,8/19/2024 13:45,22.25,18.36
2593,8/19/2024 14:00,17.55,16.9
2594,8/19/2024 14:15,18.03,16.76
2595,8/19/2024 14:30,16.48,16.74
2596,8/19/2024 14:45,13.72,16.6
2597,8/19/2024 15:00,10.84,15.8
2598,8/19/2024 15:15,10,15.52
2599,8/19/2024 15:30,9.5,15.2
2600,8/19/2024 15:45,9.18,14.94
2601,8/19/2024 16:00,8.79,14.76
2602,8/19/2024 16:15,8.69,14.54
2603,8/19/2024 16:30,8.33,14.1
2604,8/19/2024 16:45,8.4,14.14
2605,8/19/2024 17:00,8.56,14.28
2606,8/19/2024 17:15,8.62,14.38
2607,8/19/2024 17:30,8.52,14.32
2608,8/19/2024 17:45,8.48,14.24
2609,8/19/2024 18:00,8.43,14.24
2610,8/19/2024 18:15,8.33,14.18
2611,8/19/2024 18:30,8.26,14.14
2612,8/19/2024 18:45,8.13,14.08
2613,8/19/2024 19:00,8.07,13.94
2614,8/19/2024 19:15,7.98,13.92
2615,8/19/2024 19:30,7.93,13.9
2616,8/19/2024 19:45,7.82,13.92
2617,8/19/2024 20:00,7.72,13.98
2618,8/19/2024 20:15,7.57,14.02
2619,8/19/2024 20:30,7.51,14.02
2620,8/19/2024 20:45,7.42,13.9
2621,8/19/2024 21:00,7.33,13.84
2622,8/19/2024 21:15,7.33,13.94
2623,8/19/2024 21:30,7.21,13.96
2624,8/19/2024 21:45,7.17,13.9
2625,8/19/2024 22:00,6.78,13.78
2626,8/19/2024 22:15,7.01,13.94
2627,8/19/2024 22:30,7.04,14.06
2628,8/19/2024 22:45,7.26,14.1
2629,8/19/2024 23:00,7.15,14.12
2630,8/19/2024 23:15,7.17,14.14
2631,8/19/2024 23:30,7.06,14.16
2632,8/19/2024 23:45,6.97,14.14
2633,8/20/2024 0:00,6.83,14.14
2634,8/20/2024 0:15,6.64,14.12
2635,8/20/2024 0:30,6.83,14
2636,8/20/2024 0:45,6.97,13.84
2637,8/20/2024 1:00,6.94,13.8
2638,8/20/2024 1:15,7.02,13.8
2639,8/20/2024 1:30,6.79,13.8
2640,8/20/2024 1:45,6.82,13.82
2641,8/20/2024 2:00,6.33,13.82
2642,8/20/2024 2:15,6.39,13.82
2643,8/20/2024 2:30,6.42,13.84
2644,8/20/2024 2:45,6.56,13.84
2645,8/20/2024 3:00,6.1,13.84
2646,8/20/2024 3:15,6.57,13.82
2647,8/20/2024 3:30,6.93,13.82
2648,8/20/2024 3:45,6.99,13.8
2649,8/20/2024 4:00,7.18,13.8
2650,8/20/2024 4:15,7.2,13.8
2651,8/20/2024 4:30,7.12,13.82
2652,8/20/2024 4:45,7.06,13.82
2653,8/20/2024 5:00,7.09,13.8
2654,8/20/2024 5:15,7.27,13.74
2655,8/20/2024 5:30,7.36,13.76
2656,8/20/2024 5:45,7.45,13.76
2657,8/20/2024 6:00,7.44,13.74
2658,8/20/2024 6:15,7.37,13.76
2659,8/20/2024 6:30,7.35,13.74
2660,8/20/2024 6:45,7.28,13.76
2661,8/20/2024 7:00,7.06,13.78
2662,8/20/2024 7:15,6.83,13.8
2663,8/20/2024 7:30,7.11,13.82
2664,8/20/2024 7:45,6.91,13.84
2665,8/20/2024 8:00,6.58,13.92
2666,8/20/2024 8:15,6.41,13.96
2667,8/20/2024 8:30,6.39,14
2668,8/20/2024 8:45,6.16,14.12
2669,8/20/2024 9:00,6.7,14.34
2670,8/20/2024 9:15,7.88,14.66
2671,8/20/2024 9:30,7.44,15.02
2672,8/20/2024 9:45,9.93,15.52
2673,8/20/2024 10:00,10.06,15.48
2674,8/20/2024 10:15,9.99,15.72
2675,8/20/2024 10:30,9.93,16.16
2676,8/20/2024 10:45,9.71,17.08
2677,8/20/2024 11:00,9.72,17.1
2678,8/20/2024 11:15,9.84,16.8
2679,8/20/2024 11:30,9.81,17.04
2680,8/20/2024 11:45,9.68,17.5
2681,8/20/2024 12:00,9.54,17.9
2682,8/20/2024 12:15,9.5,18.04
2683,8/20/2024 12:30,9.47,18.08
2684,8/20/2024 12:45,9.41,18.52
